user_hash,dish_name,interaction_count,avg_rating
U0000,Et Sote,3,3.8
U0000,Yayla Çorbası,1,3.9
U0000,Karnıyarık,15,4.8
U0000,Mercimek Çorbası,9,4.1
U0000,Su Böreği,13,4.2
U0001,Tas Kebabı,1,3.8
U0001,Tarhana Çorbası,8,4.9
U0001,İskender Kebap,5,4.6
U0001,Mantar Çorbası,9,4.9
U0001,Orman Kebabı,2,4.6
U0001,Çoban Salata,14,4.6
U0001,Baklava,4,3.1
U0001,Kazandibi,13,3.6
U0001,Piliç Topkapı,1,4.8
U0001,Zeytinyağlı Taze Fasulye,5,5.0
U0001,Tavukgöğsü,15,3.4
U0001,Zeytinyağlı Sarma,1,4.8
U0001,Patates Salatası,12,4.8
U0002,Et Döner,15,4.1
U0002,Kadınbudu Köfte,2,3.9
U0002,Orman Kebabı,3,3.6
U0002,Yayla Çorbası,14,4.5
U0002,Güllaç,13,3.3
U0002,Mercimek Köftesi,1,4.9
U0002,Ton Balıklı Salata,15,4.9
U0003,Bulgur Pilavı,6,4.9
U0003,İskender Kebap,12,4.0
U0003,İmambayıldı,2,4.7
U0003,İrmik Helvası,5,3.7
U0003,Tavukgöğsü,15,4.3
U0003,Pirinç Pilavı,4,3.5
U0004,Mercimek Çorbası,8,4.1
U0004,Zeytinyağlı Enginar,8,4.6
U0004,Düğün Çorbası,3,4.8
U0004,Sezar Salata,13,3.4
U0004,İrmik Helvası,14,4.0
U0005,Mantar Çorbası,7,3.3
U0005,Pirinç Pilavı,3,4.9
U0005,Mevsim Salata,11,3.7
U0005,Ton Balıklı Salata,14,4.3
U0005,Makarna,2,4.7
U0005,Revani,10,4.3
U0005,Sigara Böreği,3,4.7
U0005,Kazandibi,12,3.1
U0005,Tarhana Çorbası,11,5.0
U0006,Kemalpaşa,14,3.4
U0006,Mantar Çorbası,2,3.1
U0006,Köfte,1,4.4
U0006,Hamsi Tava,14,4.3
U0006,Tavuk Sote,7,3.2
U0007,Mantar Çorbası,14,3.4
U0007,Patates Püresi,1,4.2
U0007,İskender Kebap,4,4.4
U0007,Sütlaç,15,3.3
U0007,Karnıyarık,3,3.6
U0007,Kazandibi,15,4.0
U0007,Bulgur Pilavı,10,3.4
U0007,Kemalpaşa,8,3.9
U0007,Sigara Böreği,7,4.9
U0007,Baklava,8,4.9
U0007,Tavuk Döner,1,4.9
U0007,Sebze Graten,4,4.0
U0007,Pırasa Yemeği,13,4.7
U0007,Makarna,1,4.4
U0007,Kuru Fasulye,11,4.4
U0008,İskender Kebap,10,3.2
U0008,Zeytinyağlı Sarma,5,4.4
U0008,Patates Püresi,13,4.8
U0008,Izgara Balık,2,3.4
U0008,Ton Balıklı Salata,15,3.3
U0008,Kadınbudu Köfte,13,4.2
U0008,Sütlaç,11,3.6
U0008,Ispanak Yemeği,4,3.2
U0008,Tavuk Döner,12,3.6
U0008,Tas Kebabı,7,4.2
U0008,Rus Salatası,13,4.8
U0009,Orman Kebabı,15,4.9
U0009,Tavukgöğsü,4,4.9
U0009,Gavurdağı Salata,5,3.0
U0009,Bulgur Pilavı,2,4.1
U0009,İrmik Helvası,1,3.2
U0009,Mevsim Salata,8,3.2
U0010,Kuru Fasulye,3,4.3
U0010,Sezar Salata,14,4.8
U0010,Mercimek Çorbası,13,3.1
U0010,Tavuk Şiş,15,4.6
U0010,Patates Püresi,8,4.0
U0010,Yayla Çorbası,6,4.5
U0010,Aşure,11,4.3
U0010,Ton Balıklı Salata,3,4.3
U0010,Kadınbudu Köfte,15,4.5
U0010,Ispanak Yemeği,14,4.3
U0010,Nohut,2,4.7
U0010,Mercimek Köftesi,10,3.3
U0011,Orman Kebabı,9,4.0
U0011,Mercimek Çorbası,6,4.2
U0011,Rus Salatası,7,3.3
U0011,Pırasa Yemeği,13,3.8
U0011,Kemalpaşa,14,4.9
U0011,Sebze Graten,4,4.1
U0011,Revani,13,3.8
U0011,Tavuk Döner,8,3.4
U0011,Fırın Tavuk,5,4.6
U0012,Köfte,14,3.3
U0012,Aşure,11,4.1
U0012,Sebze Graten,3,3.7
U0012,Kemalpaşa,11,4.3
U0012,İmambayıldı,10,4.6
U0012,Mercimek Köftesi,7,3.4
U0012,Ezogelin Çorbası,2,4.8
U0012,Yayla Çorbası,5,3.2
U0012,Tavuk Suyu Çorbası,8,4.0
U0012,Patates Kızartması,11,4.2
U0012,Tas Kebabı,14,3.9
U0012,Et Döner,15,3.9
U0012,Profiterol,2,3.6
U0012,Tavuk Döner,11,3.7
U0012,Zeytinyağlı Taze Fasulye,6,4.3
U0012,Sigara Böreği,11,4.5
U0012,Tavukgöğsü,11,4.1
U0012,Domates Çorbası,2,4.7
U0012,Pirinç Pilavı,14,4.7
U0013,Tavukgöğsü,13,4.0
U0013,Tas Kebabı,11,3.3
U0013,Sebze Graten,13,3.4
U0013,Pirinç Pilavı,5,4.7
U0013,Domates Çorbası,10,3.8
U0013,Sütlaç,10,4.5
U0013,Tavuk Suyu Çorbası,10,3.4
U0013,Mercimek Köftesi,14,4.2
U0013,Köfte,3,3.6
U0014,Pırasa Yemeği,14,3.6
U0014,Çoban Salata,8,3.1
U0014,Makarna,1,3.6
U0014,Patates Püresi,15,3.8
U0014,Nohut,7,4.2
U0014,Zeytinyağlı Enginar,15,3.9
U0014,Et Döner,1,3.9
U0014,Mantar Çorbası,12,3.2
U0015,Tavuk Sote,5,4.6
U0015,Tavuk Suyu Çorbası,14,4.0
U0015,Fırın Tavuk,1,4.6
U0015,İskender Kebap,10,3.3
U0015,İmambayıldı,8,3.1
U0015,Tas Kebabı,2,4.2
U0015,Piliç Topkapı,1,3.4
U0015,Tavukgöğsü,13,4.0
U0015,İrmik Helvası,8,4.5
U0015,Kazandibi,1,4.6
U0015,Karnıyarık,6,4.3
U0015,Tavuk Döner,10,3.4
U0015,Tarhana Çorbası,7,3.0
U0015,Mercimek Köftesi,13,3.2
U0015,Kadınbudu Köfte,12,3.4
U0015,Kemalpaşa,13,5.0
U0016,Et Sote,3,4.7
U0016,Mevsim Salata,13,4.8
U0016,Baklava,7,4.7
U0016,Zeytinyağlı Sarma,12,4.7
U0016,Çoban Salata,4,3.1
U0016,Rus Salatası,15,4.5
U0017,Aşure,12,3.8
U0017,Hamsi Tava,14,3.4
U0017,Zeytinyağlı Sarma,13,3.8
U0017,Tavuk Sote,14,3.1
U0017,Mercimek Köftesi,4,3.6
U0017,Ton Balıklı Salata,14,4.1
U0018,İskender Kebap,13,4.3
U0018,Çoban Salata,14,4.4
U0018,Baklava,13,4.6
U0018,Revani,1,3.5
U0018,Mercimek Köftesi,2,4.0
U0018,Tavuk Sote,2,3.8
U0018,Patates Püresi,4,3.5
U0018,Piliç Topkapı,11,4.8
U0018,Su Böreği,3,3.6
U0018,Ispanak Yemeği,4,3.2
U0019,Tavuk Şiş,15,3.8
U0019,Makarna,13,3.0
U0019,Kemalpaşa,7,3.7
U0019,Piliç Topkapı,14,4.8
U0019,Köfte,10,3.9
U0019,Revani,14,4.6
U0019,Ton Balıklı Salata,12,3.7
U0019,Fırın Tavuk,7,3.4
U0019,Tas Kebabı,11,3.1
U0019,Düğün Çorbası,13,4.9
U0020,Izgara Balık,14,3.2
U0020,Sigara Böreği,5,3.8
U0020,Ispanak Yemeği,3,4.0
U0020,Tavuk Döner,14,4.7
U0020,İrmik Helvası,6,4.7
U0020,Yayla Çorbası,9,3.9
U0020,Bulgur Pilavı,4,4.2
U0020,Mevsim Salata,4,5.0
U0020,Sezar Salata,9,4.2
U0020,Mantar Çorbası,4,4.5
U0020,Et Sote,4,3.0
U0021,Profiterol,13,4.8
U0021,Tavuk Suyu Çorbası,9,4.2
U0021,Sütlaç,11,4.6
U0021,Ton Balıklı Salata,10,3.2
U0021,Rus Salatası,2,5.0
U0021,Domates Çorbası,2,3.5
U0021,Makarna,4,3.1
U0021,Ispanak Yemeği,10,4.0
U0021,Mercimek Köftesi,9,3.1
U0021,İmambayıldı,4,4.0
U0021,Et Sote,11,3.4
U0021,Sigara Böreği,10,4.8
U0021,Tavuk Şiş,13,4.2
U0022,Yayla Çorbası,2,4.8
U0022,Zeytinyağlı Taze Fasulye,15,3.8
U0022,Ezogelin Çorbası,3,4.0
U0022,Patates Kızartması,12,3.7
U0022,Pirinç Pilavı,12,3.2
U0022,Fırın Tavuk,3,3.7
U0022,Gavurdağı Salata,12,4.3
U0022,Rus Salatası,6,3.1
U0022,Mevsim Salata,9,3.8
U0022,Revani,3,4.6
U0022,Hamsi Tava,10,4.9
U0022,Patates Salatası,13,4.7
U0022,Karnıyarık,13,4.6
U0022,Köfte,8,4.0
U0022,Baklava,8,3.9
U0022,Sütlaç,7,4.2
U0022,Tavuk Sote,6,3.8
U0023,İmambayıldı,9,4.9
U0023,Domates Çorbası,10,4.8
U0023,Ezogelin Çorbası,11,4.6
U0023,Zeytinyağlı Sarma,10,3.5
U0023,Mantar Çorbası,8,4.3
U0023,Makarna,8,3.3
U0023,Sigara Böreği,9,3.7
U0023,Kuru Fasulye,12,4.8
U0023,Düğün Çorbası,13,3.5
U0023,Karnıyarık,5,4.7
U0023,Mercimek Köftesi,8,4.3
U0023,Tavuk Suyu Çorbası,11,4.5
U0023,Güllaç,13,3.7
U0023,Patates Kızartması,1,4.1
U0023,Tas Kebabı,1,4.7
U0024,Su Böreği,12,4.1
U0024,Tarhana Çorbası,5,3.6
U0024,İrmik Helvası,5,4.9
U0024,Patates Kızartması,5,4.0
U0024,Tavuk Sote,8,4.1
U0024,Aşure,7,4.0
U0024,Zeytinyağlı Enginar,8,3.5
U0024,Et Sote,6,3.4
U0024,Hamsi Tava,2,4.9
U0024,İmambayıldı,12,4.4
U0024,Zeytinyağlı Taze Fasulye,5,4.2
U0024,Tas Kebabı,11,3.0
U0024,Mercimek Çorbası,11,3.1
U0024,Pirinç Pilavı,13,3.3
U0024,Güllaç,13,3.9
U0024,Tavuk Şiş,8,3.1
U0024,Gavurdağı Salata,9,4.4
U0025,Izgara Balık,6,4.9
U0025,Kadınbudu Köfte,10,3.4
U0025,Çoban Salata,3,3.4
U0025,Pırasa Yemeği,1,4.1
U0025,Mercimek Köftesi,14,3.3
U0026,Baklava,12,4.5
U0026,Patates Salatası,10,3.2
U0026,Fırın Tavuk,12,4.5
U0026,Sigara Böreği,11,3.8
U0026,Patates Kızartması,10,4.0
U0026,Sezar Salata,13,3.9
U0026,Karnıyarık,5,3.2
U0026,Tavukgöğsü,12,4.4
U0026,Köfte,3,3.2
U0026,Pirinç Pilavı,14,3.6
U0026,Kuru Fasulye,13,4.1
U0026,Rus Salatası,4,4.7
U0026,Düğün Çorbası,5,3.9
U0026,Aşure,6,4.7
U0026,Su Böreği,3,3.3
U0026,Ispanak Yemeği,9,3.3
U0027,Patates Püresi,15,4.7
U0027,Zeytinyağlı Sarma,10,4.6
U0027,Düğün Çorbası,1,4.8
U0027,İrmik Helvası,3,4.0
U0027,Kuru Fasulye,4,5.0
U0027,Piliç Topkapı,11,3.7
U0028,Pırasa Yemeği,8,4.9
U0028,Sebze Graten,11,4.4
U0028,Profiterol,9,4.8
U0028,Karnıyarık,11,4.0
U0028,Mercimek Köftesi,14,3.6
U0028,Bulgur Pilavı,13,4.8
U0029,Kadınbudu Köfte,8,4.7
U0029,Mantar Çorbası,10,4.4
U0029,Zeytinyağlı Taze Fasulye,4,4.1
U0029,Sigara Böreği,11,3.3
U0029,Rus Salatası,14,3.1
U0029,Domates Çorbası,7,4.7
U0029,Mercimek Köftesi,8,4.8
U0029,Piliç Topkapı,1,3.2
U0029,Ezogelin Çorbası,4,4.3
U0029,İmambayıldı,15,4.0
U0029,Bulgur Pilavı,2,4.4
U0029,Zeytinyağlı Enginar,1,3.2
U0029,Tavuk Döner,10,3.3
U0029,Pırasa Yemeği,15,5.0
U0029,Orman Kebabı,9,4.7
U0030,Domates Çorbası,2,3.2
U0030,Tavuk Sote,11,3.0
U0030,Tavuk Şiş,15,3.3
U0030,Makarna,11,3.7
U0030,Aşure,10,3.9
U0030,Izgara Balık,9,4.7
U0031,Su Böreği,1,4.5
U0031,Et Sote,12,3.8
U0031,Tas Kebabı,3,4.8
U0031,Mercimek Köftesi,6,4.9
U0031,Köfte,7,4.9
U0031,Düğün Çorbası,1,4.6
U0031,İrmik Helvası,6,3.3
U0031,Orman Kebabı,12,4.7
U0031,Ezogelin Çorbası,14,4.4
U0031,Revani,2,4.0
U0031,Kazandibi,6,3.5
U0031,Mevsim Salata,13,4.4
U0031,Hamsi Tava,1,3.7
U0031,Nohut,15,3.1
U0032,Mantar Çorbası,3,5.0
U0032,Kuru Fasulye,4,3.2
U0032,Revani,3,4.1
U0032,Güllaç,6,3.4
U0032,Kazandibi,14,4.5
U0032,Tas Kebabı,5,3.7
U0032,Izgara Balık,5,4.2
U0032,Su Böreği,13,3.2
U0032,İmambayıldı,14,3.4
U0032,Tavuk Şiş,12,5.0
U0032,Domates Çorbası,12,3.7
U0032,Et Döner,11,4.1
U0032,Makarna,12,3.1
U0033,Et Sote,7,3.6
U0033,Zeytinyağlı Enginar,7,3.3
U0033,Mevsim Salata,6,3.3
U0033,Patates Püresi,7,4.9
U0033,Fırın Tavuk,11,4.7
U0033,Sütlaç,10,3.2
U0033,Tavuk Suyu Çorbası,3,4.3
U0033,Ton Balıklı Salata,8,4.2
U0033,Tavuk Döner,8,4.2
U0033,Tavukgöğsü,12,4.2
U0033,Sebze Graten,7,4.1
U0033,Makarna,7,4.6
U0033,Tarhana Çorbası,3,3.9
U0033,Sezar Salata,12,4.3
U0033,Pirinç Pilavı,1,3.9
U0033,Aşure,12,3.3
U0033,Güllaç,10,3.8
U0033,Patates Salatası,14,4.4
U0033,Nohut,6,3.2
U0033,Profiterol,6,4.2
U0034,Mevsim Salata,9,3.5
U0034,Sezar Salata,9,4.9
U0034,Hamsi Tava,4,4.3
U0034,Et Döner,11,3.0
U0034,Tavukgöğsü,12,3.4
U0034,İrmik Helvası,5,3.3
U0034,Kuru Fasulye,12,3.3
U0034,Ezogelin Çorbası,14,4.7
U0034,Pirinç Pilavı,13,5.0
U0034,Mercimek Çorbası,7,4.9
U0034,Et Sote,13,4.1
U0035,Et Sote,15,4.0
U0035,Tavuk Şiş,12,4.8
U0035,Su Böreği,11,4.8
U0035,Ton Balıklı Salata,12,4.1
U0035,Mercimek Köftesi,5,3.2
U0035,İmambayıldı,11,3.4
U0035,Tavukgöğsü,8,4.6
U0035,Tavuk Suyu Çorbası,5,4.1
U0035,Baklava,1,4.4
U0035,Pırasa Yemeği,14,4.4
U0035,Ispanak Yemeği,10,3.4
U0036,Karnıyarık,11,4.0
U0036,Zeytinyağlı Sarma,14,3.8
U0036,Mercimek Çorbası,11,4.5
U0036,Rus Salatası,6,4.9
U0036,Sütlaç,9,3.2
U0036,İmambayıldı,6,3.0
U0036,Izgara Balık,15,4.1
U0036,Patates Kızartması,1,3.0
U0036,Sezar Salata,1,4.9
U0036,Profiterol,11,3.7
U0036,Tavuk Sote,3,4.5
U0036,Et Sote,9,3.1
U0036,Tavuk Döner,4,4.2
U0036,Et Döner,12,3.5
U0036,Patates Püresi,6,4.7
U0036,Zeytinyağlı Enginar,4,4.3
U0036,Zeytinyağlı Taze Fasulye,6,4.0
U0036,Gavurdağı Salata,14,4.1
U0036,Kadınbudu Köfte,12,3.2
U0036,Makarna,1,4.0
U0037,Orman Kebabı,14,4.2
U0037,Pirinç Pilavı,11,3.5
U0037,Sezar Salata,7,3.7
U0037,İmambayıldı,9,4.1
U0037,Bulgur Pilavı,3,3.5
U0037,Domates Çorbası,6,5.0
U0037,Patates Kızartması,7,4.0
U0037,Izgara Balık,7,4.2
U0038,Mevsim Salata,15,4.9
U0038,Izgara Balık,3,4.7
U0038,Çoban Salata,8,4.1
U0038,Sebze Graten,14,4.6
U0038,Baklava,4,4.0
U0038,Ton Balıklı Salata,9,4.2
U0038,Yayla Çorbası,12,3.4
U0039,Aşure,12,3.6
U0039,Pirinç Pilavı,4,4.0
U0039,Ispanak Yemeği,9,3.8
U0039,Köfte,12,3.3
U0039,Zeytinyağlı Taze Fasulye,9,3.1
U0040,Izgara Balık,5,3.4
U0040,Köfte,1,5.0
U0040,Tavukgöğsü,11,3.7
U0040,İrmik Helvası,4,3.9
U0040,Tarhana Çorbası,4,4.5
U0040,Aşure,6,4.0
U0040,Nohut,15,4.6
U0040,Karnıyarık,5,3.2
U0040,Orman Kebabı,5,4.7
U0040,İskender Kebap,2,4.4
U0040,Mercimek Köftesi,15,4.4
U0040,Revani,9,4.6
U0040,Kadınbudu Köfte,7,3.9
U0041,Et Döner,4,3.7
U0041,Tavuk Şiş,3,4.4
U0041,Çoban Salata,3,3.5
U0041,Orman Kebabı,5,3.4
U0041,Piliç Topkapı,1,3.7
U0041,Kuru Fasulye,6,3.6
U0041,Zeytinyağlı Taze Fasulye,2,3.5
U0041,Karnıyarık,4,3.3
U0041,Patates Salatası,2,4.8
U0041,Yayla Çorbası,5,4.9
U0041,Ezogelin Çorbası,7,3.7
U0041,Kemalpaşa,14,4.2
U0041,Tavuk Sote,6,4.5
U0041,Sigara Böreği,10,3.7
U0041,Bulgur Pilavı,1,3.7
U0041,Baklava,14,4.5
U0041,İrmik Helvası,11,3.7
U0042,Patates Kızartması,14,3.4
U0042,Pırasa Yemeği,3,4.5
U0042,Sebze Graten,5,4.1
U0042,Makarna,6,4.9
U0042,Köfte,12,3.4
U0042,Ispanak Yemeği,4,3.3
U0042,Aşure,15,4.9
U0042,Kadınbudu Köfte,12,3.5
U0043,Zeytinyağlı Enginar,12,4.5
U0043,Mevsim Salata,2,3.7
U0043,Domates Çorbası,15,3.1
U0043,Sezar Salata,2,3.6
U0043,Tarhana Çorbası,13,4.8
U0043,Mantar Çorbası,12,4.2
U0043,Karnıyarık,1,4.8
U0044,Patates Salatası,2,3.5
U0044,Tarhana Çorbası,7,3.4
U0044,Mercimek Köftesi,1,3.5
U0044,Makarna,3,4.9
U0044,Kemalpaşa,7,3.0
U0044,Zeytinyağlı Enginar,10,3.2
U0044,Kadınbudu Köfte,7,4.0
U0045,Profiterol,14,4.8
U0045,Aşure,13,4.9
U0045,Köfte,10,3.8
U0045,Kazandibi,2,4.4
U0045,Fırın Tavuk,8,4.0
U0046,Hamsi Tava,8,3.4
U0046,İmambayıldı,2,3.3
U0046,Nohut,3,3.8
U0046,Kazandibi,6,4.1
U0046,Tas Kebabı,6,4.0
U0046,Sütlaç,4,3.0
U0046,Kadınbudu Köfte,1,3.5
U0047,İrmik Helvası,14,3.6
U0047,Yayla Çorbası,7,3.7
U0047,Tas Kebabı,14,4.9
U0047,Tavukgöğsü,11,3.3
U0047,Kuru Fasulye,2,4.1
U0047,Mantar Çorbası,9,3.5
U0047,Izgara Balık,8,3.6
U0048,İmambayıldı,8,3.2
U0048,Izgara Balık,2,3.7
U0048,Domates Çorbası,13,4.4
U0048,Tavuk Döner,8,3.9
U0048,Ezogelin Çorbası,5,4.1
U0048,Köfte,1,4.3
U0048,Ton Balıklı Salata,4,4.1
U0048,Tavukgöğsü,4,3.9
U0048,Zeytinyağlı Taze Fasulye,15,4.1
U0048,Orman Kebabı,4,3.8
U0048,Profiterol,10,4.4
U0048,Pırasa Yemeği,12,3.5
U0048,Pirinç Pilavı,7,4.7
U0048,Hamsi Tava,1,3.1
U0048,Et Döner,6,3.7
U0048,Güllaç,6,3.9
U0048,Zeytinyağlı Enginar,8,3.3
U0048,Mevsim Salata,11,4.7
U0048,Sebze Graten,1,5.0
U0048,Revani,5,4.5
U0049,Patates Püresi,14,3.6
U0049,Zeytinyağlı Taze Fasulye,7,4.6
U0049,Sütlaç,6,3.2
U0049,Kemalpaşa,12,3.1
U0049,Çoban Salata,4,3.2
U0049,Sigara Böreği,15,3.9
U0049,Güllaç,11,4.2
U0049,Sezar Salata,10,4.0
U0049,Patates Kızartması,15,3.6
U0049,Et Sote,8,4.0
U0049,Zeytinyağlı Enginar,2,4.9
U0049,Tavuk Döner,14,3.7
U0049,Mevsim Salata,8,3.3
U0049,Tas Kebabı,6,3.9
U0049,Mercimek Köftesi,11,4.5
U0050,Tarhana Çorbası,3,3.8
U0050,Rus Salatası,6,4.5
U0050,Zeytinyağlı Enginar,4,3.4
U0050,Gavurdağı Salata,15,4.9
U0050,Güllaç,15,3.1
U0050,Et Döner,7,4.4
U0050,Patates Salatası,1,4.5
U0051,Patates Kızartması,1,4.7
U0051,Sebze Graten,11,3.3
U0051,İskender Kebap,1,4.3
U0051,İmambayıldı,8,3.1
U0051,Tarhana Çorbası,9,4.0
U0051,Kuru Fasulye,2,3.4
U0051,Makarna,4,4.6
U0051,Patates Püresi,2,4.1
U0051,Zeytinyağlı Enginar,13,3.4
U0052,Tarhana Çorbası,11,4.8
U0052,Tavuk Suyu Çorbası,2,4.3
U0052,Rus Salatası,14,4.3
U0052,Sebze Graten,12,3.0
U0052,Et Döner,9,4.0
U0052,Orman Kebabı,4,3.3
U0052,Mercimek Çorbası,15,5.0
U0052,İrmik Helvası,6,4.3
U0052,Güllaç,2,4.5
U0052,Pırasa Yemeği,14,3.5
U0052,Baklava,10,4.2
U0052,Kemalpaşa,4,3.3
U0052,Mevsim Salata,13,3.7
U0052,Pirinç Pilavı,4,3.5
U0052,Kadınbudu Köfte,8,3.1
U0053,Hamsi Tava,8,4.0
U0053,Tavuk Döner,1,3.2
U0053,Profiterol,15,4.6
U0053,Tavukgöğsü,14,3.1
U0053,Et Sote,12,3.5
U0053,Et Döner,14,3.2
U0053,Pirinç Pilavı,14,4.5
U0053,Sebze Graten,13,4.8
U0053,Aşure,4,4.7
U0053,Mevsim Salata,4,3.4
U0054,Bulgur Pilavı,7,4.3
U0054,Kemalpaşa,3,3.4
U0054,Patates Salatası,9,3.1
U0054,Gavurdağı Salata,9,3.1
U0054,Aşure,11,3.5
U0054,Zeytinyağlı Taze Fasulye,6,3.2
U0054,Pirinç Pilavı,4,3.6
U0054,Kazandibi,5,4.1
U0054,Patates Kızartması,4,4.5
U0055,Su Böreği,12,3.6
U0055,Kemalpaşa,12,3.1
U0055,Et Sote,15,4.8
U0055,Tavuk Sote,2,4.6
U0055,Tas Kebabı,12,4.4
U0055,Mercimek Çorbası,2,4.5
U0055,Gavurdağı Salata,3,4.7
U0055,Rus Salatası,7,4.2
U0055,Sezar Salata,9,4.4
U0055,Patates Kızartması,5,3.6
U0055,Nohut,1,4.0
U0055,Profiterol,9,3.8
U0055,Kuru Fasulye,5,4.2
U0056,Kemalpaşa,9,3.9
U0056,Yayla Çorbası,15,4.5
U0056,Profiterol,2,4.5
U0056,Pirinç Pilavı,1,3.7
U0056,Sezar Salata,13,3.6
U0056,Mantar Çorbası,1,4.2
U0056,Tarhana Çorbası,10,3.1
U0056,Zeytinyağlı Taze Fasulye,5,4.5
U0056,Tavuk Sote,7,3.8
U0056,Su Böreği,1,3.8
U0056,Mercimek Köftesi,9,3.9
U0056,Tavuk Şiş,12,3.4
U0056,Nohut,14,3.6
U0056,Kazandibi,12,3.3
U0056,Patates Salatası,3,4.5
U0056,Et Sote,10,4.8
U0056,Bulgur Pilavı,2,5.0
U0056,Izgara Balık,3,4.3
U0056,Tas Kebabı,4,3.7
U0057,İrmik Helvası,4,3.2
U0057,Zeytinyağlı Taze Fasulye,1,3.1
U0057,Hamsi Tava,2,3.1
U0057,Fırın Tavuk,5,3.6
U0057,Kadınbudu Köfte,2,3.3
U0057,Sütlaç,15,4.8
U0057,Düğün Çorbası,8,4.6
U0057,Piliç Topkapı,14,4.4
U0058,Tavuk Şiş,11,3.8
U0058,Sezar Salata,11,3.1
U0058,İmambayıldı,2,4.3
U0058,Pırasa Yemeği,13,4.4
U0058,Tavuk Sote,6,4.0
U0058,Kadınbudu Köfte,7,4.9
U0058,Rus Salatası,14,4.1
U0058,Pirinç Pilavı,11,3.2
U0058,Zeytinyağlı Sarma,6,4.0
U0058,Profiterol,3,4.8
U0058,Zeytinyağlı Enginar,7,3.1
U0058,Tas Kebabı,3,4.8
U0058,Patates Kızartması,9,3.2
U0058,Mercimek Çorbası,15,3.6
U0058,Et Sote,8,3.1
U0058,Baklava,2,3.7
U0058,Sebze Graten,3,3.3
U0058,Domates Çorbası,1,3.8
U0058,Revani,2,4.4
U0058,İrmik Helvası,7,3.0
U0059,Yayla Çorbası,6,4.5
U0059,Kadınbudu Köfte,13,3.8
U0059,Ton Balıklı Salata,13,4.5
U0059,Nohut,6,3.9
U0059,Fırın Tavuk,1,3.0
U0059,Tavuk Sote,12,3.9
U0059,Aşure,12,4.3
U0059,Sezar Salata,15,4.7
U0059,Patates Püresi,10,4.4
U0059,Patates Salatası,4,3.4
U0059,Tarhana Çorbası,9,4.0
U0059,Sütlaç,14,3.5
U0059,Mercimek Çorbası,3,3.6
U0059,Zeytinyağlı Taze Fasulye,9,3.3
U0060,Tavuk Sote,6,3.7
U0060,Yayla Çorbası,5,4.1
U0060,Mevsim Salata,3,4.1
U0060,Çoban Salata,9,3.6
U0060,Kuru Fasulye,4,4.2
U0060,Tavuk Suyu Çorbası,14,3.9
U0060,Tavukgöğsü,11,4.5
U0060,İskender Kebap,10,4.6
U0060,Kemalpaşa,11,3.4
U0060,Patates Püresi,6,4.8
U0060,Bulgur Pilavı,10,3.8
U0060,Orman Kebabı,5,3.1
U0060,İrmik Helvası,10,4.8
U0060,Ezogelin Çorbası,12,4.3
U0060,Sigara Böreği,14,3.7
U0061,Tavuk Sote,5,3.1
U0061,Mercimek Köftesi,3,3.5
U0061,Profiterol,6,3.3
U0061,İrmik Helvası,2,4.2
U0061,Et Sote,4,4.9
U0062,Ton Balıklı Salata,5,3.7
U0062,Güllaç,15,4.6
U0062,Tas Kebabı,2,4.6
U0062,Fırın Tavuk,1,4.5
U0062,Tavuk Sote,15,3.5
U0062,Köfte,6,4.4
U0062,Izgara Balık,3,3.2
U0062,Et Sote,9,4.4
U0062,Karnıyarık,9,3.6
U0062,Zeytinyağlı Enginar,10,3.6
U0062,Rus Salatası,6,3.0
U0062,Ispanak Yemeği,15,4.1
U0062,Gavurdağı Salata,14,3.9
U0062,Nohut,13,4.6
U0062,Bulgur Pilavı,12,3.7
U0062,İskender Kebap,9,4.4
U0062,Mantar Çorbası,12,3.3
U0062,İrmik Helvası,14,5.0
U0063,Pırasa Yemeği,8,4.0
U0063,İskender Kebap,5,4.2
U0063,Pirinç Pilavı,8,4.3
U0063,Mercimek Köftesi,2,4.1
U0063,Rus Salatası,15,4.5
U0063,Ezogelin Çorbası,15,3.7
U0063,Kuru Fasulye,14,4.2
U0063,Mevsim Salata,12,3.6
U0063,Et Döner,12,4.5
U0063,Patates Püresi,5,4.0
U0063,Yayla Çorbası,4,4.9
U0063,Fırın Tavuk,10,4.0
U0063,Sebze Graten,9,3.8
U0064,Kazandibi,7,3.7
U0064,Köfte,12,3.7
U0064,Zeytinyağlı Taze Fasulye,6,5.0
U0064,Sigara Böreği,3,4.3
U0064,Düğün Çorbası,4,3.2
U0064,Pırasa Yemeği,9,4.7
U0064,İmambayıldı,9,4.2
U0064,Mercimek Köftesi,5,4.5
U0064,Izgara Balık,9,4.8
U0064,Aşure,5,3.8
U0064,Ezogelin Çorbası,6,4.8
U0064,Patates Püresi,2,4.3
U0064,Tarhana Çorbası,10,3.9
U0064,Kuru Fasulye,10,4.5
U0064,Nohut,8,3.2
U0064,Baklava,13,3.4
U0064,Çoban Salata,7,3.9
U0064,Hamsi Tava,12,3.0
U0064,Yayla Çorbası,1,3.5
U0065,Tavuk Suyu Çorbası,11,4.0
U0065,Domates Çorbası,5,3.8
U0065,Sezar Salata,1,4.8
U0065,Sütlaç,2,4.8
U0065,Tavuk Şiş,8,4.5
U0065,Kazandibi,6,3.7
U0065,Tavuk Sote,4,4.6
U0065,Çoban Salata,1,3.8
U0065,Bulgur Pilavı,7,3.7
U0065,Baklava,7,3.5
U0065,Patates Püresi,6,4.0
U0065,Rus Salatası,1,4.7
U0065,Tas Kebabı,5,3.9
U0065,İmambayıldı,7,4.1
U0065,Hamsi Tava,13,4.7
U0065,Et Döner,10,3.3
U0066,Güllaç,10,4.6
U0066,Zeytinyağlı Sarma,11,3.3
U0066,Piliç Topkapı,5,3.7
U0066,İskender Kebap,15,4.8
U0066,Yayla Çorbası,8,4.2
U0066,Kemalpaşa,11,4.1
U0066,Rus Salatası,9,3.8
U0066,Pirinç Pilavı,12,4.9
U0066,Mercimek Çorbası,15,4.4
U0066,Zeytinyağlı Taze Fasulye,3,3.8
U0066,Kadınbudu Köfte,8,3.9
U0066,Çoban Salata,1,4.8
U0066,Tavuk Döner,13,4.1
U0066,Patates Salatası,6,4.9
U0066,Et Döner,5,4.0
U0067,Ezogelin Çorbası,1,4.6
U0067,Tavukgöğsü,5,4.2
U0067,Sebze Graten,15,4.9
U0067,Kemalpaşa,4,3.4
U0067,İskender Kebap,3,3.3
U0067,İrmik Helvası,9,3.7
U0067,Et Döner,3,3.8
U0067,Domates Çorbası,10,3.2
U0067,Tarhana Çorbası,11,3.4
U0067,Zeytinyağlı Taze Fasulye,1,3.7
U0068,Izgara Balık,6,4.7
U0068,Rus Salatası,14,4.1
U0068,Orman Kebabı,11,4.3
U0068,Sütlaç,7,3.5
U0068,Baklava,5,3.2
U0068,Tavukgöğsü,14,4.8
U0068,Piliç Topkapı,7,3.7
U0068,Zeytinyağlı Enginar,5,4.9
U0068,Çoban Salata,8,3.8
U0068,Fırın Tavuk,12,4.3
U0068,Hamsi Tava,2,3.7
U0068,Mevsim Salata,6,5.0
U0068,Revani,7,3.5
U0068,Tavuk Sote,5,3.7
U0068,Ezogelin Çorbası,11,4.8
U0068,Ton Balıklı Salata,2,4.2
U0068,Patates Kızartması,3,4.9
U0068,Zeytinyağlı Taze Fasulye,5,3.8
U0068,Nohut,10,4.2
U0069,Sezar Salata,4,3.9
U0069,Tarhana Çorbası,9,3.4
U0069,Ton Balıklı Salata,9,3.5
U0069,Düğün Çorbası,3,4.8
U0069,Profiterol,11,3.3
U0069,Pirinç Pilavı,7,3.3
U0069,Nohut,15,4.9
U0069,Zeytinyağlı Sarma,1,4.0
U0069,Sütlaç,3,3.6
U0069,Mercimek Köftesi,14,3.8
U0069,Ezogelin Çorbası,1,3.6
U0069,Tavuk Döner,15,3.3
U0069,Mercimek Çorbası,7,4.9
U0069,Su Böreği,4,3.6
U0069,Aşure,13,4.7
U0069,Bulgur Pilavı,8,3.0
U0069,Köfte,8,3.8
U0070,Zeytinyağlı Taze Fasulye,1,3.9
U0070,Zeytinyağlı Enginar,13,3.7
U0070,Aşure,11,4.1
U0070,Çoban Salata,6,4.9
U0070,Patates Kızartması,5,4.8
U0070,Tarhana Çorbası,8,3.3
U0070,İmambayıldı,8,3.4
U0070,Gavurdağı Salata,9,5.0
U0070,Pirinç Pilavı,5,3.6
U0070,Mercimek Köftesi,6,3.9
U0070,Ezogelin Çorbası,12,3.6
U0070,Fırın Tavuk,11,4.8
U0070,Tas Kebabı,11,4.9
U0070,Patates Püresi,3,3.4
U0070,Orman Kebabı,9,3.9
U0070,Mevsim Salata,13,4.1
U0070,Domates Çorbası,12,3.7
U0070,Tavuk Şiş,8,3.8
U0070,Ispanak Yemeği,15,3.1
U0071,Patates Püresi,1,4.9
U0071,Düğün Çorbası,14,3.2
U0071,Tavuk Sote,9,3.1
U0071,Zeytinyağlı Sarma,13,3.7
U0071,Domates Çorbası,14,3.1
U0071,Tavukgöğsü,14,4.1
U0071,Revani,9,4.5
U0072,Patates Püresi,14,3.7
U0072,Izgara Balık,8,3.7
U0072,Zeytinyağlı Enginar,5,3.8
U0072,Sebze Graten,11,3.7
U0072,Mercimek Çorbası,3,4.3
U0073,Zeytinyağlı Taze Fasulye,2,3.1
U0073,Hamsi Tava,13,4.4
U0073,Tas Kebabı,6,4.1
U0073,İmambayıldı,14,3.4
U0073,Makarna,11,3.3
U0073,Fırın Tavuk,13,3.5
U0073,Gavurdağı Salata,13,5.0
U0073,Ezogelin Çorbası,5,4.2
U0073,Ton Balıklı Salata,1,3.4
U0073,Mantar Çorbası,3,4.3
U0073,Karnıyarık,11,4.1
U0073,Tavuk Şiş,5,4.1
U0073,Et Döner,14,4.0
U0073,Patates Kızartması,12,4.9
U0073,Tavuk Sote,12,4.6
U0074,Ispanak Yemeği,3,3.8
U0074,Pirinç Pilavı,12,3.4
U0074,Pırasa Yemeği,13,3.4
U0074,Orman Kebabı,12,3.7
U0074,Izgara Balık,13,4.8
U0074,Mantar Çorbası,5,4.0
U0074,Hamsi Tava,12,3.4
U0074,Zeytinyağlı Sarma,12,4.1
U0074,Nohut,4,4.7
U0074,Gavurdağı Salata,13,4.0
U0074,İrmik Helvası,12,4.6
U0074,Güllaç,4,3.5
U0074,Zeytinyağlı Taze Fasulye,11,4.0
U0074,Zeytinyağlı Enginar,15,4.9
U0075,Kadınbudu Köfte,12,3.6
U0075,İskender Kebap,11,4.7
U0075,Sigara Böreği,6,4.6
U0075,Profiterol,10,3.5
U0075,Orman Kebabı,10,4.1
U0075,Tas Kebabı,3,3.7
U0075,Tavuk Suyu Çorbası,10,3.9
U0075,Düğün Çorbası,10,3.8
U0075,Tavuk Sote,14,4.9
U0075,İmambayıldı,13,4.9
U0075,Çoban Salata,15,4.6
U0075,Aşure,4,3.2
U0075,Fırın Tavuk,11,3.8
U0075,Pırasa Yemeği,10,4.4
U0075,Mevsim Salata,5,3.3
U0075,Sezar Salata,3,3.5
U0075,Tavuk Şiş,14,3.1
U0075,Kuru Fasulye,12,3.6
U0075,Ezogelin Çorbası,2,4.3
U0076,Baklava,9,4.0
U0076,Domates Çorbası,2,3.2
U0076,Tavuk Şiş,11,4.1
U0076,Kemalpaşa,7,5.0
U0076,İrmik Helvası,2,4.5
U0076,Zeytinyağlı Sarma,5,3.9
U0076,Köfte,11,3.7
U0076,Izgara Balık,3,4.7
U0076,Zeytinyağlı Taze Fasulye,10,4.4
U0076,İskender Kebap,15,3.8
U0076,Sigara Böreği,14,3.8
U0076,Nohut,12,3.1
U0076,Düğün Çorbası,7,4.6
U0076,Tavuk Sote,8,4.5
U0076,Rus Salatası,3,4.5
U0076,Sezar Salata,11,4.7
U0077,Zeytinyağlı Taze Fasulye,9,3.1
U0077,Kemalpaşa,15,3.4
U0077,İrmik Helvası,5,4.6
U0077,Tas Kebabı,5,4.1
U0077,Köfte,15,5.0
U0077,Ispanak Yemeği,1,4.2
U0078,Pirinç Pilavı,9,4.2
U0078,Rus Salatası,4,3.9
U0078,Tavuk Şiş,8,4.1
U0078,Fırın Tavuk,4,3.5
U0078,Sigara Böreği,13,3.2
U0078,Yayla Çorbası,9,4.2
U0078,Mevsim Salata,11,4.6
U0078,Patates Salatası,9,3.9
U0078,İmambayıldı,8,4.6
U0078,Düğün Çorbası,13,3.6
U0078,Kemalpaşa,2,4.9
U0078,Ton Balıklı Salata,1,3.5
U0078,Kuru Fasulye,10,3.5
U0078,Kazandibi,14,3.3
U0078,Patates Püresi,12,3.1
U0078,Güllaç,6,3.7
U0078,Tarhana Çorbası,13,4.1
U0079,Tavuk Döner,11,4.2
U0079,Et Döner,13,3.2
U0079,Tavukgöğsü,1,4.2
U0079,Revani,14,4.3
U0079,Sezar Salata,6,3.8
U0079,İskender Kebap,3,4.6
U0079,Sebze Graten,2,3.7
U0079,Tavuk Sote,8,4.5
U0079,Ispanak Yemeği,15,4.7
U0079,Kuru Fasulye,6,4.7
U0079,Kazandibi,8,3.9
U0079,Profiterol,6,3.8
U0080,Mercimek Çorbası,11,4.4
U0080,İrmik Helvası,10,4.3
U0080,Zeytinyağlı Sarma,5,4.3
U0080,Pirinç Pilavı,3,4.7
U0080,İmambayıldı,11,4.6
U0080,Kuru Fasulye,14,3.8
U0080,Ispanak Yemeği,6,3.1
U0080,Mercimek Köftesi,5,3.0
U0080,Patates Salatası,9,4.7
U0080,Baklava,14,4.2
U0080,Orman Kebabı,15,3.4
U0080,Yayla Çorbası,1,3.5
U0080,Zeytinyağlı Enginar,12,3.4
U0080,Profiterol,10,3.9
U0081,Tavuk Suyu Çorbası,11,4.6
U0081,Profiterol,9,4.1
U0081,Güllaç,6,4.3
U0081,Pirinç Pilavı,11,4.4
U0081,Et Sote,13,4.8
U0081,Sigara Böreği,7,3.9
U0081,Ezogelin Çorbası,13,4.5
U0081,Tavukgöğsü,2,3.1
U0081,İmambayıldı,1,4.7
U0081,Yayla Çorbası,10,4.6
U0082,Karnıyarık,9,4.2
U0082,Piliç Topkapı,4,3.9
U0082,Ton Balıklı Salata,15,4.7
U0082,Makarna,10,4.2
U0082,İmambayıldı,7,5.0
U0082,Ispanak Yemeği,1,4.5
U0082,Tavuk Şiş,3,4.6
U0082,Izgara Balık,4,4.9
U0082,Et Döner,5,4.6
U0082,İrmik Helvası,10,3.1
U0082,Kadınbudu Köfte,4,4.4
U0083,Sebze Graten,15,4.2
U0083,Piliç Topkapı,1,4.4
U0083,İmambayıldı,13,3.7
U0083,Kadınbudu Köfte,5,4.4
U0083,Düğün Çorbası,1,4.9
U0083,Orman Kebabı,6,4.9
U0083,Ispanak Yemeği,13,3.4
U0083,Çoban Salata,7,4.1
U0083,Tavuk Döner,6,4.2
U0083,Profiterol,12,3.8
U0083,Kemalpaşa,2,4.1
U0083,Tavukgöğsü,7,3.8
U0084,Tavuk Suyu Çorbası,3,4.2
U0084,Makarna,12,3.1
U0084,Tarhana Çorbası,3,3.3
U0084,İskender Kebap,2,4.8
U0084,Rus Salatası,10,4.9
U0084,Revani,14,4.4
U0084,Profiterol,4,4.1
U0084,Patates Püresi,8,4.9
U0084,Fırın Tavuk,4,4.7
U0084,Orman Kebabı,10,3.0
U0084,İrmik Helvası,7,3.2
U0084,Kadınbudu Köfte,3,4.0
U0085,Ispanak Yemeği,7,3.4
U0085,Gavurdağı Salata,12,4.2
U0085,Kadınbudu Köfte,2,3.1
U0085,Karnıyarık,7,3.6
U0085,Patates Kızartması,9,3.1
U0085,Hamsi Tava,8,3.2
U0085,Mantar Çorbası,4,4.3
U0085,Tavuk Suyu Çorbası,14,4.9
U0085,Aşure,6,3.3
U0085,Sebze Graten,8,4.3
U0086,Tarhana Çorbası,7,3.4
U0086,Zeytinyağlı Taze Fasulye,14,4.3
U0086,Güllaç,9,3.5
U0086,Köfte,15,3.2
U0086,Kemalpaşa,14,3.2
U0086,Hamsi Tava,8,4.7
U0086,Sebze Graten,5,4.3
U0086,Sigara Böreği,2,3.1
U0086,Nohut,10,3.5
U0086,Izgara Balık,6,4.4
U0086,Patates Püresi,15,3.8
U0086,Kadınbudu Köfte,13,4.8
U0086,Karnıyarık,15,4.0
U0086,Mevsim Salata,4,3.2
U0086,Tavuk Döner,5,5.0
U0086,Tas Kebabı,12,3.4
U0086,Bulgur Pilavı,12,3.9
U0086,Fırın Tavuk,4,3.5
U0086,Tavukgöğsü,2,4.6
U0086,Makarna,1,4.2
U0087,İskender Kebap,11,3.3
U0087,Et Döner,3,3.4
U0087,Et Sote,5,4.2
U0087,Düğün Çorbası,15,4.2
U0087,Mercimek Köftesi,3,3.5
U0087,Karnıyarık,11,4.3
U0087,Mantar Çorbası,1,4.3
U0087,Çoban Salata,10,3.7
U0087,Sütlaç,13,3.8
U0087,Ton Balıklı Salata,5,4.0
U0087,Ezogelin Çorbası,14,3.8
U0087,Gavurdağı Salata,6,3.2
U0087,Yayla Çorbası,14,4.3
U0087,Ispanak Yemeği,3,4.8
U0088,Ton Balıklı Salata,2,4.2
U0088,Sezar Salata,5,3.6
U0088,İskender Kebap,4,3.5
U0088,Tavuk Sote,10,3.0
U0088,Patates Püresi,6,3.5
U0088,Ezogelin Çorbası,6,4.5
U0088,Ispanak Yemeği,8,3.1
U0088,Pirinç Pilavı,5,3.3
U0088,Kuru Fasulye,7,5.0
U0088,Patates Kızartması,2,3.0
U0089,Revani,12,3.7
U0089,Düğün Çorbası,6,4.0
U0089,Tavuk Döner,11,3.2
U0089,Kazandibi,9,3.7
U0089,Kuru Fasulye,15,3.7
U0089,Ispanak Yemeği,11,3.3
U0089,Aşure,5,3.3
U0089,Tavuk Şiş,3,4.7
U0089,İmambayıldı,4,3.7
U0089,İskender Kebap,15,3.6
U0090,Pırasa Yemeği,2,3.5
U0090,Orman Kebabı,15,4.7
U0090,Zeytinyağlı Sarma,3,3.3
U0090,Rus Salatası,5,3.0
U0090,Izgara Balık,9,4.7
U0090,Kemalpaşa,11,3.3
U0090,Patates Kızartması,4,4.0
U0090,Profiterol,15,3.0
U0090,Nohut,15,4.4
U0090,Zeytinyağlı Enginar,4,4.0
U0090,Tavuk Sote,7,3.6
U0090,Sigara Böreği,8,3.2
U0090,Domates Çorbası,6,3.1
U0090,Güllaç,3,3.4
U0090,Mercimek Köftesi,11,3.5
U0090,Ezogelin Çorbası,2,3.6
U0090,Fırın Tavuk,12,4.6
U0090,Tavuk Şiş,6,4.8
U0090,Patates Salatası,6,3.9
U0090,Tarhana Çorbası,2,4.9
U0091,Çoban Salata,14,3.1
U0091,İskender Kebap,15,4.5
U0091,İrmik Helvası,6,4.9
U0091,Tavuk Suyu Çorbası,11,4.6
U0091,Et Sote,14,3.3
U0091,Tavuk Döner,5,4.4
U0091,Zeytinyağlı Taze Fasulye,9,4.1
U0091,Mantar Çorbası,7,4.9
U0091,Köfte,15,3.5
U0091,Rus Salatası,9,3.1
U0091,Sezar Salata,15,3.7
U0091,Kuru Fasulye,3,4.8
U0092,Gavurdağı Salata,7,4.2
U0092,Tavukgöğsü,15,3.9
U0092,Yayla Çorbası,14,4.2
U0092,Zeytinyağlı Enginar,5,3.3
U0092,Baklava,2,3.6
U0092,Kuru Fasulye,11,4.0
U0092,Patates Kızartması,8,4.3
U0092,Patates Püresi,15,4.8
U0092,Ton Balıklı Salata,2,3.8
U0092,Aşure,15,3.7
U0092,Düğün Çorbası,8,3.3
U0092,Ezogelin Çorbası,9,4.0
U0092,Rus Salatası,15,4.8
U0092,Izgara Balık,2,4.7
U0092,Bulgur Pilavı,9,4.0
U0092,Fırın Tavuk,14,4.6
U0092,Et Sote,5,4.6
U0092,Köfte,5,4.4
U0092,Tavuk Döner,11,3.5
U0092,Piliç Topkapı,13,5.0
U0093,Orman Kebabı,7,4.2
U0093,Nohut,3,4.1
U0093,Kemalpaşa,14,4.6
U0093,Revani,6,3.9
U0093,Ispanak Yemeği,14,4.7
U0093,İmambayıldı,14,3.4
U0093,Aşure,10,4.7
U0093,Fırın Tavuk,12,4.7
U0093,Tavuk Şiş,2,3.6
U0093,Domates Çorbası,8,4.4
U0094,Zeytinyağlı Enginar,11,3.6
U0094,Bulgur Pilavı,1,4.9
U0094,Sütlaç,10,3.8
U0094,Orman Kebabı,13,4.5
U0094,Tavuk Suyu Çorbası,11,4.1
U0094,Hamsi Tava,9,3.9
U0094,Kazandibi,15,4.4
U0094,Et Sote,13,3.3
U0094,Düğün Çorbası,12,3.4
U0094,Karnıyarık,2,4.0
U0094,Rus Salatası,15,4.0
U0094,Kemalpaşa,7,3.8
U0094,Kuru Fasulye,6,3.7
U0094,Zeytinyağlı Taze Fasulye,12,4.4
U0094,Makarna,11,4.9
U0095,Orman Kebabı,13,4.8
U0095,Izgara Balık,2,3.5
U0095,Sigara Böreği,15,4.2
U0095,Düğün Çorbası,6,3.8
U0095,Patates Salatası,3,4.3
U0095,Makarna,11,3.0
U0095,Profiterol,13,5.0
U0095,Çoban Salata,14,4.2
U0095,Revani,14,3.6
U0095,Tavuk Sote,10,4.5
U0095,Patates Kızartması,14,4.5
U0095,Kadınbudu Köfte,12,4.8
U0095,Sütlaç,1,3.4
U0095,Su Böreği,14,3.5
U0095,Ispanak Yemeği,9,3.6
U0095,Aşure,13,4.8
U0095,Et Döner,13,4.9
U0095,Hamsi Tava,14,4.0
U0096,Hamsi Tava,8,4.8
U0096,Kadınbudu Köfte,6,4.4
U0096,Izgara Balık,5,4.7
U0096,Gavurdağı Salata,4,4.8
U0096,Profiterol,15,3.3
U0097,Sigara Böreği,5,4.0
U0097,Çoban Salata,5,3.0
U0097,Zeytinyağlı Sarma,7,4.8
U0097,Kemalpaşa,6,4.4
U0097,Nohut,9,3.1
U0097,Fırın Tavuk,6,4.7
U0097,Tas Kebabı,13,4.8
U0097,Piliç Topkapı,8,4.5
U0097,Zeytinyağlı Enginar,12,3.5
U0097,Domates Çorbası,15,3.4
U0097,Mantar Çorbası,5,4.3
U0097,Orman Kebabı,7,3.3
U0097,Gavurdağı Salata,12,4.4
U0097,Tavuk Suyu Çorbası,6,3.1
U0097,Ezogelin Çorbası,6,4.3
U0097,Profiterol,1,3.2
U0098,Revani,15,3.5
U0098,Izgara Balık,9,4.8
U0098,Sütlaç,10,3.4
U0098,Kemalpaşa,15,4.3
U0098,Sigara Böreği,1,4.9
U0098,Sebze Graten,14,3.9
U0098,Profiterol,8,4.9
U0098,Domates Çorbası,3,4.6
U0098,Güllaç,11,4.0
U0098,Fırın Tavuk,12,3.9
U0098,Et Döner,3,4.4
U0099,Tavuk Sote,13,3.1
U0099,Mercimek Çorbası,7,3.4
U0099,Tavuk Döner,2,4.4
U0099,Pirinç Pilavı,4,4.3
U0099,Sigara Böreği,12,4.2
U0099,Tavukgöğsü,5,4.1
U0099,Kuru Fasulye,8,4.2
U0099,Güllaç,9,4.3
U0099,Kemalpaşa,3,4.3
U0099,Tarhana Çorbası,5,4.0
U0099,Piliç Topkapı,11,3.2
U0099,Izgara Balık,10,4.4
U0099,Domates Çorbası,3,3.6
U0099,Su Böreği,14,3.6
U0099,Makarna,8,4.0
U0099,Baklava,13,4.8
U0100,Piliç Topkapı,15,4.3
U0100,Bulgur Pilavı,14,3.8
U0100,Mevsim Salata,4,5.0
U0100,Su Böreği,14,3.7
U0100,Ispanak Yemeği,10,3.8
U0100,Tavukgöğsü,7,4.9
U0100,Patates Püresi,9,3.2
U0100,İmambayıldı,11,3.4
U0100,Patates Salatası,7,4.8
U0100,Sebze Graten,14,4.0
U0101,Ton Balıklı Salata,8,3.7
U0101,Patates Püresi,1,4.7
U0101,İskender Kebap,10,3.5
U0101,Tarhana Çorbası,10,4.8
U0101,Revani,11,4.0
U0101,Tavuk Şiş,5,3.5
U0101,Izgara Balık,12,4.9
U0101,Çoban Salata,6,3.3
U0101,Mercimek Çorbası,11,3.9
U0102,Sigara Böreği,15,3.5
U0102,İrmik Helvası,3,3.4
U0102,Profiterol,15,3.1
U0102,Ezogelin Çorbası,15,4.5
U0102,Bulgur Pilavı,12,3.9
U0102,Ispanak Yemeği,8,3.7
U0102,Baklava,12,3.9
U0102,Et Sote,10,3.8
U0102,Mercimek Çorbası,7,3.9
U0102,Gavurdağı Salata,13,3.0
U0102,Tavuk Döner,6,3.6
U0102,Güllaç,10,4.5
U0102,Piliç Topkapı,13,4.0
U0102,Tas Kebabı,8,3.3
U0102,Sebze Graten,11,3.9
U0102,Fırın Tavuk,8,4.5
U0102,Orman Kebabı,3,4.4
U0102,İmambayıldı,12,3.5
U0103,Baklava,6,3.1
U0103,Sütlaç,3,3.7
U0103,Gavurdağı Salata,10,3.8
U0103,Ezogelin Çorbası,11,4.7
U0103,Fırın Tavuk,14,4.4
U0103,Sebze Graten,7,4.9
U0103,Sezar Salata,12,3.3
U0103,Mercimek Köftesi,7,4.3
U0103,İrmik Helvası,10,3.6
U0103,Kazandibi,7,3.5
U0103,Mercimek Çorbası,6,4.9
U0104,Tavukgöğsü,10,3.4
U0104,Kadınbudu Köfte,5,4.5
U0104,Piliç Topkapı,4,4.3
U0104,Revani,5,5.0
U0104,Pirinç Pilavı,14,4.8
U0104,Sebze Graten,6,3.5
U0104,Rus Salatası,6,4.3
U0104,Ispanak Yemeği,3,3.7
U0104,Profiterol,15,3.9
U0104,Kazandibi,6,3.8
U0105,Yayla Çorbası,10,3.2
U0105,Zeytinyağlı Enginar,13,4.5
U0105,Orman Kebabı,14,3.6
U0105,Fırın Tavuk,10,4.5
U0105,Izgara Balık,12,4.5
U0105,Mantar Çorbası,9,3.4
U0105,Kemalpaşa,8,4.8
U0105,Domates Çorbası,2,4.0
U0105,Revani,12,4.0
U0105,Tas Kebabı,1,4.9
U0105,Düğün Çorbası,7,4.1
U0105,Zeytinyağlı Sarma,11,3.0
U0106,Aşure,15,4.7
U0106,Piliç Topkapı,5,4.3
U0106,Tas Kebabı,15,3.6
U0106,Tavuk Döner,14,4.5
U0106,Kuru Fasulye,7,4.0
U0106,İskender Kebap,10,3.1
U0106,Yayla Çorbası,5,4.1
U0106,Tavuk Suyu Çorbası,8,5.0
U0107,Kadınbudu Köfte,7,4.0
U0107,Aşure,4,4.9
U0107,Patates Salatası,2,3.8
U0107,Kazandibi,14,3.2
U0107,Tavuk Döner,14,3.8
U0108,Makarna,6,3.9
U0108,Tavukgöğsü,15,4.5
U0108,Ezogelin Çorbası,7,3.2
U0108,Profiterol,9,3.3
U0108,İrmik Helvası,6,3.8
U0108,Karnıyarık,1,4.4
U0108,Zeytinyağlı Sarma,1,3.3
U0108,Ispanak Yemeği,1,4.8
U0108,Çoban Salata,9,3.7
U0108,Güllaç,15,3.2
U0108,Kemalpaşa,9,3.3
U0108,Et Sote,12,3.0
U0108,Mantar Çorbası,15,3.9
U0108,Tas Kebabı,15,4.1
U0108,Tavuk Sote,10,4.8
U0109,Köfte,15,4.3
U0109,Patates Püresi,1,4.6
U0109,Orman Kebabı,10,3.9
U0109,Zeytinyağlı Sarma,8,3.9
U0109,Sezar Salata,3,4.3
U0109,İskender Kebap,14,3.7
U0109,Mantar Çorbası,8,4.7
U0109,Sebze Graten,15,4.5
U0109,Baklava,10,5.0
U0110,Rus Salatası,15,3.5
U0110,Mevsim Salata,6,5.0
U0110,Sigara Böreği,4,4.3
U0110,Yayla Çorbası,2,4.7
U0110,Pırasa Yemeği,13,4.1
U0110,Tas Kebabı,15,5.0
U0111,Patates Püresi,9,3.0
U0111,Kazandibi,9,3.4
U0111,Tarhana Çorbası,6,3.3
U0111,Mercimek Köftesi,9,3.8
U0111,Kuru Fasulye,5,3.8
U0111,Et Sote,8,4.0
U0112,Izgara Balık,2,3.8
U0112,Patates Püresi,12,3.9
U0112,Su Böreği,12,3.7
U0112,İskender Kebap,10,3.0
U0112,Et Döner,5,4.0
U0112,Tavuk Döner,13,4.9
U0112,Zeytinyağlı Taze Fasulye,3,3.3
U0112,Düğün Çorbası,10,3.8
U0112,Orman Kebabı,7,4.6
U0112,İmambayıldı,7,3.7
U0112,Baklava,11,3.1
U0112,Tavukgöğsü,12,4.9
U0112,Rus Salatası,11,4.0
U0112,Pirinç Pilavı,10,4.2
U0112,Ispanak Yemeği,3,4.1
U0113,Domates Çorbası,8,3.0
U0113,Tavuk Şiş,2,4.1
U0113,Tavuk Döner,6,3.4
U0113,Yayla Çorbası,13,3.2
U0113,Sezar Salata,6,4.4
U0113,Patates Kızartması,15,3.5
U0113,Köfte,10,4.6
U0113,Tas Kebabı,1,3.3
U0113,Hamsi Tava,15,3.5
U0113,Patates Salatası,14,4.6
U0113,Mevsim Salata,9,3.4
U0114,Sebze Graten,8,4.9
U0114,Mantar Çorbası,7,4.0
U0114,Tavuk Şiş,2,4.1
U0114,Kuru Fasulye,13,3.8
U0114,Sezar Salata,14,3.2
U0115,Karnıyarık,15,4.7
U0115,Profiterol,15,3.5
U0115,Sebze Graten,2,4.7
U0115,Aşure,15,3.5
U0115,Tarhana Çorbası,8,4.4
U0115,Gavurdağı Salata,15,3.9
U0115,Makarna,11,4.6
U0115,Sigara Böreği,1,3.6
U0115,Zeytinyağlı Enginar,10,4.0
U0115,Izgara Balık,4,4.7
U0115,Düğün Çorbası,10,3.5
U0115,Baklava,11,4.5
U0115,Sütlaç,4,3.1
U0115,Yayla Çorbası,8,4.4
U0115,Et Döner,13,3.8
U0115,Pırasa Yemeği,7,3.2
U0116,Sebze Graten,3,4.5
U0116,Çoban Salata,8,4.3
U0116,Izgara Balık,13,4.6
U0116,Aşure,4,3.2
U0116,Zeytinyağlı Sarma,2,4.7
U0116,Zeytinyağlı Enginar,8,4.5
U0116,Patates Püresi,14,3.8
U0117,Kazandibi,7,4.3
U0117,Baklava,14,5.0
U0117,Kadınbudu Köfte,7,4.6
U0117,Tavuk Döner,1,4.1
U0117,Bulgur Pilavı,7,3.1
U0117,Su Böreği,10,3.7
U0117,Mevsim Salata,13,3.6
U0117,Revani,10,4.3
U0117,Aşure,3,4.5
U0118,Tavuk Döner,3,4.1
U0118,Kadınbudu Köfte,13,3.4
U0118,Pirinç Pilavı,15,3.0
U0118,Sezar Salata,14,3.8
U0118,Fırın Tavuk,7,3.2
U0118,Bulgur Pilavı,3,3.6
U0118,İmambayıldı,15,4.3
U0118,Kuru Fasulye,5,3.1
U0118,Profiterol,9,4.1
U0118,Sigara Böreği,11,5.0
U0118,Makarna,11,4.4
U0118,Zeytinyağlı Sarma,14,4.7
U0118,Tas Kebabı,8,4.8
U0118,İrmik Helvası,9,4.7
U0118,Pırasa Yemeği,5,4.0
U0119,Sebze Graten,2,4.2
U0119,Sigara Böreği,11,3.3
U0119,Su Böreği,9,4.8
U0119,Zeytinyağlı Taze Fasulye,4,4.0
U0119,Güllaç,9,3.1
U0119,Tavukgöğsü,9,3.7
U0119,Ezogelin Çorbası,5,3.6
U0119,Çoban Salata,1,3.0
U0119,Pırasa Yemeği,5,3.8
U0119,Patates Püresi,4,4.8
U0119,Tavuk Döner,15,4.7
U0119,Gavurdağı Salata,7,3.1
U0119,Baklava,6,3.3
U0119,Mevsim Salata,11,3.7
U0119,Düğün Çorbası,12,4.7
U0119,Tas Kebabı,6,4.1
U0119,Ispanak Yemeği,4,3.5
U0119,Zeytinyağlı Enginar,4,4.9
U0119,Profiterol,5,3.3
U0120,Ton Balıklı Salata,13,4.7
U0120,Orman Kebabı,9,4.3
U0120,İskender Kebap,4,3.4
U0120,Mercimek Çorbası,15,4.9
U0120,Tavuk Döner,13,3.4
U0120,İrmik Helvası,8,3.0
U0121,Pırasa Yemeği,14,3.8
U0121,Çoban Salata,14,3.5
U0121,Tavuk Suyu Çorbası,7,4.4
U0121,İrmik Helvası,12,4.8
U0121,Mantar Çorbası,15,3.0
U0121,Revani,2,3.5
U0121,Bulgur Pilavı,13,4.1
U0121,Gavurdağı Salata,15,3.9
U0121,Tavuk Şiş,11,3.2
U0121,İmambayıldı,9,4.0
U0121,Mercimek Köftesi,2,3.5
U0122,Sigara Böreği,14,3.7
U0122,Su Böreği,7,3.7
U0122,Ton Balıklı Salata,11,4.5
U0122,Aşure,2,4.5
U0122,Izgara Balık,6,4.8
U0122,Mevsim Salata,3,4.2
U0122,Nohut,3,3.8
U0122,Pırasa Yemeği,15,4.0
U0122,Hamsi Tava,12,4.4
U0122,Mantar Çorbası,6,4.4
U0122,Tavuk Döner,14,3.9
U0122,Makarna,4,3.4
U0122,Sezar Salata,9,4.4
U0122,Tavuk Sote,1,4.6
U0122,Rus Salatası,15,4.5
U0123,Orman Kebabı,15,3.4
U0123,İmambayıldı,3,3.1
U0123,Zeytinyağlı Taze Fasulye,15,3.8
U0123,Tavuk Şiş,2,4.7
U0123,Patates Püresi,6,4.6
U0123,Domates Çorbası,5,4.2
U0124,Karnıyarık,15,4.8
U0124,Sütlaç,2,4.9
U0124,Ezogelin Çorbası,6,3.2
U0124,Tavuk Şiş,6,3.8
U0124,Patates Kızartması,11,3.8
U0124,Pirinç Pilavı,3,4.6
U0124,Mevsim Salata,14,3.2
U0124,Zeytinyağlı Enginar,11,3.3
U0124,Su Böreği,10,3.5
U0124,Sigara Böreği,10,4.3
U0124,Et Sote,12,3.1
U0124,Piliç Topkapı,15,4.9
U0124,Kadınbudu Köfte,6,4.1
U0124,Patates Püresi,8,3.5
U0125,Nohut,4,3.4
U0125,Tavuk Sote,5,3.8
U0125,Tavuk Suyu Çorbası,13,3.6
U0125,Zeytinyağlı Taze Fasulye,2,4.7
U0125,Tarhana Çorbası,14,4.8
U0125,Kuru Fasulye,1,3.7
U0125,Fırın Tavuk,13,4.4
U0125,Bulgur Pilavı,7,4.9
U0125,İskender Kebap,11,4.1
U0125,Mevsim Salata,15,3.8
U0125,Patates Kızartması,5,4.3
U0125,Yayla Çorbası,10,4.9
U0125,Mercimek Çorbası,13,4.0
U0125,Profiterol,14,3.6
U0125,Kemalpaşa,14,4.3
U0125,Su Böreği,3,3.7
U0125,Zeytinyağlı Sarma,5,4.9
U0125,Piliç Topkapı,13,3.5
U0125,İrmik Helvası,12,3.4
U0125,Sigara Böreği,14,4.5
U0126,Ispanak Yemeği,4,4.9
U0126,Çoban Salata,4,3.8
U0126,Kemalpaşa,4,3.9
U0126,Kadınbudu Köfte,13,3.8
U0126,Patates Kızartması,15,4.3
U0126,Et Döner,8,4.6
U0127,Patates Kızartması,11,4.4
U0127,İskender Kebap,5,3.3
U0127,Tavuk Sote,3,3.4
U0127,Sezar Salata,8,4.4
U0127,Nohut,10,3.8
U0128,Zeytinyağlı Sarma,10,3.8
U0128,Et Döner,3,4.1
U0128,Çoban Salata,12,4.8
U0128,Rus Salatası,9,4.9
U0128,Ton Balıklı Salata,11,3.6
U0128,Mantar Çorbası,5,4.2
U0128,Tavukgöğsü,4,3.1
U0128,Nohut,5,4.6
U0128,Tavuk Şiş,5,3.4
U0128,Su Böreği,4,4.0
U0128,Köfte,2,4.7
U0128,Izgara Balık,10,4.3
U0128,Bulgur Pilavı,11,4.4
U0128,Güllaç,4,3.7
U0129,Patates Kızartması,7,3.0
U0129,Ton Balıklı Salata,2,3.9
U0129,Mevsim Salata,12,4.3
U0129,Pırasa Yemeği,12,4.5
U0129,Sigara Böreği,15,3.8
U0129,Patates Salatası,7,3.2
U0129,Tavuk Şiş,12,3.3
U0129,Pirinç Pilavı,7,4.2
U0130,Sebze Graten,9,4.4
U0130,Pirinç Pilavı,8,4.4
U0130,Ton Balıklı Salata,10,3.1
U0130,Aşure,12,4.8
U0130,Tavukgöğsü,6,4.0
U0130,Kazandibi,15,3.0
U0130,İskender Kebap,9,3.0
U0130,Ezogelin Çorbası,15,3.5
U0130,Baklava,10,4.8
U0130,Mercimek Çorbası,15,4.3
U0130,Et Sote,1,4.3
U0130,Zeytinyağlı Taze Fasulye,9,4.2
U0131,Pırasa Yemeği,8,3.9
U0131,Yayla Çorbası,12,3.2
U0131,Aşure,1,4.1
U0131,Tavuk Şiş,5,4.5
U0131,Zeytinyağlı Taze Fasulye,3,4.2
U0131,Fırın Tavuk,5,3.8
U0131,Pirinç Pilavı,1,3.5
U0131,Tavuk Suyu Çorbası,15,4.9
U0131,Izgara Balık,3,4.4
U0131,Sebze Graten,3,4.9
U0132,Düğün Çorbası,10,3.8
U0132,Baklava,13,3.2
U0132,Gavurdağı Salata,11,4.8
U0132,Kadınbudu Köfte,13,4.8
U0132,Köfte,11,3.6
U0132,Ton Balıklı Salata,12,3.4
U0132,Zeytinyağlı Enginar,6,4.2
U0132,Karnıyarık,7,5.0
U0132,Tavukgöğsü,1,3.0
U0132,Profiterol,4,4.3
U0132,Revani,9,3.0
U0132,Kemalpaşa,11,4.7
U0132,Tas Kebabı,11,4.6
U0132,Güllaç,8,4.7
U0132,Çoban Salata,5,3.4
U0133,Tarhana Çorbası,11,4.6
U0133,Patates Salatası,8,4.5
U0133,Tavuk Suyu Çorbası,13,3.5
U0133,Tavuk Şiş,15,4.8
U0133,Piliç Topkapı,2,3.4
U0133,Mantar Çorbası,3,3.7
U0133,Tavuk Döner,1,3.8
U0133,Gavurdağı Salata,2,4.4
U0133,Izgara Balık,10,4.6
U0133,Et Döner,13,3.5
U0133,Sütlaç,3,3.0
U0133,Makarna,7,3.9
U0133,Patates Kızartması,15,4.1
U0133,Güllaç,15,3.9
U0133,Revani,1,4.5
U0133,Karnıyarık,4,4.8
U0133,Mevsim Salata,3,3.8
U0133,Baklava,15,3.7
U0133,Fırın Tavuk,5,3.7
U0134,İmambayıldı,3,3.3
U0134,Kuru Fasulye,10,4.5
U0134,Zeytinyağlı Sarma,1,4.8
U0134,Gavurdağı Salata,7,3.1
U0134,Mercimek Çorbası,4,4.3
U0134,Tavuk Döner,4,3.5
U0134,Bulgur Pilavı,6,3.2
U0134,Pirinç Pilavı,2,3.0
U0134,Zeytinyağlı Taze Fasulye,2,3.7
U0134,Mantar Çorbası,14,4.4
U0134,Kazandibi,5,4.6
U0134,Tavuk Sote,13,4.8
U0134,Fırın Tavuk,1,3.6
U0134,Güllaç,11,3.1
U0134,Çoban Salata,13,4.3
U0134,Et Döner,8,3.6
U0134,İrmik Helvası,3,3.6
U0134,Düğün Çorbası,12,3.6
U0134,Domates Çorbası,1,3.7
U0135,Mercimek Köftesi,15,4.4
U0135,Kadınbudu Köfte,9,4.7
U0135,Et Sote,7,4.7
U0135,Mercimek Çorbası,9,4.3
U0135,Kazandibi,13,4.0
U0135,Sebze Graten,13,3.5
U0135,Pırasa Yemeği,11,4.3
U0135,Sütlaç,11,4.1
U0135,Güllaç,12,4.5
U0135,Tarhana Çorbası,4,4.0
U0135,Su Böreği,5,4.7
U0135,Aşure,9,3.5
U0135,Tavuk Sote,4,4.8
U0135,İmambayıldı,12,4.3
U0135,Gavurdağı Salata,7,4.5
U0136,Et Sote,7,5.0
U0136,Domates Çorbası,13,3.6
U0136,Baklava,1,3.4
U0136,Mercimek Köftesi,9,3.3
U0136,Sezar Salata,15,4.7
U0136,İskender Kebap,11,3.5
U0136,Köfte,11,4.2
U0136,Izgara Balık,7,3.3
U0136,İmambayıldı,7,4.9
U0136,Sütlaç,3,4.6
U0136,Pirinç Pilavı,12,4.3
U0136,Ispanak Yemeği,15,4.4
U0136,Kazandibi,7,4.5
U0136,Tavuk Şiş,10,3.9
U0136,Ton Balıklı Salata,5,4.9
U0136,Mevsim Salata,1,3.3
U0136,Patates Püresi,3,4.1
U0137,Tavukgöğsü,2,3.9
U0137,Kazandibi,9,4.2
U0137,İskender Kebap,9,3.3
U0137,Domates Çorbası,2,4.3
U0137,Aşure,11,4.2
U0137,Gavurdağı Salata,14,4.0
U0137,Düğün Çorbası,13,3.2
U0137,Mantar Çorbası,14,4.0
U0137,Et Sote,12,3.0
U0137,Sigara Böreği,5,3.3
U0137,Revani,1,4.2
U0137,Pırasa Yemeği,7,4.9
U0137,Izgara Balık,8,4.6
U0137,Mevsim Salata,1,3.7
U0138,Sezar Salata,4,4.9
U0138,Zeytinyağlı Taze Fasulye,3,4.0
U0138,Piliç Topkapı,6,3.2
U0138,Rus Salatası,11,4.5
U0138,Gavurdağı Salata,6,3.3
U0139,Kadınbudu Köfte,4,4.3
U0139,Sütlaç,4,3.9
U0139,Ton Balıklı Salata,10,4.6
U0139,Köfte,8,4.8
U0139,Zeytinyağlı Enginar,15,3.5
U0139,Izgara Balık,2,4.6
U0139,Profiterol,15,3.7
U0139,Et Döner,15,3.2
U0139,Nohut,12,5.0
U0139,Aşure,7,3.4
U0139,Pırasa Yemeği,8,3.3
U0139,Kemalpaşa,5,3.9
U0139,Patates Kızartması,11,3.9
U0139,Ispanak Yemeği,14,4.5
U0139,Mercimek Çorbası,13,4.5
U0139,İrmik Helvası,6,3.3
U0140,Kadınbudu Köfte,10,4.9
U0140,Düğün Çorbası,5,4.2
U0140,Patates Püresi,3,4.5
U0140,Pirinç Pilavı,11,4.8
U0140,Izgara Balık,5,4.0
U0140,Sebze Graten,14,4.9
U0140,Zeytinyağlı Enginar,14,4.8
U0141,Sezar Salata,7,4.7
U0141,Rus Salatası,8,3.0
U0141,Mercimek Köftesi,3,3.5
U0141,Aşure,12,4.9
U0141,Tavuk Şiş,9,3.8
U0141,Tavuk Döner,14,3.4
U0141,Güllaç,13,4.3
U0141,Nohut,15,3.4
U0141,Revani,8,3.8
U0141,Mercimek Çorbası,4,4.4
U0141,Zeytinyağlı Sarma,8,3.4
U0141,Patates Kızartması,1,4.2
U0141,Patates Salatası,3,4.3
U0141,Ton Balıklı Salata,10,4.4
U0142,Çoban Salata,8,3.7
U0142,Orman Kebabı,2,4.2
U0142,İmambayıldı,14,3.8
U0142,Sigara Böreği,4,3.5
U0142,Et Sote,8,4.0
U0142,Profiterol,12,3.3
U0142,Makarna,6,4.9
U0142,Aşure,6,4.6
U0142,Pırasa Yemeği,10,4.8
U0142,Zeytinyağlı Taze Fasulye,5,4.4
U0142,Nohut,2,4.6
U0142,Tavukgöğsü,2,4.8
U0142,Tavuk Suyu Çorbası,5,3.2
U0142,Gavurdağı Salata,9,4.2
U0142,Izgara Balık,8,4.6
U0143,Sebze Graten,13,4.4
U0143,Sigara Böreği,6,3.4
U0143,Tavuk Döner,9,3.2
U0143,Güllaç,11,4.3
U0143,Et Sote,6,4.7
U0143,Domates Çorbası,1,4.9
U0143,Kemalpaşa,13,4.6
U0143,Sezar Salata,7,4.3
U0143,Et Döner,9,3.8
U0143,Patates Salatası,1,4.5
U0143,Köfte,6,3.1
U0143,Nohut,12,4.0
U0143,Orman Kebabı,5,3.5
U0143,Fırın Tavuk,15,3.6
U0143,Tavukgöğsü,4,4.2
U0144,İskender Kebap,3,4.0
U0144,Zeytinyağlı Sarma,14,3.2
U0144,Baklava,8,4.7
U0144,Sigara Böreği,8,4.7
U0144,Et Sote,12,3.1
U0144,Kemalpaşa,15,5.0
U0145,Orman Kebabı,11,4.7
U0145,Yayla Çorbası,15,3.4
U0145,Piliç Topkapı,12,3.5
U0145,Bulgur Pilavı,4,4.3
U0145,Ton Balıklı Salata,4,3.1
U0145,Güllaç,7,4.5
U0145,Kadınbudu Köfte,8,3.1
U0145,Kuru Fasulye,12,3.8
U0145,Patates Salatası,9,4.6
U0145,Sütlaç,14,3.0
U0145,Düğün Çorbası,10,3.1
U0145,İrmik Helvası,15,4.4
U0145,Pırasa Yemeği,6,3.2
U0145,Tavuk Döner,15,4.2
U0145,Çoban Salata,4,3.8
U0145,Su Böreği,5,4.4
U0145,Tavuk Suyu Çorbası,7,3.9
U0145,Sebze Graten,13,3.8
U0145,Tavuk Sote,9,3.0
U0146,Ezogelin Çorbası,11,5.0
U0146,Ispanak Yemeği,4,4.2
U0146,Patates Püresi,8,4.1
U0146,Orman Kebabı,4,4.8
U0146,Tarhana Çorbası,6,3.8
U0146,Kazandibi,14,5.0
U0146,Zeytinyağlı Enginar,14,4.2
U0146,Et Döner,13,3.1
U0146,Düğün Çorbası,14,4.6
U0146,Tavuk Sote,13,4.7
U0146,Fırın Tavuk,2,4.0
U0146,Patates Kızartması,6,3.3
U0146,Pirinç Pilavı,5,4.9
U0146,Mevsim Salata,6,3.7
U0146,Ton Balıklı Salata,12,3.5
U0146,Güllaç,7,4.6
U0147,Sezar Salata,6,5.0
U0147,Zeytinyağlı Enginar,10,3.2
U0147,Profiterol,2,3.4
U0147,Tas Kebabı,12,3.0
U0147,Tavuk Şiş,3,4.9
U0148,Domates Çorbası,2,5.0
U0148,Orman Kebabı,10,3.2
U0148,Patates Kızartması,14,3.0
U0148,Zeytinyağlı Sarma,8,4.2
U0148,Revani,13,4.9
U0148,Mercimek Çorbası,14,4.5
U0148,Sebze Graten,7,4.9
U0148,Baklava,13,5.0
U0148,Gavurdağı Salata,9,3.5
U0148,Sütlaç,12,4.1
U0148,İmambayıldı,5,3.9
U0148,Profiterol,8,3.9
U0148,Mercimek Köftesi,3,3.1
U0148,Tas Kebabı,13,3.3
U0148,Kazandibi,8,3.2
U0148,Yayla Çorbası,11,3.6
U0148,Makarna,13,3.6
U0148,Karnıyarık,9,3.5
U0149,Sebze Graten,9,4.0
U0149,Hamsi Tava,11,4.1
U0149,Tavuk Suyu Çorbası,14,3.1
U0149,Et Sote,11,4.0
U0149,İmambayıldı,1,4.2
U0149,Tavukgöğsü,1,4.0
U0149,Nohut,12,4.0
U0149,Zeytinyağlı Enginar,5,4.5
U0149,Kuru Fasulye,9,4.4
U0149,Profiterol,5,4.1
U0149,Ezogelin Çorbası,6,3.5
U0149,Çoban Salata,14,4.4
U0149,Aşure,14,4.3
U0149,Güllaç,14,3.1
U0149,Sigara Böreği,12,3.4
U0149,Tarhana Çorbası,8,3.1
U0150,Ton Balıklı Salata,3,3.6
U0150,Tavukgöğsü,13,4.4
U0150,Patates Kızartması,10,3.3
U0150,Ezogelin Çorbası,6,3.2
U0150,Sebze Graten,6,4.1
U0150,İrmik Helvası,7,5.0
U0150,Tavuk Döner,2,4.4
U0150,İmambayıldı,5,4.5
U0150,Gavurdağı Salata,3,4.6
U0150,Mercimek Çorbası,10,3.7
U0150,Domates Çorbası,14,4.9
U0150,Zeytinyağlı Enginar,7,4.7
U0150,Zeytinyağlı Sarma,15,3.7
U0150,Et Sote,8,3.4
U0150,Orman Kebabı,7,4.4
U0150,Güllaç,4,3.7
U0150,Et Döner,9,4.1
U0150,Pirinç Pilavı,1,4.2
U0150,Düğün Çorbası,3,4.8
U0150,Zeytinyağlı Taze Fasulye,14,3.1
U0151,Düğün Çorbası,4,4.8
U0151,Kuru Fasulye,9,4.1
U0151,İmambayıldı,15,4.2
U0151,Ton Balıklı Salata,10,3.2
U0151,Rus Salatası,1,4.3
U0151,Fırın Tavuk,15,4.1
U0151,Tavuk Şiş,14,3.6
U0151,Zeytinyağlı Enginar,10,3.2
U0151,Kemalpaşa,6,3.9
U0151,Tavuk Sote,2,3.6
U0151,Su Böreği,6,4.8
U0151,Kadınbudu Köfte,1,4.7
U0151,Karnıyarık,8,4.3
U0151,Sezar Salata,12,3.9
U0152,Zeytinyağlı Sarma,6,3.4
U0152,Kuru Fasulye,11,4.1
U0152,Kazandibi,7,4.6
U0152,Rus Salatası,10,3.8
U0152,Aşure,1,3.8
U0152,Et Döner,3,3.4
U0152,Revani,4,3.8
U0152,Gavurdağı Salata,4,3.1
U0152,Tavuk Şiş,14,4.1
U0152,Et Sote,10,3.8
U0152,Patates Püresi,13,5.0
U0152,Baklava,15,4.5
U0152,Ezogelin Çorbası,12,4.2
U0152,Güllaç,8,4.9
U0152,Zeytinyağlı Taze Fasulye,7,3.4
U0152,Profiterol,15,4.5
U0152,Sütlaç,10,4.6
U0152,Hamsi Tava,12,4.7
U0152,Tavuk Suyu Çorbası,3,4.8
U0153,Köfte,5,4.5
U0153,Çoban Salata,9,4.4
U0153,Izgara Balık,11,4.2
U0153,Sigara Böreği,7,4.7
U0153,Bulgur Pilavı,6,3.8
U0153,Güllaç,4,4.8
U0153,Kadınbudu Köfte,10,4.9
U0153,İrmik Helvası,5,4.1
U0153,Ezogelin Çorbası,8,3.0
U0153,Mantar Çorbası,1,3.2
U0154,Tavuk Suyu Çorbası,1,4.5
U0154,Tavuk Sote,14,4.5
U0154,Tavukgöğsü,2,3.4
U0154,Ezogelin Çorbası,11,4.7
U0154,Güllaç,13,3.9
U0154,Fırın Tavuk,12,4.2
U0154,Piliç Topkapı,13,4.5
U0154,Nohut,1,4.5
U0154,Düğün Çorbası,12,3.1
U0154,Köfte,1,4.6
U0154,Aşure,4,4.3
U0154,Revani,15,3.5
U0154,Tavuk Şiş,1,4.9
U0154,Hamsi Tava,6,3.2
U0154,Pırasa Yemeği,6,4.2
U0154,Pirinç Pilavı,13,4.9
U0154,Kazandibi,1,4.4
U0155,Zeytinyağlı Taze Fasulye,5,3.7
U0155,Et Döner,2,3.6
U0155,Sezar Salata,12,4.4
U0155,İrmik Helvası,11,4.3
U0155,Domates Çorbası,4,3.3
U0155,Tavuk Döner,12,3.4
U0155,Düğün Çorbası,3,3.4
U0155,Zeytinyağlı Sarma,1,3.8
U0155,Bulgur Pilavı,1,4.2
U0155,Ton Balıklı Salata,12,4.3
U0155,Baklava,11,3.2
U0155,Patates Salatası,15,4.8
U0155,Fırın Tavuk,5,3.5
U0156,Tavuk Döner,6,4.6
U0156,Kuru Fasulye,15,3.1
U0156,Ezogelin Çorbası,14,4.8
U0156,Tavuk Sote,14,3.7
U0156,Bulgur Pilavı,2,4.8
U0156,Et Sote,15,3.7
U0156,Profiterol,3,4.8
U0156,Ispanak Yemeği,11,3.3
U0156,Zeytinyağlı Taze Fasulye,3,5.0
U0156,İskender Kebap,4,3.4
U0156,Et Döner,15,3.9
U0156,Patates Salatası,5,4.3
U0156,Köfte,5,4.7
U0156,Mercimek Köftesi,12,4.1
U0156,Su Böreği,12,4.3
U0156,Çoban Salata,8,4.8
U0156,Sebze Graten,13,4.4
U0157,Mevsim Salata,1,4.4
U0157,Tavuk Döner,10,3.3
U0157,Rus Salatası,7,3.1
U0157,Profiterol,9,3.6
U0157,Patates Kızartması,15,3.8
U0157,Tarhana Çorbası,3,3.9
U0157,Domates Çorbası,6,4.4
U0157,Düğün Çorbası,2,4.1
U0157,Tavuk Sote,10,4.6
U0157,Köfte,13,4.3
U0157,Orman Kebabı,3,3.8
U0157,Hamsi Tava,2,4.3
U0157,Sebze Graten,9,3.5
U0158,Gavurdağı Salata,4,4.5
U0158,Kuru Fasulye,15,3.3
U0158,İrmik Helvası,15,5.0
U0158,Piliç Topkapı,1,4.3
U0158,Pırasa Yemeği,2,3.1
U0158,Fırın Tavuk,9,4.6
U0158,Tarhana Çorbası,15,4.3
U0158,Baklava,6,4.7
U0158,Patates Püresi,2,5.0
U0158,Revani,3,3.8
U0158,Köfte,10,4.6
U0158,Mantar Çorbası,5,4.2
U0158,Sütlaç,2,3.4
U0159,Sigara Böreği,13,3.3
U0159,Tavukgöğsü,3,4.2
U0159,Aşure,12,3.7
U0159,Tavuk Şiş,15,3.2
U0159,Ton Balıklı Salata,11,3.2
U0159,Yayla Çorbası,11,4.1
U0159,Köfte,11,4.8
U0159,Domates Çorbası,7,3.4
U0159,Sezar Salata,2,3.3
U0159,Tarhana Çorbası,5,4.8
U0159,Bulgur Pilavı,4,3.3
U0159,Zeytinyağlı Sarma,1,3.7
U0159,İskender Kebap,10,3.8
U0159,Tavuk Suyu Çorbası,3,5.0
U0159,Düğün Çorbası,3,4.7
U0159,Karnıyarık,1,3.9
U0159,Mercimek Çorbası,7,5.0
U0160,Hamsi Tava,12,3.9
U0160,Su Böreği,13,3.2
U0160,Domates Çorbası,3,3.3
U0160,Patates Püresi,15,3.8
U0160,Köfte,2,4.7
U0160,Et Döner,14,4.2
U0160,Tas Kebabı,9,3.4
U0160,Rus Salatası,3,3.5
U0160,Tavuk Suyu Çorbası,13,3.5
U0160,Kazandibi,2,4.4
U0160,Patates Salatası,1,3.3
U0161,İrmik Helvası,5,4.9
U0161,Ton Balıklı Salata,13,4.8
U0161,Tarhana Çorbası,2,3.8
U0161,Gavurdağı Salata,1,4.0
U0161,Et Döner,2,4.4
U0161,Tas Kebabı,12,3.5
U0161,Ispanak Yemeği,9,3.2
U0161,Patates Kızartması,3,4.6
U0162,Bulgur Pilavı,13,4.2
U0162,Nohut,6,3.7
U0162,Piliç Topkapı,14,3.4
U0162,Hamsi Tava,12,3.7
U0162,Sezar Salata,4,3.4
U0162,Kadınbudu Köfte,6,3.8
U0162,Pirinç Pilavı,7,3.4
U0162,Su Böreği,12,4.3
U0162,Baklava,4,4.3
U0162,Köfte,6,4.3
U0162,Ispanak Yemeği,4,3.8
U0162,Ton Balıklı Salata,11,3.5
U0162,İrmik Helvası,13,4.8
U0162,Patates Püresi,7,3.3
U0162,Kemalpaşa,7,4.0
U0162,Mercimek Çorbası,5,3.3
U0163,Yayla Çorbası,14,4.8
U0163,Tavuk Suyu Çorbası,4,4.8
U0163,Tavuk Sote,7,4.3
U0163,Karnıyarık,13,3.6
U0163,Sigara Böreği,15,4.7
U0163,Ton Balıklı Salata,13,4.1
U0163,Kazandibi,4,4.9
U0163,Domates Çorbası,8,4.2
U0163,Sütlaç,2,4.3
U0163,Orman Kebabı,15,4.6
U0163,Ispanak Yemeği,10,3.5
U0163,Profiterol,10,3.2
U0163,Düğün Çorbası,4,3.5
U0163,Gavurdağı Salata,1,4.4
U0163,Bulgur Pilavı,11,3.8
U0163,Tas Kebabı,8,4.7
U0163,Tavuk Şiş,10,4.2
U0163,Patates Püresi,2,3.3
U0163,Nohut,2,3.4
U0163,Zeytinyağlı Enginar,9,4.3
U0164,İskender Kebap,15,5.0
U0164,Pirinç Pilavı,5,3.3
U0164,Pırasa Yemeği,10,3.8
U0164,Tavukgöğsü,1,4.6
U0164,Hamsi Tava,10,3.3
U0164,Mercimek Çorbası,15,4.2
U0164,Tavuk Suyu Çorbası,4,3.6
U0164,Sebze Graten,11,4.6
U0164,Aşure,6,3.0
U0164,Izgara Balık,14,4.5
U0164,Sezar Salata,5,4.9
U0165,Izgara Balık,10,4.2
U0165,Tavuk Döner,7,4.0
U0165,Baklava,14,4.3
U0165,Tas Kebabı,7,3.2
U0165,Güllaç,8,3.9
U0165,Zeytinyağlı Sarma,10,4.9
U0165,Mercimek Köftesi,10,3.4
U0165,Mercimek Çorbası,4,3.5
U0165,Yayla Çorbası,15,4.0
U0165,Mantar Çorbası,12,3.1
U0165,Gavurdağı Salata,1,3.9
U0165,Makarna,2,4.9
U0165,Tarhana Çorbası,10,3.9
U0165,Bulgur Pilavı,7,4.2
U0165,Tavuk Suyu Çorbası,5,3.2
U0165,Sütlaç,5,3.0
U0165,Fırın Tavuk,8,3.4
U0165,Patates Salatası,10,4.6
U0165,Kemalpaşa,5,4.9
U0165,Kazandibi,3,4.6
U0166,Sebze Graten,4,4.1
U0166,Mantar Çorbası,5,4.1
U0166,İrmik Helvası,14,3.6
U0166,Profiterol,8,4.7
U0166,Izgara Balık,1,4.1
U0166,Et Döner,12,3.2
U0166,Mevsim Salata,12,3.6
U0166,Hamsi Tava,8,3.4
U0166,İmambayıldı,15,4.9
U0166,Karnıyarık,14,4.5
U0166,Bulgur Pilavı,5,4.6
U0166,Tas Kebabı,9,3.0
U0166,Tavuk Suyu Çorbası,11,4.7
U0166,Gavurdağı Salata,6,3.9
U0166,Kemalpaşa,10,4.7
U0166,Sezar Salata,10,4.9
U0167,Hamsi Tava,4,3.1
U0167,Ispanak Yemeği,12,4.8
U0167,İrmik Helvası,8,4.4
U0167,Tavukgöğsü,9,4.1
U0167,Nohut,10,4.5
U0167,Tavuk Suyu Çorbası,7,3.8
U0167,Ezogelin Çorbası,1,3.1
U0167,Sigara Böreği,11,5.0
U0167,İmambayıldı,12,4.0
U0167,Mercimek Çorbası,14,4.6
U0167,İskender Kebap,6,3.8
U0167,Patates Püresi,12,4.1
U0168,Mercimek Köftesi,3,3.1
U0168,Çoban Salata,1,3.3
U0168,Sezar Salata,3,4.4
U0168,Aşure,5,4.4
U0168,İmambayıldı,3,4.7
U0168,Kazandibi,1,4.3
U0168,Pırasa Yemeği,15,3.4
U0168,Düğün Çorbası,1,4.5
U0168,Ispanak Yemeği,12,3.4
U0168,Revani,14,3.3
U0168,Sebze Graten,15,5.0
U0168,Pirinç Pilavı,1,4.8
U0168,Kadınbudu Köfte,13,3.6
U0168,Makarna,14,4.8
U0168,Ton Balıklı Salata,3,3.8
U0168,Orman Kebabı,15,3.7
U0168,Zeytinyağlı Enginar,15,4.9
U0168,Hamsi Tava,6,3.2
U0168,Rus Salatası,5,3.5
U0169,Aşure,4,3.4
U0169,Et Sote,2,4.9
U0169,Tavukgöğsü,8,3.1
U0169,Pırasa Yemeği,6,4.3
U0169,Tarhana Çorbası,15,3.5
U0169,Güllaç,4,4.2
U0169,İskender Kebap,5,4.3
U0169,Kuru Fasulye,9,4.3
U0169,Köfte,12,4.8
U0169,Kemalpaşa,12,4.9
U0169,Sebze Graten,13,4.1
U0169,Karnıyarık,11,4.0
U0169,Sütlaç,1,4.7
U0169,Ezogelin Çorbası,14,4.6
U0169,Mevsim Salata,4,4.4
U0169,Patates Salatası,15,4.7
U0170,Sütlaç,12,4.7
U0170,Çoban Salata,15,4.4
U0170,Tas Kebabı,5,4.4
U0170,Makarna,6,3.2
U0170,Ispanak Yemeği,4,4.7
U0170,Ton Balıklı Salata,10,3.7
U0170,Su Böreği,7,4.2
U0170,Sigara Böreği,2,3.3
U0170,Zeytinyağlı Enginar,4,4.1
U0171,Pirinç Pilavı,5,4.8
U0171,Çoban Salata,1,4.9
U0171,Tavuk Döner,7,4.0
U0171,Rus Salatası,3,4.9
U0171,Patates Salatası,1,3.7
U0171,Ton Balıklı Salata,12,3.7
U0171,Mercimek Köftesi,13,4.1
U0171,Revani,6,3.3
U0171,Fırın Tavuk,11,4.6
U0171,Tavukgöğsü,9,3.0
U0171,Bulgur Pilavı,14,4.6
U0171,Ezogelin Çorbası,7,4.4
U0171,Kuru Fasulye,13,3.9
U0171,Aşure,2,3.4
U0171,Düğün Çorbası,2,3.0
U0171,Mevsim Salata,2,3.9
U0171,Baklava,6,3.7
U0172,Mercimek Köftesi,11,4.8
U0172,Baklava,8,3.2
U0172,Kazandibi,9,3.9
U0172,Kuru Fasulye,5,4.1
U0172,İrmik Helvası,12,3.1
U0172,Sezar Salata,15,4.0
U0172,Mantar Çorbası,15,3.4
U0172,Kadınbudu Köfte,6,3.3
U0172,İskender Kebap,15,3.1
U0172,Ton Balıklı Salata,14,4.5
U0173,Bulgur Pilavı,3,4.9
U0173,Düğün Çorbası,5,3.2
U0173,Patates Kızartması,5,4.1
U0173,Tavuk Sote,6,3.4
U0173,Orman Kebabı,12,4.9
U0173,Izgara Balık,4,3.5
U0173,Revani,13,3.8
U0174,Aşure,8,3.3
U0174,Ton Balıklı Salata,12,3.1
U0174,İskender Kebap,5,3.6
U0174,Patates Kızartması,10,3.7
U0174,Revani,10,4.5
U0174,Orman Kebabı,2,4.2
U0174,Mercimek Köftesi,8,3.0
U0174,Fırın Tavuk,3,3.5
U0174,Tavuk Sote,4,4.3
U0174,Sütlaç,9,4.0
U0174,İrmik Helvası,5,3.7
U0175,Et Sote,14,4.5
U0175,Orman Kebabı,4,4.7
U0175,Baklava,11,4.7
U0175,Tavuk Suyu Çorbası,11,3.2
U0175,Mercimek Çorbası,11,3.3
U0175,Makarna,10,4.4
U0175,Domates Çorbası,2,4.6
U0175,Et Döner,2,3.1
U0175,Rus Salatası,11,4.7
U0175,Tas Kebabı,4,4.3
U0175,İrmik Helvası,5,4.0
U0175,Mercimek Köftesi,1,4.5
U0175,Tavuk Sote,13,4.1
U0176,Kadınbudu Köfte,10,3.1
U0176,Izgara Balık,5,4.5
U0176,İrmik Helvası,2,3.4
U0176,Kemalpaşa,8,4.4
U0176,Sütlaç,12,3.2
U0176,Kuru Fasulye,10,4.5
U0176,Tarhana Çorbası,5,4.2
U0176,Yayla Çorbası,14,4.8
U0176,Ton Balıklı Salata,10,3.9
U0176,Karnıyarık,12,3.1
U0176,Mercimek Köftesi,3,3.7
U0176,Zeytinyağlı Taze Fasulye,14,3.7
U0176,İmambayıldı,5,3.0
U0176,Et Döner,1,3.7
U0176,Gavurdağı Salata,9,3.9
U0176,Sezar Salata,9,3.6
U0176,Mevsim Salata,5,3.9
U0176,Tavuk Şiş,1,3.1
U0177,Patates Püresi,8,3.4
U0177,Zeytinyağlı Enginar,15,4.3
U0177,Patates Kızartması,15,4.6
U0177,Profiterol,15,4.5
U0177,Kuru Fasulye,7,3.7
U0177,Sütlaç,13,4.0
U0177,Mantar Çorbası,14,4.7
U0177,Nohut,10,4.6
U0177,Domates Çorbası,14,3.2
U0177,Piliç Topkapı,6,4.4
U0177,Revani,6,4.5
U0178,Sigara Böreği,7,3.8
U0178,İmambayıldı,12,5.0
U0178,Pirinç Pilavı,7,4.1
U0178,Mercimek Köftesi,10,3.6
U0178,Sütlaç,11,5.0
U0178,Orman Kebabı,11,3.8
U0178,Profiterol,15,4.8
U0178,Mercimek Çorbası,1,3.0
U0178,Tavuk Şiş,14,3.8
U0178,Köfte,13,3.6
U0179,Baklava,7,4.1
U0179,Tas Kebabı,13,4.5
U0179,Ispanak Yemeği,12,4.1
U0179,Güllaç,1,3.1
U0179,Zeytinyağlı Enginar,13,4.1
U0179,Pırasa Yemeği,4,3.6
U0179,İrmik Helvası,9,4.9
U0179,Sütlaç,12,3.5
U0179,Orman Kebabı,12,4.5
U0179,Mantar Çorbası,5,3.5
U0179,Revani,12,5.0
U0179,Kemalpaşa,1,4.6
U0179,Bulgur Pilavı,1,3.5
U0180,Tavuk Sote,15,3.5
U0180,Aşure,12,4.9
U0180,Sütlaç,15,3.2
U0180,İmambayıldı,11,4.1
U0180,Profiterol,6,4.3
U0180,Patates Salatası,14,4.7
U0180,Su Böreği,4,3.1
U0180,Tavuk Suyu Çorbası,13,4.3
U0180,Yayla Çorbası,13,3.0
U0180,İrmik Helvası,10,3.6
U0180,Zeytinyağlı Sarma,1,3.0
U0180,Mevsim Salata,4,4.5
U0180,Bulgur Pilavı,14,4.7
U0180,Sebze Graten,1,3.3
U0180,Kemalpaşa,11,3.2
U0180,Domates Çorbası,12,3.3
U0180,Orman Kebabı,6,3.3
U0180,Zeytinyağlı Enginar,12,3.4
U0180,Köfte,12,3.1
U0180,Patates Püresi,15,3.0
U0181,Mantar Çorbası,4,3.0
U0181,İmambayıldı,5,3.5
U0181,Düğün Çorbası,3,4.6
U0181,Et Döner,15,4.4
U0181,Tavuk Şiş,8,4.4
U0181,Hamsi Tava,11,3.7
U0181,Mevsim Salata,12,3.1
U0181,Ton Balıklı Salata,14,3.4
U0181,İskender Kebap,11,3.8
U0181,Sebze Graten,6,4.3
U0181,Makarna,10,3.5
U0181,Ezogelin Çorbası,12,3.9
U0181,Tavukgöğsü,14,4.4
U0182,Kazandibi,12,4.0
U0182,Patates Salatası,5,3.9
U0182,Düğün Çorbası,15,4.3
U0182,Tavukgöğsü,11,4.8
U0182,Su Böreği,2,4.7
U0182,Köfte,5,3.4
U0183,Mevsim Salata,3,4.1
U0183,Kemalpaşa,3,4.0
U0183,Zeytinyağlı Enginar,4,3.9
U0183,Kuru Fasulye,3,4.4
U0183,Su Böreği,10,4.6
U0183,Et Sote,11,3.2
U0183,Tavukgöğsü,2,4.0
U0183,Sigara Böreği,2,3.0
U0183,Çoban Salata,4,4.1
U0183,Tavuk Suyu Çorbası,11,4.3
U0183,Fırın Tavuk,14,4.8
U0183,Tarhana Çorbası,10,3.6
U0183,Tavuk Şiş,1,3.6
U0184,Makarna,9,4.0
U0184,Kemalpaşa,15,4.9
U0184,Ispanak Yemeği,15,4.5
U0184,Zeytinyağlı Enginar,3,4.9
U0184,Patates Salatası,2,4.4
U0184,Izgara Balık,10,4.1
U0184,Tavuk Sote,15,4.2
U0184,Nohut,10,4.4
U0184,İskender Kebap,6,3.3
U0184,Tavuk Döner,7,4.6
U0184,Tavukgöğsü,15,3.7
U0184,Zeytinyağlı Sarma,6,3.7
U0185,Zeytinyağlı Sarma,11,3.8
U0185,Tas Kebabı,10,4.0
U0185,Domates Çorbası,2,3.2
U0185,Piliç Topkapı,4,3.1
U0185,İmambayıldı,2,5.0
U0185,Revani,11,4.5
U0185,Tavuk Sote,15,3.9
U0185,Tavuk Şiş,11,3.7
U0185,Tavukgöğsü,9,4.7
U0185,Tarhana Çorbası,14,3.6
U0185,Düğün Çorbası,4,3.5
U0185,Makarna,3,3.7
U0185,Kazandibi,6,3.6
U0185,Izgara Balık,3,3.4
U0185,Aşure,5,3.8
U0185,Güllaç,5,3.6
U0185,Patates Püresi,14,4.2
U0185,Patates Kızartması,13,3.1
U0185,Pırasa Yemeği,13,4.5
U0186,Mercimek Çorbası,12,4.6
U0186,Kadınbudu Köfte,13,4.2
U0186,Ton Balıklı Salata,9,4.5
U0186,Tavuk Döner,10,4.0
U0186,Mantar Çorbası,7,4.3
U0186,Mevsim Salata,8,3.8
U0186,Zeytinyağlı Sarma,2,4.2
U0186,Sebze Graten,13,3.8
U0186,Çoban Salata,8,4.0
U0186,Rus Salatası,8,3.2
U0186,Et Sote,14,3.3
U0186,İskender Kebap,7,3.7
U0186,Ispanak Yemeği,3,4.5
U0186,Karnıyarık,13,4.1
U0186,Düğün Çorbası,13,4.3
U0186,Zeytinyağlı Taze Fasulye,15,4.6
U0186,Tavuk Sote,14,3.1
U0186,Ezogelin Çorbası,14,3.0
U0186,Tavuk Suyu Çorbası,3,3.8
U0186,Patates Salatası,12,4.3
U0187,Nohut,11,3.1
U0187,Kadınbudu Köfte,4,4.2
U0187,Hamsi Tava,13,3.6
U0187,Su Böreği,4,3.2
U0187,Makarna,9,4.7
U0187,İrmik Helvası,12,4.6
U0187,Kazandibi,7,4.6
U0187,Kuru Fasulye,5,4.0
U0188,Tas Kebabı,1,4.7
U0188,Domates Çorbası,9,3.7
U0188,Patates Kızartması,2,3.8
U0188,Zeytinyağlı Enginar,8,4.0
U0188,Mevsim Salata,10,4.4
U0188,Mantar Çorbası,6,3.6
U0188,Aşure,9,4.4
U0188,İskender Kebap,7,5.0
U0188,Çoban Salata,12,4.4
U0188,Rus Salatası,8,4.0
U0188,İrmik Helvası,11,3.8
U0188,Tavuk Sote,7,4.2
U0188,Revani,14,3.1
U0188,Ispanak Yemeği,14,3.9
U0188,Zeytinyağlı Taze Fasulye,14,4.9
U0188,Piliç Topkapı,10,4.4
U0188,Sebze Graten,13,3.1
U0188,Mercimek Köftesi,5,5.0
U0189,Güllaç,8,3.5
U0189,Fırın Tavuk,7,4.1
U0189,Et Sote,4,3.5
U0189,Mevsim Salata,1,4.0
U0189,Su Böreği,2,3.3
U0189,Kadınbudu Köfte,6,4.1
U0189,Tas Kebabı,10,3.8
U0189,Nohut,6,4.1
U0189,Sezar Salata,2,3.7
U0189,Patates Salatası,2,4.9
U0190,Güllaç,11,3.6
U0190,Et Sote,2,4.8
U0190,Pirinç Pilavı,2,5.0
U0190,Su Böreği,5,5.0
U0190,Ezogelin Çorbası,6,4.9
U0190,Zeytinyağlı Enginar,11,3.7
U0190,Gavurdağı Salata,14,4.4
U0190,Kadınbudu Köfte,3,3.6
U0190,İmambayıldı,4,3.5
U0190,Baklava,15,4.9
U0190,Tavukgöğsü,11,4.2
U0190,Karnıyarık,5,3.7
U0191,Sezar Salata,15,4.7
U0191,Tarhana Çorbası,9,4.7
U0191,Mantar Çorbası,1,3.2
U0191,Karnıyarık,7,4.1
U0191,Profiterol,6,3.3
U0191,Revani,14,3.9
U0191,Et Sote,9,4.0
U0191,Gavurdağı Salata,9,3.5
U0191,Patates Kızartması,2,4.4
U0191,Fırın Tavuk,2,3.6
U0191,Piliç Topkapı,11,5.0
U0191,Izgara Balık,13,4.0
U0191,Düğün Çorbası,4,3.5
U0192,Kemalpaşa,3,3.6
U0192,Sütlaç,3,4.9
U0192,Nohut,12,4.1
U0192,Aşure,11,4.3
U0192,Düğün Çorbası,7,3.3
U0192,Fırın Tavuk,15,4.8
U0192,Zeytinyağlı Taze Fasulye,12,3.2
U0192,Zeytinyağlı Enginar,12,4.0
U0192,Kazandibi,5,4.4
U0192,Ezogelin Çorbası,13,4.4
U0192,Çoban Salata,6,4.2
U0192,Mevsim Salata,3,3.4
U0192,Tavuk Döner,9,3.3
U0192,Ispanak Yemeği,9,5.0
U0192,Et Sote,10,3.5
U0192,Mercimek Çorbası,1,3.7
U0192,Sigara Böreği,11,4.0
U0192,İrmik Helvası,14,3.8
U0192,Ton Balıklı Salata,5,3.9
U0193,Sigara Böreği,2,4.4
U0193,Patates Kızartması,5,4.9
U0193,İrmik Helvası,4,3.8
U0193,Tas Kebabı,7,4.4
U0193,Mercimek Köftesi,11,4.8
U0193,Makarna,3,3.9
U0193,Kemalpaşa,2,3.9
U0193,Tavuk Sote,1,4.9
U0194,Ton Balıklı Salata,1,3.0
U0194,Zeytinyağlı Enginar,7,3.9
U0194,Hamsi Tava,5,3.8
U0194,İrmik Helvası,8,3.4
U0194,Nohut,8,4.2
U0194,Rus Salatası,3,3.3
U0195,Tavuk Döner,3,4.0
U0195,Zeytinyağlı Enginar,9,3.9
U0195,Ispanak Yemeği,1,3.5
U0195,Bulgur Pilavı,5,4.1
U0195,Çoban Salata,10,3.8
U0195,Tavuk Şiş,8,4.4
U0195,Hamsi Tava,10,4.7
U0195,İrmik Helvası,7,3.4
U0195,Tas Kebabı,1,4.0
U0195,Patates Kızartması,12,3.1
U0195,Mevsim Salata,9,3.5
U0195,Zeytinyağlı Taze Fasulye,15,4.5
U0195,Sütlaç,4,4.1
U0195,Patates Salatası,2,4.5
U0195,Mantar Çorbası,8,3.6
U0196,Gavurdağı Salata,13,3.2
U0196,Tarhana Çorbası,3,3.6
U0196,Karnıyarık,1,4.4
U0196,Mantar Çorbası,14,3.9
U0196,Orman Kebabı,12,3.3
U0196,Izgara Balık,13,4.2
U0196,Pirinç Pilavı,13,4.0
U0196,Revani,11,4.4
U0196,Çoban Salata,15,3.4
U0196,Tas Kebabı,9,4.9
U0196,Profiterol,8,3.4
U0196,Piliç Topkapı,2,3.2
U0196,Rus Salatası,5,4.7
U0196,Zeytinyağlı Taze Fasulye,10,4.8
U0196,Ton Balıklı Salata,6,4.2
U0197,Pırasa Yemeği,13,3.6
U0197,Sezar Salata,14,4.8
U0197,Kadınbudu Köfte,6,3.2
U0197,Mercimek Çorbası,6,3.7
U0197,Et Döner,9,3.1
U0198,Baklava,3,4.1
U0198,Tas Kebabı,11,4.2
U0198,Fırın Tavuk,14,4.9
U0198,Karnıyarık,8,4.3
U0198,Kazandibi,2,3.0
U0198,Orman Kebabı,6,4.3
U0198,İskender Kebap,4,3.1
U0198,Zeytinyağlı Sarma,1,4.2
U0198,Tavuk Suyu Çorbası,10,3.3
U0198,Mantar Çorbası,8,4.1
U0199,Ton Balıklı Salata,10,4.7
U0199,Patates Püresi,6,3.2
U0199,Nohut,14,3.2
U0199,Çoban Salata,3,4.5
U0199,Kadınbudu Köfte,3,4.8
U0199,Mantar Çorbası,10,3.0
U0199,Baklava,13,3.4
U0199,Hamsi Tava,15,4.6
U0199,Bulgur Pilavı,6,3.3
U0199,Tavuk Sote,7,4.5
U0199,Patates Kızartması,12,4.7
U0199,İrmik Helvası,7,3.8
U0199,Aşure,10,3.4
U0199,İskender Kebap,11,3.2
U0199,Tavuk Döner,8,4.6
U0199,Güllaç,10,4.0
U0200,Tas Kebabı,11,3.8
U0200,Tavukgöğsü,11,4.1
U0200,Bulgur Pilavı,1,3.6
U0200,Yayla Çorbası,6,3.8
U0200,Patates Püresi,11,4.8
U0200,İrmik Helvası,3,3.3
U0200,Et Döner,1,3.6
U0200,Mevsim Salata,14,3.6
U0200,Pirinç Pilavı,2,3.8
U0200,Kuru Fasulye,9,4.5
U0200,Ispanak Yemeği,7,4.4
U0200,Zeytinyağlı Taze Fasulye,4,5.0
U0200,Düğün Çorbası,1,3.2
U0200,Rus Salatası,7,4.2
U0200,Patates Salatası,13,4.7
U0200,Zeytinyağlı Enginar,14,4.7
U0201,Köfte,10,4.9
U0201,Tavukgöğsü,4,3.9
U0201,Mantar Çorbası,9,3.8
U0201,Tarhana Çorbası,15,4.6
U0201,Rus Salatası,8,4.7
U0202,Ispanak Yemeği,12,4.0
U0202,Tavuk Suyu Çorbası,3,4.1
U0202,İmambayıldı,14,3.2
U0202,Kuru Fasulye,6,3.0
U0202,Mercimek Çorbası,7,3.8
U0202,Pirinç Pilavı,9,3.4
U0202,Kazandibi,2,3.7
U0202,Patates Salatası,9,4.6
U0202,Mercimek Köftesi,12,3.4
U0202,Zeytinyağlı Sarma,14,4.1
U0202,Tas Kebabı,10,3.4
U0202,Domates Çorbası,11,4.2
U0202,Kadınbudu Köfte,11,4.1
U0202,Pırasa Yemeği,7,3.8
U0202,Tarhana Çorbası,13,3.6
U0202,Tavukgöğsü,15,4.8
U0202,Makarna,8,4.3
U0202,Mevsim Salata,14,3.4
U0202,Tavuk Sote,5,3.8
U0203,Rus Salatası,12,4.6
U0203,Ton Balıklı Salata,7,5.0
U0203,Bulgur Pilavı,7,4.3
U0203,Izgara Balık,14,3.3
U0203,Nohut,13,4.5
U0203,Fırın Tavuk,12,3.4
U0203,Sebze Graten,5,3.3
U0203,Mercimek Köftesi,13,3.2
U0203,Mercimek Çorbası,10,4.7
U0203,Kadınbudu Köfte,3,4.6
U0203,Pirinç Pilavı,1,4.4
U0203,Pırasa Yemeği,3,3.8
U0203,Zeytinyağlı Taze Fasulye,13,4.7
U0204,İskender Kebap,11,3.1
U0204,Bulgur Pilavı,14,3.2
U0204,Et Sote,4,3.2
U0204,Hamsi Tava,3,3.9
U0204,Tavuk Döner,9,3.6
U0204,Makarna,4,3.4
U0204,Tas Kebabı,8,3.6
U0204,Güllaç,11,4.6
U0204,Pirinç Pilavı,5,3.4
U0204,Profiterol,6,3.0
U0204,Orman Kebabı,6,4.6
U0204,Rus Salatası,15,4.2
U0205,Sebze Graten,5,4.7
U0205,Sütlaç,11,4.6
U0205,Gavurdağı Salata,9,4.2
U0205,Baklava,1,4.6
U0205,Pırasa Yemeği,9,4.4
U0205,Ton Balıklı Salata,8,4.6
U0205,Bulgur Pilavı,7,4.1
U0205,Su Böreği,7,3.9
U0205,Kuru Fasulye,7,3.7
U0205,İskender Kebap,7,3.1
U0205,Sigara Böreği,9,3.9
U0205,Domates Çorbası,13,4.8
U0205,Kazandibi,9,4.3
U0205,Tavuk Şiş,12,3.1
U0205,Mercimek Çorbası,1,3.4
U0205,Piliç Topkapı,11,3.3
U0206,Köfte,10,3.7
U0206,Sezar Salata,10,4.4
U0206,Et Sote,9,4.1
U0206,Piliç Topkapı,3,3.3
U0206,Aşure,4,4.1
U0206,Kadınbudu Köfte,9,4.6
U0206,Güllaç,7,3.2
U0207,Nohut,7,3.9
U0207,Mercimek Çorbası,13,4.7
U0207,Tas Kebabı,12,4.1
U0207,İskender Kebap,9,4.6
U0207,Fırın Tavuk,1,4.2
U0207,Pirinç Pilavı,1,4.3
U0207,Karnıyarık,13,3.8
U0207,Tarhana Çorbası,10,3.8
U0207,Revani,2,4.9
U0207,Düğün Çorbası,8,4.4
U0207,Zeytinyağlı Enginar,13,3.8
U0207,İmambayıldı,2,4.6
U0207,Gavurdağı Salata,13,4.3
U0207,Et Sote,3,3.5
U0207,Patates Püresi,5,4.6
U0208,Tavuk Suyu Çorbası,4,4.4
U0208,Rus Salatası,6,3.2
U0208,Pırasa Yemeği,6,4.3
U0208,Yayla Çorbası,9,4.1
U0208,Zeytinyağlı Sarma,8,3.6
U0208,Zeytinyağlı Enginar,8,4.1
U0208,Zeytinyağlı Taze Fasulye,13,4.3
U0208,Sebze Graten,15,4.8
U0208,Düğün Çorbası,1,4.6
U0208,Kuru Fasulye,12,4.6
U0208,Sigara Böreği,10,4.0
U0208,İrmik Helvası,2,3.8
U0208,Hamsi Tava,14,3.6
U0208,Sütlaç,12,4.0
U0208,İskender Kebap,15,4.0
U0208,Orman Kebabı,3,4.8
U0208,Pirinç Pilavı,11,4.4
U0208,Sezar Salata,13,3.9
U0208,Fırın Tavuk,6,3.3
U0208,Et Döner,6,4.8
U0209,Aşure,14,3.4
U0209,Su Böreği,14,4.9
U0209,Zeytinyağlı Enginar,3,3.2
U0209,Bulgur Pilavı,3,3.0
U0209,Kuru Fasulye,13,3.5
U0209,Sebze Graten,5,4.3
U0209,İmambayıldı,14,3.4
U0209,Köfte,1,3.6
U0209,Gavurdağı Salata,9,3.9
U0210,Ispanak Yemeği,13,4.4
U0210,Baklava,6,4.3
U0210,Mercimek Köftesi,10,3.9
U0210,Et Sote,14,3.9
U0210,Kadınbudu Köfte,11,3.0
U0210,Sigara Böreği,6,4.8
U0210,Kemalpaşa,8,4.3
U0210,Gavurdağı Salata,13,4.1
U0210,Aşure,8,3.2
U0210,Tavuk Sote,9,4.5
U0210,İskender Kebap,9,3.7
U0210,Bulgur Pilavı,14,4.0
U0210,Tarhana Çorbası,3,3.8
U0210,Rus Salatası,4,3.8
U0210,Sebze Graten,8,4.7
U0210,Pirinç Pilavı,12,3.9
U0211,Patates Püresi,13,3.4
U0211,Sezar Salata,6,4.8
U0211,Et Döner,2,4.3
U0211,İmambayıldı,9,3.0
U0211,Sütlaç,4,4.6
U0211,Mercimek Çorbası,9,4.8
U0211,Tas Kebabı,11,4.9
U0211,Ispanak Yemeği,14,3.4
U0211,Patates Kızartması,3,3.4
U0211,Aşure,15,3.8
U0211,Revani,2,4.3
U0211,İskender Kebap,7,3.5
U0211,Fırın Tavuk,11,4.7
U0211,Kadınbudu Köfte,11,4.4
U0212,Tavuk Şiş,5,4.2
U0212,İskender Kebap,9,3.3
U0212,Patates Kızartması,13,3.2
U0212,Pirinç Pilavı,13,5.0
U0212,İrmik Helvası,11,4.6
U0212,Güllaç,1,3.4
U0212,Ton Balıklı Salata,4,3.4
U0213,Karnıyarık,11,4.1
U0213,İmambayıldı,3,4.0
U0213,Makarna,11,5.0
U0213,Düğün Çorbası,4,3.0
U0213,Izgara Balık,5,3.5
U0213,Tavuk Şiş,8,4.6
U0213,Yayla Çorbası,13,3.7
U0213,Hamsi Tava,7,4.5
U0213,Sütlaç,9,4.3
U0213,Profiterol,14,3.6
U0213,Patates Kızartması,9,4.7
U0213,Zeytinyağlı Taze Fasulye,12,3.3
U0213,Tarhana Çorbası,3,4.1
U0213,Ton Balıklı Salata,9,3.8
U0213,Tavuk Suyu Çorbası,5,3.1
U0213,Nohut,4,4.4
U0213,Zeytinyağlı Sarma,12,4.4
U0213,Fırın Tavuk,2,4.9
U0213,Bulgur Pilavı,10,4.2
U0214,Patates Kızartması,12,3.4
U0214,Tavuk Şiş,4,4.3
U0214,Tavuk Döner,15,4.3
U0214,Hamsi Tava,9,4.0
U0214,Kadınbudu Köfte,12,3.3
U0215,Güllaç,15,3.8
U0215,Bulgur Pilavı,10,3.9
U0215,Patates Kızartması,13,3.9
U0215,Karnıyarık,2,4.8
U0215,Düğün Çorbası,5,4.7
U0215,Ton Balıklı Salata,1,3.1
U0215,Gavurdağı Salata,14,4.8
U0215,Kadınbudu Köfte,1,3.5
U0215,Zeytinyağlı Enginar,12,3.8
U0215,Tavuk Sote,1,3.4
U0216,Et Döner,10,4.9
U0216,Tas Kebabı,8,4.6
U0216,Makarna,12,3.5
U0216,Mercimek Çorbası,10,3.0
U0216,Ezogelin Çorbası,13,3.3
U0216,Mantar Çorbası,14,4.5
U0216,Düğün Çorbası,7,3.6
U0216,Kemalpaşa,1,3.5
U0216,Tavukgöğsü,4,3.5
U0216,Zeytinyağlı Taze Fasulye,9,4.7
U0216,Çoban Salata,6,4.3
U0216,Et Sote,1,3.9
U0216,Profiterol,8,4.4
U0216,Güllaç,7,3.1
U0216,Sebze Graten,11,3.8
U0217,Makarna,8,4.1
U0217,Aşure,9,3.9
U0217,Zeytinyağlı Enginar,10,3.5
U0217,Patates Kızartması,12,3.3
U0217,Et Sote,13,3.3
U0217,Profiterol,1,3.8
U0217,Tavuk Sote,1,3.8
U0218,Sezar Salata,9,5.0
U0218,Pırasa Yemeği,7,3.2
U0218,Tavuk Sote,8,4.4
U0218,Tavuk Şiş,15,3.5
U0218,Düğün Çorbası,5,4.8
U0218,Et Sote,12,3.6
U0218,Kadınbudu Köfte,1,4.4
U0218,Kuru Fasulye,7,3.7
U0219,Çoban Salata,14,4.1
U0219,Tarhana Çorbası,14,3.9
U0219,Sezar Salata,14,4.3
U0219,Profiterol,6,3.5
U0219,Zeytinyağlı Enginar,1,4.9
U0219,Piliç Topkapı,15,3.0
U0219,Mevsim Salata,10,3.8
U0219,Et Döner,10,4.9
U0219,İrmik Helvası,6,3.9
U0219,Pırasa Yemeği,6,3.5
U0219,Bulgur Pilavı,4,4.9
U0220,Et Döner,4,3.4
U0220,Revani,5,4.4
U0220,Piliç Topkapı,11,3.4
U0220,Patates Kızartması,2,3.5
U0220,Aşure,10,4.7
U0220,Patates Salatası,13,5.0
U0220,Mevsim Salata,6,4.0
U0220,Köfte,9,3.7
U0220,Patates Püresi,10,4.0
U0220,Tavuk Döner,6,4.9
U0220,Mercimek Köftesi,13,3.6
U0220,Tavuk Şiş,3,4.7
U0220,Ezogelin Çorbası,8,4.7
U0220,Orman Kebabı,8,3.5
U0220,Mercimek Çorbası,10,4.7
U0220,Kemalpaşa,15,3.8
U0220,Tas Kebabı,8,3.2
U0221,Gavurdağı Salata,10,3.2
U0221,Pirinç Pilavı,10,3.7
U0221,Piliç Topkapı,14,3.3
U0221,İrmik Helvası,9,3.2
U0221,Fırın Tavuk,2,4.2
U0221,Tarhana Çorbası,11,4.1
U0221,Orman Kebabı,7,3.6
U0221,Patates Kızartması,11,3.6
U0221,Ton Balıklı Salata,1,4.7
U0222,Ton Balıklı Salata,7,4.7
U0222,Sigara Böreği,15,4.9
U0222,Domates Çorbası,11,4.0
U0222,Izgara Balık,7,3.9
U0222,Orman Kebabı,6,5.0
U0222,Mercimek Köftesi,11,3.7
U0222,Kazandibi,2,4.2
U0222,Patates Salatası,14,4.7
U0222,İrmik Helvası,11,4.3
U0222,Mevsim Salata,15,4.4
U0222,Karnıyarık,7,4.0
U0222,Tavuk Suyu Çorbası,15,3.6
U0222,Su Böreği,14,3.6
U0222,Gavurdağı Salata,12,4.5
U0222,Tas Kebabı,7,4.3
U0222,Profiterol,10,3.1
U0222,Bulgur Pilavı,7,4.9
U0222,Sütlaç,8,3.4
U0222,Patates Püresi,2,4.3
U0222,Kadınbudu Köfte,10,3.2
U0223,Köfte,14,4.7
U0223,Sütlaç,9,4.5
U0223,Ezogelin Çorbası,12,3.0
U0223,Patates Salatası,8,4.9
U0223,Mantar Çorbası,14,3.7
U0223,Domates Çorbası,11,4.4
U0223,Ispanak Yemeği,12,3.9
U0223,Makarna,1,4.3
U0223,Kuru Fasulye,13,4.1
U0223,Tavukgöğsü,7,4.9
U0223,Patates Püresi,3,4.1
U0223,Tavuk Döner,3,3.4
U0223,Patates Kızartması,1,3.3
U0223,Rus Salatası,6,4.9
U0223,Ton Balıklı Salata,1,5.0
U0224,Ezogelin Çorbası,10,3.1
U0224,Hamsi Tava,7,4.2
U0224,Profiterol,6,4.1
U0224,Karnıyarık,10,3.7
U0224,Pırasa Yemeği,3,4.6
U0224,İrmik Helvası,10,4.8
U0224,Orman Kebabı,13,4.5
U0224,Kazandibi,1,3.5
U0224,Tavuk Döner,14,4.0
U0224,Kadınbudu Köfte,12,3.5
U0224,Sezar Salata,6,4.1
U0224,Mantar Çorbası,3,3.6
U0224,Ispanak Yemeği,3,4.4
U0224,Mercimek Köftesi,12,3.9
U0224,Ton Balıklı Salata,1,4.4
U0224,Tarhana Çorbası,5,4.0
U0224,Et Sote,10,4.1
U0224,Piliç Topkapı,2,3.2
U0224,Kemalpaşa,6,3.0
U0225,Sezar Salata,5,3.7
U0225,Bulgur Pilavı,4,4.2
U0225,Patates Salatası,6,4.1
U0225,Yayla Çorbası,10,3.4
U0225,Kadınbudu Köfte,3,4.4
U0225,Hamsi Tava,7,4.3
U0226,Mantar Çorbası,9,4.2
U0226,Profiterol,5,4.7
U0226,Kemalpaşa,15,4.9
U0226,Sütlaç,3,4.0
U0226,Aşure,1,4.5
U0226,Pirinç Pilavı,10,4.2
U0227,Ezogelin Çorbası,6,3.9
U0227,Kemalpaşa,13,4.2
U0227,Et Sote,4,4.5
U0227,Fırın Tavuk,10,3.1
U0227,Mercimek Köftesi,5,3.4
U0227,Patates Salatası,3,4.8
U0227,Düğün Çorbası,12,4.8
U0227,Sütlaç,2,4.9
U0227,Pirinç Pilavı,2,3.7
U0227,Makarna,5,4.7
U0227,Yayla Çorbası,13,3.4
U0227,Izgara Balık,6,4.4
U0227,Köfte,5,3.8
U0227,Ispanak Yemeği,4,3.0
U0227,Nohut,8,4.6
U0227,Bulgur Pilavı,13,3.5
U0228,Tavuk Döner,3,4.3
U0228,Orman Kebabı,4,4.4
U0228,Domates Çorbası,4,4.6
U0228,Hamsi Tava,6,3.3
U0228,Sigara Böreği,6,3.1
U0228,Makarna,12,3.6
U0228,Köfte,2,3.2
U0228,Piliç Topkapı,11,3.0
U0228,Baklava,6,3.7
U0228,Bulgur Pilavı,2,4.0
U0228,İmambayıldı,14,3.5
U0228,Kuru Fasulye,14,3.7
U0228,Mantar Çorbası,7,4.4
U0228,Güllaç,8,3.9
U0228,Su Böreği,2,3.9
U0228,İskender Kebap,10,4.1
U0229,İmambayıldı,3,4.5
U0229,Ton Balıklı Salata,8,3.9
U0229,Kazandibi,14,3.6
U0229,Rus Salatası,11,4.2
U0229,Tavuk Suyu Çorbası,5,4.9
U0230,Mercimek Çorbası,10,4.7
U0230,Tas Kebabı,14,4.1
U0230,Gavurdağı Salata,14,4.2
U0230,Ton Balıklı Salata,10,4.7
U0230,Profiterol,8,4.6
U0230,Düğün Çorbası,4,3.3
U0230,Kadınbudu Köfte,12,3.9
U0230,Tavuk Şiş,7,4.7
U0230,Kemalpaşa,1,4.4
U0230,Çoban Salata,1,4.6
U0230,Et Sote,10,3.0
U0230,Domates Çorbası,2,3.1
U0230,Patates Salatası,4,3.3
U0230,Sezar Salata,3,4.3
U0230,Bulgur Pilavı,3,3.5
U0230,Pırasa Yemeği,12,4.0
U0230,Karnıyarık,2,3.2
U0230,Patates Püresi,4,3.4
U0231,Zeytinyağlı Taze Fasulye,5,3.5
U0231,Sütlaç,4,3.6
U0231,İskender Kebap,7,3.6
U0231,Patates Kızartması,15,4.6
U0231,Ezogelin Çorbası,12,3.7
U0231,Tas Kebabı,2,3.6
U0231,Et Döner,5,4.1
U0231,Baklava,13,4.5
U0231,Aşure,7,3.5
U0231,Domates Çorbası,7,3.1
U0231,Karnıyarık,10,4.1
U0231,Pırasa Yemeği,4,4.8
U0231,Profiterol,12,4.3
U0231,Ispanak Yemeği,3,4.4
U0232,Gavurdağı Salata,7,4.0
U0232,Tarhana Çorbası,12,4.1
U0232,Revani,11,4.1
U0232,Zeytinyağlı Taze Fasulye,6,4.4
U0232,Pirinç Pilavı,8,4.4
U0232,Yayla Çorbası,7,3.8
U0232,Et Sote,3,4.3
U0232,Tas Kebabı,3,4.9
U0232,Patates Salatası,10,4.1
U0232,Izgara Balık,15,3.2
U0232,Tavuk Şiş,14,3.6
U0232,Tavuk Suyu Çorbası,14,4.9
U0233,Aşure,2,4.1
U0233,Yayla Çorbası,7,4.6
U0233,Kazandibi,2,4.8
U0233,Ispanak Yemeği,1,4.2
U0233,Ton Balıklı Salata,1,3.3
U0233,Sezar Salata,2,4.2
U0233,Nohut,3,4.1
U0233,Köfte,10,4.5
U0233,Mercimek Çorbası,3,3.4
U0233,Zeytinyağlı Enginar,2,4.7
U0233,Tarhana Çorbası,10,4.6
U0233,Sebze Graten,12,3.4
U0233,Hamsi Tava,7,3.4
U0233,Gavurdağı Salata,3,3.6
U0234,Tavuk Döner,4,4.1
U0234,Kuru Fasulye,7,3.9
U0234,Tarhana Çorbası,2,4.1
U0234,Pırasa Yemeği,13,3.9
U0234,Et Sote,10,4.0
U0234,Piliç Topkapı,14,4.9
U0234,Fırın Tavuk,15,3.2
U0234,Ispanak Yemeği,2,3.4
U0234,Gavurdağı Salata,13,3.3
U0234,Tas Kebabı,4,4.1
U0234,İmambayıldı,11,4.4
U0235,Çoban Salata,15,4.8
U0235,Kadınbudu Köfte,14,4.5
U0235,Tavuk Sote,10,4.2
U0235,Su Böreği,14,4.2
U0235,Pirinç Pilavı,14,4.5
U0235,Yayla Çorbası,7,4.2
U0235,Tarhana Çorbası,9,3.0
U0235,Profiterol,5,4.3
U0235,Tavuk Döner,5,4.0
U0235,Ispanak Yemeği,6,3.6
U0235,Patates Salatası,1,3.8
U0236,Mercimek Köftesi,14,4.3
U0236,Rus Salatası,8,4.5
U0236,Tavuk Şiş,3,4.6
U0236,Tavukgöğsü,14,4.4
U0236,İskender Kebap,2,3.5
U0237,Karnıyarık,15,3.4
U0237,Mercimek Köftesi,7,4.1
U0237,İskender Kebap,5,3.6
U0237,Zeytinyağlı Taze Fasulye,5,4.8
U0237,Mevsim Salata,14,3.1
U0237,Sezar Salata,14,3.3
U0237,Piliç Topkapı,8,3.1
U0237,Köfte,3,3.4
U0237,Tavuk Sote,9,3.1
U0237,Tavuk Suyu Çorbası,9,4.1
U0237,Sigara Böreği,13,4.1
U0237,Fırın Tavuk,11,3.9
U0237,Patates Püresi,15,5.0
U0237,Gavurdağı Salata,12,3.7
U0238,Bulgur Pilavı,9,4.5
U0238,Fırın Tavuk,3,4.1
U0238,Aşure,4,4.3
U0238,Baklava,4,3.2
U0238,Kemalpaşa,2,4.2
U0238,Rus Salatası,3,4.9
U0238,Ispanak Yemeği,1,3.5
U0238,Makarna,5,3.2
U0238,Tavuk Döner,7,4.4
U0238,Zeytinyağlı Enginar,1,4.8
U0238,İskender Kebap,7,4.3
U0238,Tavuk Suyu Çorbası,12,3.3
U0238,Zeytinyağlı Sarma,2,3.6
U0238,İrmik Helvası,3,4.9
U0238,Hamsi Tava,12,3.4
U0238,Patates Püresi,4,4.8
U0238,Domates Çorbası,10,4.2
U0238,Düğün Çorbası,15,4.0
U0239,Ispanak Yemeği,7,4.2
U0239,Kuru Fasulye,5,4.8
U0239,Ezogelin Çorbası,4,3.5
U0239,Patates Püresi,15,3.6
U0239,Gavurdağı Salata,11,3.3
U0239,Tavuk Şiş,5,4.4
U0239,Makarna,6,3.3
U0239,Tavuk Döner,14,3.7
U0240,Gavurdağı Salata,9,3.9
U0240,Sezar Salata,7,3.7
U0240,Tavuk Döner,4,4.6
U0240,Kadınbudu Köfte,14,4.3
U0240,İrmik Helvası,9,4.8
U0240,Et Döner,9,3.7
U0240,Patates Püresi,8,3.0
U0240,Pirinç Pilavı,9,4.0
U0240,Rus Salatası,1,3.3
U0240,Güllaç,11,3.6
U0240,Sütlaç,10,4.4
U0240,Aşure,15,4.9
U0241,Bulgur Pilavı,7,3.4
U0241,Aşure,3,4.4
U0241,İskender Kebap,13,3.5
U0241,Karnıyarık,10,4.3
U0241,Kadınbudu Köfte,3,4.9
U0241,Fırın Tavuk,5,3.7
U0241,Güllaç,5,3.2
U0241,Mevsim Salata,1,4.8
U0242,Sezar Salata,4,4.3
U0242,Sigara Böreği,15,3.1
U0242,Zeytinyağlı Sarma,5,3.6
U0242,Ispanak Yemeği,15,4.6
U0242,Karnıyarık,12,4.2
U0243,Tavuk Şiş,1,3.5
U0243,Izgara Balık,7,4.4
U0243,Bulgur Pilavı,10,4.6
U0243,Gavurdağı Salata,3,3.7
U0243,Domates Çorbası,4,3.7
U0243,Köfte,9,4.8
U0244,Yayla Çorbası,13,3.4
U0244,Sigara Böreği,12,4.8
U0244,Tarhana Çorbası,12,5.0
U0244,Kadınbudu Köfte,15,3.7
U0244,Çoban Salata,13,4.2
U0244,Tavuk Döner,9,3.6
U0244,Mantar Çorbası,12,3.1
U0244,Aşure,9,4.8
U0245,Et Döner,3,3.9
U0245,Pırasa Yemeği,1,4.7
U0245,Kazandibi,2,3.1
U0245,Hamsi Tava,1,3.8
U0245,Gavurdağı Salata,7,4.6
U0245,Zeytinyağlı Sarma,15,4.6
U0246,Kuru Fasulye,11,4.9
U0246,Ezogelin Çorbası,10,4.3
U0246,Pırasa Yemeği,13,3.2
U0246,Fırın Tavuk,12,4.0
U0246,Zeytinyağlı Sarma,6,4.4
U0246,İskender Kebap,9,3.5
U0246,İrmik Helvası,1,3.6
U0247,İmambayıldı,15,3.7
U0247,Sigara Böreği,15,3.8
U0247,Güllaç,5,4.6
U0247,Domates Çorbası,12,4.9
U0247,Kuru Fasulye,15,4.7
U0247,Köfte,3,3.0
U0247,Zeytinyağlı Sarma,4,3.6
U0247,Düğün Çorbası,8,4.9
U0248,Baklava,7,3.1
U0248,Et Sote,4,3.7
U0248,Et Döner,15,4.6
U0248,Mevsim Salata,7,4.6
U0248,Ton Balıklı Salata,11,3.2
U0248,Zeytinyağlı Taze Fasulye,10,4.2
U0248,Patates Salatası,6,3.7
U0248,Patates Püresi,5,3.3
U0248,Köfte,13,4.7
U0248,Kemalpaşa,14,4.3
U0248,Mercimek Köftesi,5,4.8
U0248,Sigara Böreği,8,3.3
U0248,Piliç Topkapı,4,3.9
U0248,İmambayıldı,13,3.7
U0248,Düğün Çorbası,10,3.9
U0248,Mercimek Çorbası,13,4.6
U0248,Fırın Tavuk,9,4.8
U0248,Tavuk Suyu Çorbası,13,3.9
U0248,Domates Çorbası,11,3.3
U0248,Rus Salatası,7,3.6
U0249,Izgara Balık,13,4.0
U0249,Su Böreği,1,3.2
U0249,Sigara Böreği,6,4.7
U0249,Patates Kızartması,4,4.4
U0249,Sebze Graten,14,3.9
U0249,Mantar Çorbası,12,4.5
U0249,Yayla Çorbası,13,3.5
U0249,Sütlaç,15,3.9
U0250,Pırasa Yemeği,1,4.2
U0250,Rus Salatası,9,3.2
U0250,Zeytinyağlı Sarma,5,4.2
U0250,Sütlaç,15,4.9
U0250,Köfte,13,4.5
U0250,Revani,6,4.7
U0250,Izgara Balık,12,3.3
U0250,Zeytinyağlı Taze Fasulye,7,4.7
U0250,Düğün Çorbası,9,4.8
U0250,Çoban Salata,2,4.7
U0250,Su Böreği,13,3.7
U0250,Kazandibi,15,3.7
U0250,Tavuk Döner,15,3.8
U0251,Aşure,7,4.1
U0251,Izgara Balık,15,4.6
U0251,Ispanak Yemeği,7,4.7
U0251,Kadınbudu Köfte,3,3.6
U0251,Tarhana Çorbası,12,4.6
U0251,Sütlaç,8,4.8
U0251,Kemalpaşa,14,3.2
U0251,Makarna,15,3.8
U0251,Mercimek Çorbası,10,4.6
U0251,Kuru Fasulye,13,3.9
U0251,Baklava,4,3.1
U0251,Fırın Tavuk,2,3.7
U0251,Sebze Graten,6,4.3
U0251,Mevsim Salata,11,4.5
U0251,Ezogelin Çorbası,4,4.4
U0252,Piliç Topkapı,10,3.6
U0252,Tavuk Sote,12,4.0
U0252,Düğün Çorbası,8,3.1
U0252,Profiterol,2,4.1
U0252,Patates Salatası,2,4.2
U0252,Köfte,2,3.9
U0252,Mevsim Salata,7,3.1
U0252,Patates Kızartması,11,4.5
U0252,Zeytinyağlı Taze Fasulye,11,4.8
U0252,Patates Püresi,13,4.8
U0252,Makarna,13,3.3
U0252,Tas Kebabı,14,5.0
U0253,Su Böreği,13,4.1
U0253,Makarna,3,4.2
U0253,Mantar Çorbası,12,3.5
U0253,Pirinç Pilavı,12,4.8
U0253,Kadınbudu Köfte,6,3.8
U0253,Bulgur Pilavı,11,4.1
U0253,İmambayıldı,14,3.3
U0253,İskender Kebap,1,3.3
U0253,Tarhana Çorbası,12,3.2
U0253,Mevsim Salata,10,4.8
U0253,Güllaç,3,3.9
U0253,Yayla Çorbası,11,4.4
U0253,Sigara Böreği,5,4.1
U0253,Zeytinyağlı Enginar,4,4.7
U0253,Sütlaç,1,4.9
U0253,Mercimek Çorbası,2,4.4
U0253,Aşure,3,3.8
U0253,Patates Salatası,6,4.3
U0253,Patates Kızartması,9,3.8
U0254,Pirinç Pilavı,3,4.3
U0254,İrmik Helvası,9,3.8
U0254,Nohut,2,3.3
U0254,Profiterol,5,4.2
U0254,Patates Kızartması,2,3.3
U0254,Et Sote,2,4.2
U0254,Zeytinyağlı Sarma,9,4.4
U0254,Kuru Fasulye,4,4.4
U0254,Izgara Balık,7,3.4
U0254,Köfte,13,4.1
U0254,Tavuk Şiş,13,3.2
U0254,Kemalpaşa,14,4.3
U0254,Ezogelin Çorbası,12,4.7
U0254,Kadınbudu Köfte,3,3.2
U0254,Aşure,9,4.2
U0254,İskender Kebap,9,3.1
U0254,Tas Kebabı,12,4.9
U0254,Yayla Çorbası,11,4.1
U0255,Rus Salatası,4,3.5
U0255,Zeytinyağlı Sarma,11,4.9
U0255,Güllaç,11,4.6
U0255,Karnıyarık,10,4.1
U0255,Piliç Topkapı,2,4.9
U0255,Ezogelin Çorbası,15,4.0
U0255,Et Döner,2,3.6
U0255,Ton Balıklı Salata,9,3.8
U0255,Pırasa Yemeği,3,4.0
U0255,Tarhana Çorbası,5,3.8
U0255,İskender Kebap,12,3.2
U0255,Patates Püresi,1,4.3
U0255,Ispanak Yemeği,2,3.2
U0255,Domates Çorbası,14,4.0
U0255,Kuru Fasulye,8,3.8
U0255,Zeytinyağlı Enginar,8,3.2
U0255,Sütlaç,4,3.8
U0255,Pirinç Pilavı,3,3.2
U0255,Köfte,9,3.1
U0255,İrmik Helvası,2,3.3
U0256,İmambayıldı,6,3.7
U0256,Et Döner,6,4.3
U0256,Tas Kebabı,8,4.8
U0256,Orman Kebabı,15,4.5
U0256,Tarhana Çorbası,1,4.7
U0256,Revani,1,3.8
U0256,Tavukgöğsü,13,4.8
U0256,Kadınbudu Köfte,13,3.9
U0257,Ispanak Yemeği,2,3.9
U0257,Sebze Graten,12,4.3
U0257,Patates Salatası,2,3.5
U0257,Zeytinyağlı Taze Fasulye,2,3.8
U0257,Patates Kızartması,2,4.4
U0257,Et Sote,11,4.0
U0257,Tas Kebabı,6,4.7
U0257,Kemalpaşa,13,4.8
U0257,Tarhana Çorbası,9,3.2
U0257,Güllaç,11,4.4
U0257,Tavuk Döner,7,4.3
U0257,Köfte,2,3.3
U0257,Et Döner,15,4.4
U0257,Aşure,2,3.7
U0257,Izgara Balık,7,3.7
U0258,İskender Kebap,5,3.5
U0258,Güllaç,11,3.6
U0258,Mercimek Çorbası,14,4.0
U0258,Kuru Fasulye,1,4.3
U0258,Orman Kebabı,14,3.4
U0258,Mevsim Salata,9,4.2
U0258,Fırın Tavuk,13,3.3
U0258,Pirinç Pilavı,6,3.8
U0258,Kadınbudu Köfte,2,4.6
U0259,İskender Kebap,15,4.0
U0259,Tarhana Çorbası,13,4.4
U0259,Patates Püresi,12,3.3
U0259,Pirinç Pilavı,4,3.8
U0259,Zeytinyağlı Taze Fasulye,7,3.8
U0259,Tavuk Döner,14,4.5
U0259,Et Sote,2,4.3
U0259,Domates Çorbası,3,4.1
U0259,Mantar Çorbası,13,4.3
U0259,Sebze Graten,3,4.8
U0259,Orman Kebabı,11,3.2
U0260,Karnıyarık,4,3.2
U0260,Tavuk Suyu Çorbası,4,3.0
U0260,Orman Kebabı,1,3.4
U0260,Sebze Graten,10,4.5
U0260,Hamsi Tava,6,3.6
U0260,Baklava,5,5.0
U0260,Çoban Salata,13,3.9
U0260,Tas Kebabı,4,4.6
U0260,Aşure,10,3.1
U0260,Pırasa Yemeği,3,4.4
U0260,Ezogelin Çorbası,5,4.7
U0260,Tavuk Şiş,8,4.5
U0260,Domates Çorbası,7,4.5
U0260,Tavuk Döner,13,4.4
U0260,Sezar Salata,8,4.6
U0260,Mercimek Çorbası,12,4.5
U0261,Kadınbudu Köfte,11,3.3
U0261,Patates Püresi,15,3.1
U0261,Rus Salatası,5,3.2
U0261,Aşure,2,3.7
U0261,Zeytinyağlı Enginar,7,4.2
U0261,Domates Çorbası,14,3.5
U0261,Piliç Topkapı,7,4.7
U0261,Nohut,2,3.3
U0261,Patates Kızartması,8,3.6
U0261,Tavuk Şiş,13,3.5
U0261,Kazandibi,15,3.7
U0261,Güllaç,14,4.2
U0261,Çoban Salata,14,3.4
U0262,Zeytinyağlı Enginar,7,3.8
U0262,Sigara Böreği,11,4.2
U0262,Tas Kebabı,4,4.4
U0262,Patates Salatası,2,3.9
U0262,Patates Püresi,9,4.4
U0262,Baklava,7,3.8
U0262,Tavuk Döner,11,3.1
U0262,Fırın Tavuk,4,3.4
U0262,Gavurdağı Salata,13,5.0
U0262,Mercimek Köftesi,8,4.4
U0262,Tavukgöğsü,14,3.0
U0262,Ton Balıklı Salata,10,3.8
U0262,Güllaç,7,4.8
U0262,Mantar Çorbası,8,3.3
U0262,Bulgur Pilavı,14,4.9
U0262,Makarna,3,3.1
U0262,Pirinç Pilavı,12,4.7
U0262,Mevsim Salata,12,4.9
U0262,Kadınbudu Köfte,9,4.0
U0263,Domates Çorbası,15,3.3
U0263,Profiterol,1,4.4
U0263,Karnıyarık,7,4.0
U0263,Tarhana Çorbası,5,4.3
U0263,Fırın Tavuk,2,5.0
U0263,Gavurdağı Salata,13,3.3
U0263,Pırasa Yemeği,9,3.9
U0264,Ezogelin Çorbası,3,3.2
U0264,Düğün Çorbası,1,3.1
U0264,İskender Kebap,10,3.3
U0264,Mevsim Salata,1,4.9
U0264,Zeytinyağlı Taze Fasulye,3,4.1
U0264,Tavuk Suyu Çorbası,1,3.3
U0265,Tarhana Çorbası,9,3.7
U0265,Patates Püresi,14,5.0
U0265,Zeytinyağlı Sarma,14,4.4
U0265,Karnıyarık,9,3.5
U0265,Köfte,5,3.8
U0265,Domates Çorbası,14,3.9
U0265,Patates Kızartması,3,4.2
U0265,Piliç Topkapı,5,4.2
U0265,Profiterol,11,4.8
U0265,Yayla Çorbası,10,3.1
U0265,Güllaç,8,3.6
U0265,Bulgur Pilavı,13,3.8
U0265,Nohut,11,4.7
U0266,Tavukgöğsü,8,4.1
U0266,Patates Salatası,2,4.8
U0266,Tas Kebabı,7,3.4
U0266,Orman Kebabı,12,3.4
U0266,Zeytinyağlı Taze Fasulye,11,3.7
U0266,Patates Kızartması,1,4.3
U0266,Et Döner,13,4.1
U0266,Sezar Salata,3,3.9
U0266,Güllaç,15,4.3
U0266,Hamsi Tava,6,3.2
U0266,Tavuk Şiş,3,3.1
U0266,Düğün Çorbası,9,4.3
U0266,Mantar Çorbası,13,3.6
U0266,Sütlaç,14,3.9
U0266,Rus Salatası,15,3.8
U0266,Mercimek Köftesi,11,4.9
U0266,Sigara Böreği,11,3.3
U0266,Aşure,8,3.6
U0266,Fırın Tavuk,15,4.4
U0266,Piliç Topkapı,13,3.9
U0267,Bulgur Pilavı,4,5.0
U0267,Mercimek Çorbası,13,3.5
U0267,Tavuk Döner,11,3.5
U0267,Patates Püresi,14,4.2
U0267,Nohut,14,4.1
U0267,Zeytinyağlı Taze Fasulye,2,3.7
U0267,Karnıyarık,2,4.4
U0267,Revani,15,4.7
U0267,Pırasa Yemeği,2,3.7
U0268,Tavuk Döner,1,4.1
U0268,Et Döner,13,3.5
U0268,Yayla Çorbası,1,3.4
U0268,Orman Kebabı,4,4.8
U0268,Nohut,8,3.6
U0269,İskender Kebap,6,3.4
U0269,Domates Çorbası,11,3.0
U0269,Tarhana Çorbası,15,5.0
U0269,İrmik Helvası,12,4.7
U0269,Köfte,13,3.5
U0269,Patates Kızartması,8,5.0
U0269,Piliç Topkapı,5,3.7
U0269,Tavuk Şiş,9,3.6
U0269,Hamsi Tava,9,4.9
U0269,Fırın Tavuk,14,4.6
U0269,Profiterol,14,4.7
U0269,Sezar Salata,9,3.2
U0269,Sebze Graten,7,4.1
U0269,Bulgur Pilavı,13,4.0
U0269,Zeytinyağlı Enginar,11,4.9
U0269,Güllaç,9,3.4
U0269,İmambayıldı,5,4.3
U0269,Sütlaç,3,3.5
U0269,Mevsim Salata,4,3.6
U0270,Düğün Çorbası,2,4.1
U0270,Zeytinyağlı Enginar,6,3.2
U0270,Köfte,1,3.6
U0270,Tas Kebabı,1,4.9
U0270,Kazandibi,6,4.9
U0270,Revani,7,4.6
U0270,Yayla Çorbası,15,4.7
U0270,Karnıyarık,3,4.6
U0270,Tarhana Çorbası,4,3.6
U0270,Ispanak Yemeği,3,4.2
U0270,Tavukgöğsü,14,3.2
U0270,Baklava,6,3.8
U0270,Mercimek Çorbası,3,3.3
U0270,Nohut,4,3.2
U0271,Patates Kızartması,10,4.6
U0271,Mantar Çorbası,9,4.3
U0271,Orman Kebabı,14,4.2
U0271,Çoban Salata,4,4.0
U0271,Patates Püresi,6,3.9
U0271,Rus Salatası,5,4.1
U0271,Yayla Çorbası,1,3.9
U0271,İmambayıldı,7,3.5
U0271,Fırın Tavuk,14,3.5
U0271,Et Döner,5,3.2
U0271,Izgara Balık,15,3.4
U0271,Sebze Graten,15,4.7
U0271,Bulgur Pilavı,1,3.9
U0271,Tavuk Sote,11,4.8
U0271,Zeytinyağlı Taze Fasulye,10,3.5
U0271,Revani,5,4.8
U0271,Sezar Salata,2,3.6
U0272,Su Böreği,11,5.0
U0272,Tavuk Şiş,6,4.8
U0272,Baklava,10,3.2
U0272,Tas Kebabı,4,4.2
U0272,Ezogelin Çorbası,2,4.8
U0272,Kazandibi,10,3.4
U0272,Piliç Topkapı,3,4.5
U0272,Bulgur Pilavı,11,3.8
U0272,Tavuk Suyu Çorbası,13,4.9
U0272,Ispanak Yemeği,4,3.6
U0272,Sezar Salata,6,4.1
U0272,Zeytinyağlı Taze Fasulye,13,4.8
U0272,Tavuk Döner,15,4.2
U0272,Sebze Graten,14,3.1
U0272,Ton Balıklı Salata,1,4.7
U0272,Tarhana Çorbası,1,4.5
U0272,Izgara Balık,9,4.8
U0273,Aşure,15,3.2
U0273,Çoban Salata,9,3.7
U0273,Tavuk Suyu Çorbası,13,4.1
U0273,Patates Salatası,11,4.4
U0273,Bulgur Pilavı,7,4.7
U0273,Tavukgöğsü,13,3.3
U0273,Güllaç,11,3.9
U0273,Tavuk Döner,1,4.9
U0273,Yayla Çorbası,3,4.6
U0273,Mercimek Çorbası,8,3.9
U0273,Et Sote,1,3.0
U0273,Kuru Fasulye,12,3.8
U0273,Pirinç Pilavı,2,3.5
U0273,Kemalpaşa,4,3.6
U0273,Mercimek Köftesi,8,4.8
U0274,Su Böreği,5,3.6
U0274,Çoban Salata,11,3.0
U0274,Izgara Balık,9,4.0
U0274,Kemalpaşa,15,4.8
U0274,Patates Kızartması,8,4.4
U0274,Yayla Çorbası,12,4.5
U0274,Köfte,11,4.5
U0274,İskender Kebap,13,3.9
U0274,Mevsim Salata,9,3.2
U0274,Zeytinyağlı Taze Fasulye,8,4.7
U0274,Kadınbudu Köfte,14,3.0
U0275,Baklava,9,4.1
U0275,Su Böreği,8,4.1
U0275,Tavuk Sote,15,3.9
U0275,Sigara Böreği,2,4.0
U0275,Piliç Topkapı,13,4.3
U0275,Zeytinyağlı Enginar,4,4.8
U0275,Mercimek Çorbası,8,3.9
U0275,İrmik Helvası,6,3.6
U0275,Ezogelin Çorbası,1,3.2
U0276,İskender Kebap,2,4.9
U0276,Su Böreği,9,4.7
U0276,Kuru Fasulye,1,3.6
U0276,İrmik Helvası,2,4.0
U0276,Pırasa Yemeği,12,3.8
U0276,Mantar Çorbası,11,4.5
U0276,Profiterol,2,3.9
U0276,Makarna,4,4.2
U0276,Mercimek Çorbası,6,4.4
U0276,Hamsi Tava,8,3.0
U0276,Izgara Balık,3,3.8
U0276,Tarhana Çorbası,10,4.2
U0276,Çoban Salata,12,4.0
U0276,Tavuk Suyu Çorbası,11,4.4
U0276,Domates Çorbası,8,3.3
U0276,Pirinç Pilavı,15,3.1
U0276,Revani,7,3.2
U0276,Mercimek Köftesi,4,4.4
U0277,Mercimek Çorbası,12,3.0
U0277,Bulgur Pilavı,2,3.2
U0277,Rus Salatası,14,4.8
U0277,Mevsim Salata,2,3.0
U0277,Nohut,8,4.4
U0277,Et Döner,3,3.9
U0277,Köfte,9,3.5
U0278,Köfte,2,3.7
U0278,Tavuk Şiş,1,3.2
U0278,Ezogelin Çorbası,15,4.2
U0278,Kuru Fasulye,5,4.8
U0278,Patates Salatası,3,4.9
U0278,Domates Çorbası,12,4.1
U0278,Patates Püresi,1,3.4
U0278,Mercimek Köftesi,15,4.5
U0278,Izgara Balık,15,3.1
U0278,Kemalpaşa,3,3.4
U0278,Patates Kızartması,11,4.5
U0278,Güllaç,2,3.4
U0278,Hamsi Tava,11,4.4
U0278,Baklava,11,3.9
U0279,Zeytinyağlı Sarma,4,4.1
U0279,Rus Salatası,8,4.9
U0279,Hamsi Tava,6,4.1
U0279,Ton Balıklı Salata,3,4.9
U0279,Düğün Çorbası,14,4.7
U0279,Tavuk Döner,12,4.3
U0279,Fırın Tavuk,14,3.2
U0279,Tavuk Suyu Çorbası,1,4.4
U0279,Sebze Graten,5,4.6
U0280,Su Böreği,15,3.0
U0280,Bulgur Pilavı,10,3.3
U0280,Zeytinyağlı Taze Fasulye,1,4.7
U0280,Patates Kızartması,9,3.8
U0280,Kazandibi,12,4.9
U0280,Profiterol,15,3.5
U0280,Tarhana Çorbası,3,4.8
U0281,İrmik Helvası,13,4.2
U0281,Pirinç Pilavı,4,3.3
U0281,Ispanak Yemeği,9,4.3
U0281,Sigara Böreği,14,4.3
U0281,Patates Püresi,5,4.7
U0281,Ezogelin Çorbası,4,3.5
U0281,Et Döner,15,4.7
U0281,Çoban Salata,8,4.4
U0281,Zeytinyağlı Enginar,9,4.6
U0281,Sezar Salata,3,3.7
U0281,Yayla Çorbası,4,3.9
U0281,Mantar Çorbası,13,4.4
U0281,Köfte,6,3.9
U0281,Patates Salatası,5,3.3
U0281,Tavuk Suyu Çorbası,14,4.9
U0281,Tavuk Şiş,2,4.6
U0281,Sebze Graten,4,3.3
U0281,Mevsim Salata,2,4.4
U0281,Revani,14,3.5
U0282,Patates Püresi,9,4.1
U0282,Patates Kızartması,6,4.7
U0282,Su Böreği,12,3.3
U0282,Zeytinyağlı Sarma,10,3.5
U0282,Mercimek Köftesi,2,3.7
U0282,Zeytinyağlı Taze Fasulye,4,3.3
U0282,Ton Balıklı Salata,5,4.0
U0282,Tavuk Sote,1,4.5
U0282,Tavukgöğsü,9,4.4
U0282,Piliç Topkapı,14,3.4
U0282,Revani,8,4.4
U0282,Kadınbudu Köfte,14,3.1
U0282,Çoban Salata,5,3.0
U0282,Patates Salatası,3,4.7
U0282,Mercimek Çorbası,11,3.2
U0282,Yayla Çorbası,2,3.3
U0283,Tavuk Döner,1,3.6
U0283,Nohut,10,3.8
U0283,Rus Salatası,2,3.0
U0283,Bulgur Pilavı,5,4.9
U0283,Zeytinyağlı Taze Fasulye,9,3.3
U0283,Tavuk Şiş,15,4.8
U0283,İrmik Helvası,4,4.7
U0283,Patates Salatası,12,3.5
U0283,Kazandibi,8,4.0
U0283,Tas Kebabı,4,3.1
U0283,Sebze Graten,13,3.5
U0283,Su Böreği,14,4.6
U0283,Mercimek Çorbası,7,3.3
U0283,Ton Balıklı Salata,6,3.2
U0283,Sezar Salata,10,3.4
U0283,Kadınbudu Köfte,12,3.4
U0283,Tarhana Çorbası,7,4.4
U0283,Sigara Böreği,9,4.9
U0283,Patates Kızartması,3,4.8
U0283,Tavukgöğsü,14,4.4
U0284,Kazandibi,11,4.5
U0284,Tarhana Çorbası,5,3.2
U0284,Fırın Tavuk,9,4.3
U0284,Tavuk Döner,1,4.1
U0284,Tavuk Suyu Çorbası,7,3.7
U0284,Sigara Böreği,4,4.5
U0284,Piliç Topkapı,14,4.5
U0284,Mercimek Çorbası,4,3.0
U0284,Patates Püresi,11,5.0
U0284,İrmik Helvası,8,4.8
U0284,Tavuk Şiş,3,5.0
U0284,Makarna,6,4.0
U0284,Sütlaç,2,4.8
U0284,Sezar Salata,7,3.7
U0284,Mevsim Salata,9,4.1
U0284,Çoban Salata,3,4.9
U0284,Nohut,14,4.5
U0284,Ton Balıklı Salata,11,4.0
U0284,İskender Kebap,13,3.3
U0285,Et Sote,11,4.2
U0285,Patates Püresi,2,4.2
U0285,Bulgur Pilavı,8,3.8
U0285,Tavuk Döner,2,3.0
U0285,Gavurdağı Salata,11,4.7
U0285,Kemalpaşa,1,3.1
U0285,Karnıyarık,10,4.2
U0286,Pirinç Pilavı,8,3.9
U0286,Kadınbudu Köfte,13,4.5
U0286,Mevsim Salata,13,4.7
U0286,Hamsi Tava,2,4.6
U0286,Nohut,8,4.6
U0286,Sebze Graten,3,3.8
U0286,Tarhana Çorbası,2,3.7
U0286,Tavuk Döner,3,4.4
U0286,Et Döner,1,3.6
U0286,Güllaç,15,4.7
U0286,Düğün Çorbası,6,4.4
U0286,Karnıyarık,5,4.4
U0287,Tavuk Suyu Çorbası,6,4.1
U0287,Zeytinyağlı Enginar,1,4.8
U0287,Bulgur Pilavı,2,4.3
U0287,Hamsi Tava,6,4.3
U0287,İskender Kebap,14,4.7
U0287,Tas Kebabı,14,3.1
U0287,Rus Salatası,6,3.1
U0287,Gavurdağı Salata,3,3.7
U0287,Nohut,6,4.7
U0287,Çoban Salata,7,5.0
U0287,Aşure,14,3.9
U0287,Pırasa Yemeği,4,3.9
U0287,Sütlaç,15,4.8
U0287,Karnıyarık,12,3.2
U0287,Et Sote,9,3.7
U0287,Ton Balıklı Salata,3,4.5
U0287,Profiterol,7,3.3
U0287,Fırın Tavuk,10,3.1
U0288,Tavuk Suyu Çorbası,11,3.2
U0288,Sebze Graten,13,4.7
U0288,Domates Çorbası,9,3.0
U0288,Su Böreği,13,5.0
U0288,Tavukgöğsü,10,5.0
U0288,Et Sote,1,4.0
U0288,Orman Kebabı,4,4.4
U0288,Patates Salatası,15,4.2
U0288,Patates Püresi,7,4.1
U0288,Mantar Çorbası,11,3.3
U0288,Patates Kızartması,7,4.7
U0288,Tavuk Döner,6,4.2
U0289,Çoban Salata,13,3.4
U0289,Köfte,3,3.5
U0289,Tavuk Suyu Çorbası,7,3.1
U0289,Revani,13,4.2
U0289,Sezar Salata,13,3.4
U0289,Bulgur Pilavı,2,4.4
U0289,Aşure,10,3.6
U0289,Baklava,12,4.5
U0289,Pırasa Yemeği,11,4.9
U0289,Tavuk Şiş,11,3.3
U0289,Et Döner,2,3.1
U0289,Mercimek Çorbası,6,3.6
U0290,Ezogelin Çorbası,6,4.1
U0290,Zeytinyağlı Taze Fasulye,15,4.3
U0290,Et Döner,5,3.5
U0290,Tavuk Suyu Çorbası,5,3.7
U0290,Ispanak Yemeği,13,4.3
U0290,Mercimek Köftesi,3,4.8
U0290,Çoban Salata,6,4.2
U0290,Tavuk Sote,14,4.4
U0290,Düğün Çorbası,6,3.7
U0290,Piliç Topkapı,4,3.2
U0290,Sezar Salata,11,5.0
U0290,Mevsim Salata,4,3.4
U0290,Makarna,5,4.9
U0290,İskender Kebap,5,3.5
U0290,Rus Salatası,12,5.0
U0290,Köfte,10,4.4
U0291,Piliç Topkapı,3,4.4
U0291,Güllaç,9,4.1
U0291,Pirinç Pilavı,15,4.7
U0291,Kuru Fasulye,14,4.1
U0291,Yayla Çorbası,7,3.3
U0291,Hamsi Tava,5,3.7
U0291,Fırın Tavuk,15,4.9
U0291,Orman Kebabı,5,3.4
U0291,Baklava,12,3.1
U0291,Çoban Salata,13,3.0
U0291,Tavuk Şiş,4,4.9
U0292,Rus Salatası,11,4.1
U0292,Baklava,11,3.2
U0292,İskender Kebap,2,3.6
U0292,Izgara Balık,5,4.7
U0292,Profiterol,4,4.0
U0292,Mercimek Çorbası,10,3.3
U0292,İmambayıldı,9,4.7
U0293,Tavuk Sote,13,4.0
U0293,Et Sote,4,4.4
U0293,Mevsim Salata,6,3.4
U0293,Düğün Çorbası,5,3.6
U0293,Sütlaç,6,4.9
U0293,Pirinç Pilavı,6,4.2
U0293,Revani,4,3.3
U0293,Tas Kebabı,3,4.1
U0293,Piliç Topkapı,7,4.4
U0293,Kuru Fasulye,7,3.4
U0293,Nohut,11,4.7
U0293,Ispanak Yemeği,12,4.7
U0293,Tavuk Suyu Çorbası,8,4.1
U0293,Kemalpaşa,4,3.2
U0293,Çoban Salata,12,4.3
U0293,İskender Kebap,6,4.3
U0293,Sebze Graten,14,3.5
U0293,Makarna,2,3.3
U0293,Kazandibi,8,3.4
U0294,Bulgur Pilavı,14,3.2
U0294,Et Döner,13,4.8
U0294,Çoban Salata,5,3.6
U0294,İmambayıldı,10,4.3
U0294,Fırın Tavuk,9,4.7
U0294,Sütlaç,14,4.8
U0294,Hamsi Tava,1,3.9
U0294,Düğün Çorbası,5,4.5
U0294,Patates Kızartması,4,3.2
U0294,Revani,3,4.5
U0294,Zeytinyağlı Taze Fasulye,8,3.5
U0294,Nohut,11,3.7
U0294,Zeytinyağlı Sarma,15,4.9
U0294,Mantar Çorbası,7,5.0
U0294,Piliç Topkapı,9,4.9
U0294,Ton Balıklı Salata,9,4.6
U0294,Kemalpaşa,4,3.7
U0295,Piliç Topkapı,12,3.7
U0295,Et Sote,4,4.2
U0295,Su Böreği,10,3.9
U0295,Zeytinyağlı Taze Fasulye,6,3.6
U0295,Karnıyarık,4,4.7
U0295,Patates Püresi,9,3.1
U0295,Çoban Salata,10,3.5
U0295,Sebze Graten,14,4.5
U0295,Et Döner,10,3.2
U0295,Zeytinyağlı Sarma,15,4.2
U0295,Hamsi Tava,11,3.9
U0296,Hamsi Tava,8,3.5
U0296,Mevsim Salata,5,4.8
U0296,Kemalpaşa,3,4.0
U0296,Gavurdağı Salata,8,4.7
U0296,İskender Kebap,4,3.5
U0296,Ton Balıklı Salata,11,4.1
U0296,Ispanak Yemeği,12,4.5
U0296,Karnıyarık,2,3.7
U0296,İmambayıldı,13,3.7
U0296,Rus Salatası,1,3.7
U0296,Zeytinyağlı Sarma,2,3.9
U0296,Aşure,9,4.2
U0296,Tavuk Şiş,8,4.7
U0296,Yayla Çorbası,10,3.7
U0296,Köfte,12,3.4
U0297,Karnıyarık,2,3.6
U0297,Patates Püresi,14,4.0
U0297,Mevsim Salata,7,3.6
U0297,İrmik Helvası,7,4.0
U0297,Su Böreği,15,4.0
U0297,Tarhana Çorbası,12,3.2
U0297,Çoban Salata,1,4.8
U0297,Tavuk Sote,2,3.2
U0297,Mercimek Köftesi,14,4.1
U0297,Patates Salatası,10,3.0
U0297,Kazandibi,6,4.8
U0297,Sebze Graten,12,3.7
U0297,Sütlaç,13,4.4
U0297,Piliç Topkapı,2,4.4
U0297,Revani,10,4.0
U0297,Tavuk Suyu Çorbası,14,4.4
U0297,Aşure,5,5.0
U0297,Et Döner,12,5.0
U0297,Fırın Tavuk,5,4.3
U0297,Mantar Çorbası,12,4.5
U0298,Izgara Balık,6,3.4
U0298,Bulgur Pilavı,8,3.6
U0298,Patates Salatası,2,4.2
U0298,Nohut,2,3.3
U0298,İrmik Helvası,7,4.7
U0298,Makarna,11,4.6
U0298,Revani,13,4.6
U0298,Yayla Çorbası,7,4.2
U0298,Tavuk Suyu Çorbası,2,4.8
U0298,Kemalpaşa,13,4.7
U0298,Gavurdağı Salata,6,3.5
U0298,Sebze Graten,10,4.8
U0298,Hamsi Tava,2,4.3
U0298,Fırın Tavuk,12,4.9
U0298,Zeytinyağlı Taze Fasulye,6,4.8
U0298,İmambayıldı,12,3.3
U0298,Tas Kebabı,14,3.5
U0298,Tavuk Sote,2,3.7
U0298,Baklava,7,3.9
U0298,Patates Kızartması,6,5.0
U0299,Mantar Çorbası,1,4.6
U0299,Mevsim Salata,14,3.1
U0299,Hamsi Tava,2,3.3
U0299,Nohut,6,3.7
U0299,Et Sote,14,4.5
U0299,Tavuk Döner,6,3.4
U0299,Et Döner,12,4.5
U0299,Kemalpaşa,15,4.0
U0299,Ton Balıklı Salata,11,4.5
U0299,Sezar Salata,9,3.2
U0299,Tavuk Sote,2,4.6
U0299,Güllaç,2,3.0
U0300,Patates Kızartması,5,3.1
U0300,Çoban Salata,14,4.0
U0300,Pırasa Yemeği,11,4.8
U0300,Tavukgöğsü,4,3.8
U0300,Gavurdağı Salata,12,4.2
U0300,Tavuk Suyu Çorbası,7,3.0
U0300,İskender Kebap,10,5.0
U0300,Domates Çorbası,10,4.3
U0300,Sezar Salata,13,4.9
U0300,İmambayıldı,15,4.7
U0301,Rus Salatası,6,3.4
U0301,Sebze Graten,5,4.5
U0301,Pırasa Yemeği,8,4.3
U0301,Karnıyarık,11,4.7
U0301,Profiterol,13,3.6
U0301,Tarhana Çorbası,6,4.3
U0301,Kemalpaşa,1,4.7
U0301,Yayla Çorbası,1,3.6
U0301,Mantar Çorbası,6,3.4
U0301,Zeytinyağlı Sarma,12,5.0
U0301,Izgara Balık,9,3.5
U0301,Zeytinyağlı Taze Fasulye,6,3.8
U0301,Su Böreği,3,3.3
U0301,Sütlaç,14,4.0
U0301,İskender Kebap,12,4.7
U0302,Baklava,4,3.3
U0302,Çoban Salata,9,4.4
U0302,Gavurdağı Salata,2,3.9
U0302,Kazandibi,5,3.6
U0302,Mercimek Çorbası,8,4.6
U0302,Tavuk Döner,1,3.4
U0302,Makarna,3,4.7
U0302,Hamsi Tava,2,4.8
U0302,Düğün Çorbası,13,3.3
U0302,İmambayıldı,9,4.6
U0302,Sezar Salata,7,3.0
U0302,Profiterol,1,3.2
U0302,Sütlaç,12,3.5
U0302,Ispanak Yemeği,2,4.4
U0302,Pirinç Pilavı,4,3.4
U0302,Et Sote,15,3.3
U0303,Tavuk Şiş,8,3.5
U0303,Güllaç,1,4.6
U0303,Fırın Tavuk,10,4.7
U0303,Ezogelin Çorbası,3,4.2
U0303,Çoban Salata,13,4.6
U0303,Düğün Çorbası,11,3.9
U0303,İskender Kebap,6,5.0
U0303,Kazandibi,3,4.8
U0303,Izgara Balık,11,3.1
U0303,İrmik Helvası,1,3.1
U0303,Mercimek Çorbası,12,4.9
U0304,Tarhana Çorbası,14,4.3
U0304,Domates Çorbası,8,3.0
U0304,Izgara Balık,7,3.6
U0304,Çoban Salata,6,3.6
U0304,Et Sote,15,3.2
U0304,Güllaç,15,3.9
U0304,Mantar Çorbası,13,3.8
U0304,İmambayıldı,9,3.6
U0304,Tavuk Suyu Çorbası,9,4.5
U0304,Su Böreği,7,3.1
U0304,İskender Kebap,8,4.2
U0304,Mevsim Salata,1,4.3
U0304,Revani,12,3.3
U0304,Profiterol,10,3.6
U0304,Kazandibi,4,3.3
U0305,Rus Salatası,10,3.5
U0305,Pirinç Pilavı,14,3.3
U0305,Mercimek Çorbası,14,3.0
U0305,Sebze Graten,12,4.4
U0305,Ezogelin Çorbası,2,3.3
U0305,Mevsim Salata,15,4.9
U0305,Güllaç,2,3.7
U0305,Piliç Topkapı,6,4.7
U0305,Pırasa Yemeği,8,3.4
U0305,Patates Kızartması,12,4.6
U0305,Mercimek Köftesi,4,4.4
U0305,Kuru Fasulye,4,4.6
U0305,Tavuk Suyu Çorbası,7,4.1
U0305,Ton Balıklı Salata,9,3.8
U0305,Makarna,1,4.4
U0306,Sebze Graten,3,3.6
U0306,Tas Kebabı,14,3.4
U0306,Sütlaç,11,4.0
U0306,Köfte,1,4.0
U0306,Zeytinyağlı Taze Fasulye,3,4.2
U0306,Gavurdağı Salata,14,3.6
U0306,Bulgur Pilavı,1,3.1
U0306,Profiterol,10,4.4
U0306,Mercimek Çorbası,8,4.3
U0307,Mevsim Salata,14,4.8
U0307,Düğün Çorbası,12,3.2
U0307,Pirinç Pilavı,14,4.3
U0307,Baklava,3,4.9
U0307,Piliç Topkapı,14,4.0
U0308,Nohut,4,4.5
U0308,İskender Kebap,5,3.5
U0308,Tarhana Çorbası,8,3.5
U0308,Kadınbudu Köfte,7,3.1
U0308,Et Döner,9,3.3
U0308,Zeytinyağlı Enginar,12,4.9
U0308,Mevsim Salata,6,4.5
U0308,Piliç Topkapı,3,3.1
U0308,Baklava,8,3.5
U0308,Makarna,7,4.6
U0308,Bulgur Pilavı,3,4.3
U0308,Fırın Tavuk,3,3.9
U0308,Aşure,13,3.1
U0309,Tavukgöğsü,1,4.5
U0309,Hamsi Tava,6,4.3
U0309,Sezar Salata,14,4.3
U0309,Mercimek Köftesi,6,3.5
U0309,Yayla Çorbası,10,3.3
U0309,Mantar Çorbası,4,4.6
U0309,Baklava,1,4.9
U0309,Tavuk Şiş,6,4.6
U0309,Gavurdağı Salata,1,4.0
U0309,Et Döner,11,3.6
U0309,Tavuk Döner,6,4.4
U0309,Ton Balıklı Salata,5,4.0
U0309,Kadınbudu Köfte,4,4.2
U0309,Fırın Tavuk,7,3.3
U0309,Zeytinyağlı Sarma,2,3.6
U0309,Ezogelin Çorbası,6,3.8
U0310,Baklava,4,4.1
U0310,Sigara Böreği,13,3.9
U0310,Güllaç,5,4.9
U0310,Kadınbudu Köfte,3,4.5
U0310,Zeytinyağlı Enginar,6,4.9
U0310,Tavuk Suyu Çorbası,3,4.8
U0310,Pirinç Pilavı,14,4.9
U0310,Profiterol,2,3.1
U0310,Ezogelin Çorbası,4,4.0
U0310,Domates Çorbası,3,3.8
U0310,Yayla Çorbası,14,3.8
U0310,Düğün Çorbası,10,3.5
U0310,Fırın Tavuk,8,3.2
U0311,Mantar Çorbası,8,4.0
U0311,Kazandibi,7,4.3
U0311,Rus Salatası,4,3.2
U0311,Tas Kebabı,6,4.0
U0311,Ezogelin Çorbası,4,3.8
U0311,Pirinç Pilavı,1,3.9
U0311,Sigara Böreği,10,3.5
U0311,Karnıyarık,5,3.9
U0311,Güllaç,11,3.0
U0311,Gavurdağı Salata,4,3.2
U0311,Patates Kızartması,13,5.0
U0311,Et Sote,15,4.2
U0311,Hamsi Tava,7,3.9
U0311,Mercimek Çorbası,9,3.4
U0312,Gavurdağı Salata,8,3.7
U0312,Profiterol,15,4.6
U0312,Mevsim Salata,10,4.3
U0312,Mantar Çorbası,5,3.8
U0312,Tas Kebabı,9,4.1
U0312,Çoban Salata,15,4.2
U0312,Pirinç Pilavı,8,3.7
U0312,Tarhana Çorbası,15,3.1
U0312,Mercimek Köftesi,12,4.4
U0312,Kadınbudu Köfte,4,3.4
U0312,Tavuk Şiş,6,4.1
U0312,İskender Kebap,11,3.0
U0312,Güllaç,14,5.0
U0312,Sebze Graten,5,3.6
U0312,Fırın Tavuk,3,4.1
U0312,Orman Kebabı,4,4.1
U0312,Tavuk Suyu Çorbası,4,4.0
U0312,Tavuk Sote,8,3.4
U0312,Su Böreği,10,4.6
U0312,Patates Salatası,11,3.8
U0313,Baklava,1,4.6
U0313,Rus Salatası,7,5.0
U0313,Tavuk Suyu Çorbası,11,3.9
U0313,Zeytinyağlı Taze Fasulye,11,3.0
U0313,Mevsim Salata,1,3.5
U0313,Et Sote,14,3.9
U0313,Piliç Topkapı,10,4.0
U0313,Mercimek Çorbası,15,4.8
U0313,Patates Salatası,4,3.7
U0313,Pirinç Pilavı,2,3.9
U0313,İskender Kebap,6,4.9
U0313,Et Döner,14,3.4
U0313,Yayla Çorbası,8,4.6
U0313,Zeytinyağlı Enginar,10,3.7
U0313,Tavukgöğsü,14,3.7
U0313,Zeytinyağlı Sarma,12,4.4
U0313,İmambayıldı,11,4.1
U0313,Revani,8,4.4
U0314,Revani,11,4.2
U0314,Ezogelin Çorbası,3,4.4
U0314,Çoban Salata,8,4.0
U0314,Orman Kebabı,7,4.6
U0314,Güllaç,10,3.1
U0314,Tavuk Döner,2,4.6
U0314,Et Sote,6,4.8
U0314,İrmik Helvası,8,3.3
U0314,Sebze Graten,11,4.1
U0314,Sezar Salata,8,4.9
U0314,Su Böreği,9,4.3
U0314,Fırın Tavuk,8,5.0
U0314,Patates Salatası,9,4.6
U0314,Kuru Fasulye,2,4.4
U0314,Tavuk Şiş,10,3.3
U0314,Zeytinyağlı Sarma,9,3.0
U0314,Sigara Böreği,3,3.8
U0314,Bulgur Pilavı,8,4.5
U0314,Pirinç Pilavı,10,5.0
U0315,Sütlaç,8,3.1
U0315,Köfte,10,3.5
U0315,Tarhana Çorbası,7,4.1
U0315,Tavukgöğsü,11,4.6
U0315,Zeytinyağlı Enginar,8,5.0
U0315,Mercimek Köftesi,4,4.5
U0315,Rus Salatası,2,4.4
U0315,Tavuk Suyu Çorbası,4,4.4
U0315,Kadınbudu Köfte,7,4.7
U0315,Profiterol,9,3.9
U0315,Bulgur Pilavı,3,3.4
U0315,Ton Balıklı Salata,15,4.6
U0315,Patates Salatası,13,4.3
U0315,Domates Çorbası,15,3.9
U0315,Sigara Böreği,4,4.1
U0316,Ezogelin Çorbası,2,3.7
U0316,Nohut,13,4.2
U0316,Mantar Çorbası,10,3.7
U0316,Sütlaç,10,3.4
U0316,Karnıyarık,10,3.9
U0316,Gavurdağı Salata,10,3.2
U0316,Ton Balıklı Salata,3,3.5
U0316,Pırasa Yemeği,12,3.9
U0316,Et Sote,14,5.0
U0316,Fırın Tavuk,2,4.3
U0316,Mercimek Köftesi,3,4.7
U0316,Makarna,14,3.5
U0316,Zeytinyağlı Enginar,10,3.9
U0316,Izgara Balık,9,3.4
U0316,İrmik Helvası,6,3.3
U0317,Baklava,14,3.6
U0317,Izgara Balık,3,4.5
U0317,Pirinç Pilavı,13,4.6
U0317,Kuru Fasulye,13,4.4
U0317,Patates Kızartması,5,4.9
U0317,Bulgur Pilavı,7,3.8
U0317,Profiterol,9,3.2
U0317,Sezar Salata,2,4.0
U0317,Patates Püresi,3,3.9
U0317,İrmik Helvası,4,3.7
U0317,Düğün Çorbası,11,4.5
U0318,Baklava,11,4.6
U0318,Ezogelin Çorbası,5,3.8
U0318,Profiterol,6,4.1
U0318,Patates Püresi,10,3.6
U0318,Zeytinyağlı Enginar,8,3.2
U0318,Mercimek Çorbası,1,4.7
U0318,Karnıyarık,6,3.2
U0318,Kadınbudu Köfte,2,4.8
U0319,Ezogelin Çorbası,7,3.9
U0319,Patates Salatası,8,3.4
U0319,Tavuk Şiş,8,4.1
U0319,Yayla Çorbası,2,3.2
U0319,Pırasa Yemeği,15,3.3
U0319,Baklava,10,4.1
U0319,Ton Balıklı Salata,4,3.1
U0319,Sütlaç,5,4.1
U0319,Tavukgöğsü,13,3.4
U0319,İmambayıldı,3,4.5
U0319,Tavuk Suyu Çorbası,10,4.6
U0319,Makarna,5,4.2
U0319,Mevsim Salata,3,4.3
U0319,Et Sote,1,3.9
U0319,Kemalpaşa,8,3.3
U0319,İrmik Helvası,6,3.3
U0319,Kuru Fasulye,12,3.3
U0320,Rus Salatası,12,3.4
U0320,Mercimek Çorbası,14,4.8
U0320,Kuru Fasulye,3,4.1
U0320,Fırın Tavuk,13,3.7
U0320,Orman Kebabı,7,4.8
U0320,Hamsi Tava,14,4.5
U0321,Piliç Topkapı,15,3.7
U0321,Güllaç,3,3.1
U0321,Fırın Tavuk,6,4.3
U0321,Revani,8,4.8
U0321,Tavukgöğsü,7,3.4
U0321,Sebze Graten,3,4.8
U0321,Profiterol,10,3.8
U0321,Mercimek Çorbası,7,4.4
U0321,Patates Püresi,15,3.2
U0321,Mevsim Salata,3,3.7
U0321,İrmik Helvası,6,3.6
U0321,Hamsi Tava,7,4.4
U0321,Et Sote,8,4.5
U0321,Sütlaç,6,4.0
U0321,Gavurdağı Salata,13,5.0
U0321,Ispanak Yemeği,8,3.6
U0321,Tavuk Suyu Çorbası,5,3.7
U0321,Orman Kebabı,10,3.9
U0321,Aşure,8,4.4
U0322,İmambayıldı,8,3.4
U0322,Tavuk Suyu Çorbası,13,3.8
U0322,Kadınbudu Köfte,14,3.9
U0322,Fırın Tavuk,4,5.0
U0322,Orman Kebabı,1,4.3
U0322,Zeytinyağlı Enginar,9,4.0
U0322,İrmik Helvası,6,4.4
U0322,Profiterol,9,3.0
U0322,Kazandibi,12,3.3
U0322,Patates Kızartması,9,4.9
U0322,Tas Kebabı,11,4.8
U0322,Köfte,2,4.2
U0322,Mercimek Çorbası,2,3.0
U0322,Zeytinyağlı Taze Fasulye,2,3.0
U0322,Aşure,15,3.9
U0322,Tavuk Sote,15,4.4
U0322,Piliç Topkapı,6,3.4
U0322,Makarna,4,3.4
U0322,Mantar Çorbası,3,5.0
U0322,İskender Kebap,10,3.8
U0323,Ton Balıklı Salata,15,3.2
U0323,Kemalpaşa,2,4.2
U0323,Mevsim Salata,6,4.5
U0323,Zeytinyağlı Taze Fasulye,3,3.8
U0323,Pirinç Pilavı,8,4.1
U0323,Mercimek Köftesi,4,4.3
U0323,Düğün Çorbası,13,4.0
U0323,Fırın Tavuk,12,4.5
U0323,Aşure,11,4.0
U0323,Sigara Böreği,9,3.6
U0323,Sütlaç,8,3.4
U0323,Güllaç,10,4.8
U0323,Profiterol,13,4.7
U0323,Et Döner,12,4.8
U0323,Tavuk Suyu Çorbası,7,5.0
U0323,Tarhana Çorbası,9,4.7
U0323,Orman Kebabı,7,3.7
U0324,Patates Salatası,14,4.8
U0324,Rus Salatası,7,3.4
U0324,Kadınbudu Köfte,5,4.2
U0324,Yayla Çorbası,10,4.8
U0324,Revani,8,3.5
U0324,Piliç Topkapı,14,4.0
U0324,Nohut,11,3.3
U0324,Kazandibi,15,4.2
U0324,Et Sote,11,3.2
U0324,Güllaç,4,4.3
U0324,Su Böreği,3,3.7
U0324,Patates Püresi,15,4.1
U0324,Zeytinyağlı Sarma,3,3.4
U0324,Mercimek Köftesi,5,4.5
U0324,Sütlaç,2,4.9
U0324,Profiterol,4,3.2
U0324,Tavuk Şiş,9,4.5
U0325,Mantar Çorbası,1,4.7
U0325,Zeytinyağlı Taze Fasulye,15,3.9
U0325,Kuru Fasulye,13,3.2
U0325,Pırasa Yemeği,7,3.6
U0325,Baklava,8,4.0
U0325,Karnıyarık,6,4.4
U0325,Ton Balıklı Salata,5,4.1
U0325,Pirinç Pilavı,5,3.8
U0325,Tas Kebabı,11,3.5
U0325,Kazandibi,14,4.7
U0325,Mercimek Çorbası,1,3.9
U0325,Güllaç,12,4.5
U0325,Aşure,4,3.2
U0325,Et Sote,2,4.2
U0325,Köfte,2,3.8
U0325,Profiterol,10,4.0
U0325,Fırın Tavuk,9,4.6
U0325,Domates Çorbası,10,4.2
U0325,Orman Kebabı,12,4.0
U0325,Sigara Böreği,14,4.1
U0326,Orman Kebabı,6,4.5
U0326,Sebze Graten,3,5.0
U0326,Pırasa Yemeği,2,3.6
U0326,Kazandibi,15,3.2
U0326,Tavukgöğsü,7,4.3
U0326,Nohut,9,4.3
U0326,Hamsi Tava,14,3.6
U0327,Makarna,13,4.1
U0327,Mevsim Salata,14,3.3
U0327,Kuru Fasulye,5,5.0
U0327,Tarhana Çorbası,6,4.8
U0327,Pırasa Yemeği,12,3.6
U0327,Ton Balıklı Salata,3,3.7
U0328,Hamsi Tava,10,4.3
U0328,İskender Kebap,7,3.5
U0328,Sezar Salata,9,4.8
U0328,Bulgur Pilavı,15,3.8
U0328,Tavuk Döner,14,3.4
U0328,Et Sote,10,3.9
U0328,Baklava,13,3.5
U0328,Tas Kebabı,14,3.7
U0328,Ton Balıklı Salata,11,5.0
U0328,Tavuk Suyu Çorbası,6,4.1
U0328,Pırasa Yemeği,12,3.2
U0328,Nohut,13,3.3
U0328,Patates Salatası,15,4.4
U0328,İrmik Helvası,12,3.0
U0328,Kemalpaşa,1,4.2
U0328,Profiterol,1,4.3
U0328,Makarna,2,3.3
U0328,Gavurdağı Salata,5,3.3
U0328,Kadınbudu Köfte,10,3.6
U0329,Kemalpaşa,13,3.9
U0329,Makarna,11,4.6
U0329,Orman Kebabı,7,4.1
U0329,Sütlaç,4,3.3
U0329,Sebze Graten,13,4.3
U0329,Sigara Böreği,9,4.1
U0329,Tas Kebabı,2,4.4
U0329,Aşure,5,4.9
U0329,Domates Çorbası,6,4.4
U0329,Tavukgöğsü,5,4.4
U0329,Tavuk Sote,9,4.1
U0329,Su Böreği,5,4.7
U0329,Güllaç,2,4.9
U0329,İrmik Helvası,12,3.6
U0330,Orman Kebabı,9,3.2
U0330,Karnıyarık,13,3.4
U0330,Domates Çorbası,8,3.7
U0330,Bulgur Pilavı,10,3.9
U0330,Fırın Tavuk,12,3.7
U0330,Ton Balıklı Salata,15,4.3
U0330,Tas Kebabı,13,3.1
U0330,Tavuk Döner,11,3.1
U0330,Et Döner,14,4.4
U0330,Düğün Çorbası,4,4.9
U0330,Sezar Salata,10,3.2
U0330,Kuru Fasulye,3,4.4
U0331,Revani,11,4.8
U0331,Et Sote,15,3.3
U0331,Rus Salatası,3,4.7
U0331,Karnıyarık,14,4.5
U0331,Profiterol,6,3.5
U0331,Tavuk Döner,10,4.9
U0331,Pirinç Pilavı,5,3.4
U0331,Ispanak Yemeği,1,4.3
U0331,Tavukgöğsü,15,3.7
U0331,Zeytinyağlı Taze Fasulye,14,4.3
U0332,Mantar Çorbası,13,4.6
U0332,Zeytinyağlı Enginar,12,3.4
U0332,Tavuk Sote,15,3.1
U0332,Tavuk Şiş,12,4.3
U0332,Tarhana Çorbası,2,3.7
U0332,Kemalpaşa,3,4.7
U0332,Ezogelin Çorbası,9,4.3
U0332,Tavukgöğsü,6,4.6
U0332,Aşure,10,3.2
U0332,Çoban Salata,9,4.8
U0332,İrmik Helvası,8,3.6
U0332,Domates Çorbası,1,4.2
U0332,Sigara Böreği,14,4.1
U0332,Revani,3,3.4
U0332,Sebze Graten,4,4.6
U0332,Kazandibi,9,4.4
U0332,Karnıyarık,1,4.0
U0332,Kuru Fasulye,12,3.9
U0332,Mercimek Köftesi,4,3.0
U0332,Et Sote,1,4.3
U0333,Makarna,3,5.0
U0333,Revani,4,3.1
U0333,Domates Çorbası,1,4.7
U0333,Pırasa Yemeği,15,3.8
U0333,Sütlaç,5,3.9
U0333,Fırın Tavuk,9,3.3
U0333,Mantar Çorbası,11,4.8
U0333,Piliç Topkapı,3,4.1
U0333,Patates Salatası,8,3.5
U0333,Patates Kızartması,6,4.6
U0333,Tavuk Sote,8,4.2
U0333,Et Döner,9,3.9
U0333,Gavurdağı Salata,7,3.5
U0333,İrmik Helvası,1,4.2
U0333,Su Böreği,3,3.3
U0333,Et Sote,7,4.7
U0333,Ispanak Yemeği,9,4.9
U0334,Ispanak Yemeği,5,3.2
U0334,Karnıyarık,5,3.6
U0334,Kadınbudu Köfte,10,3.0
U0334,Tavuk Döner,4,4.6
U0334,Et Sote,9,4.6
U0334,Tarhana Çorbası,9,4.4
U0334,Yayla Çorbası,10,3.4
U0335,Nohut,11,3.2
U0335,Sigara Böreği,7,4.9
U0335,Et Sote,4,4.1
U0335,Baklava,4,4.0
U0335,Zeytinyağlı Sarma,15,3.2
U0335,Pırasa Yemeği,10,3.4
U0335,Sezar Salata,15,4.1
U0335,Düğün Çorbası,4,4.4
U0335,Tavuk Döner,5,3.1
U0335,Kazandibi,4,4.8
U0335,Kemalpaşa,5,3.7
U0335,Et Döner,6,3.9
U0336,Ispanak Yemeği,8,3.7
U0336,İrmik Helvası,9,4.1
U0336,Su Böreği,3,4.7
U0336,Patates Kızartması,6,3.9
U0336,Rus Salatası,6,3.0
U0336,Et Döner,4,3.1
U0336,Ezogelin Çorbası,7,3.9
U0336,İmambayıldı,13,3.8
U0336,Profiterol,11,4.2
U0336,Tavuk Suyu Çorbası,9,4.3
U0336,Mantar Çorbası,9,3.6
U0336,Sezar Salata,1,3.1
U0336,Patates Salatası,7,3.6
U0336,Yayla Çorbası,9,4.0
U0336,Sigara Böreği,13,4.7
U0336,Aşure,4,3.7
U0336,Kuru Fasulye,7,4.4
U0336,Tavuk Sote,3,4.3
U0336,Sütlaç,6,4.6
U0337,Kuru Fasulye,1,3.8
U0337,Aşure,1,3.9
U0337,Sigara Böreği,7,4.1
U0337,Pırasa Yemeği,5,4.2
U0337,Orman Kebabı,6,3.7
U0337,Izgara Balık,4,3.2
U0337,Gavurdağı Salata,4,4.5
U0337,Tavuk Şiş,2,3.8
U0337,Hamsi Tava,15,4.4
U0337,Kadınbudu Köfte,3,3.2
U0337,Güllaç,14,4.3
U0337,Piliç Topkapı,5,3.2
U0337,Makarna,13,3.6
U0338,Kazandibi,1,4.4
U0338,Ezogelin Çorbası,8,4.2
U0338,Zeytinyağlı Sarma,4,3.3
U0338,Patates Salatası,3,5.0
U0338,Ispanak Yemeği,5,4.6
U0338,Tavuk Sote,4,3.9
U0338,Yayla Çorbası,4,3.5
U0338,Kadınbudu Köfte,15,3.9
U0338,Hamsi Tava,6,4.1
U0338,Sebze Graten,13,4.2
U0338,Mercimek Köftesi,6,3.3
U0338,Bulgur Pilavı,7,3.8
U0339,Mercimek Çorbası,10,4.3
U0339,Patates Salatası,14,3.1
U0339,Gavurdağı Salata,4,3.6
U0339,Fırın Tavuk,8,4.9
U0339,Tavuk Suyu Çorbası,3,4.2
U0339,Kadınbudu Köfte,4,4.0
U0339,Tavukgöğsü,12,5.0
U0339,Kazandibi,7,3.2
U0339,Düğün Çorbası,5,3.4
U0339,Tavuk Sote,5,3.6
U0339,Et Sote,9,3.6
U0339,Ispanak Yemeği,8,3.8
U0340,İmambayıldı,6,3.9
U0340,Sütlaç,10,4.5
U0340,Mercimek Çorbası,13,4.6
U0340,Patates Püresi,2,3.6
U0340,Ispanak Yemeği,15,4.1
U0340,Zeytinyağlı Enginar,9,3.7
U0340,Tas Kebabı,6,3.3
U0340,Mantar Çorbası,1,4.8
U0340,Karnıyarık,14,4.9
U0340,Fırın Tavuk,7,3.7
U0340,Tavukgöğsü,11,3.3
U0340,Çoban Salata,5,3.5
U0340,Rus Salatası,2,3.8
U0340,Kadınbudu Köfte,15,4.6
U0340,Mevsim Salata,11,3.7
U0341,Sigara Böreği,6,4.1
U0341,Tarhana Çorbası,13,4.1
U0341,Çoban Salata,5,3.8
U0341,Izgara Balık,11,4.7
U0341,Pırasa Yemeği,3,4.1
U0341,Ispanak Yemeği,11,3.9
U0341,Su Böreği,1,3.4
U0341,Tavuk Sote,10,3.1
U0341,Yayla Çorbası,4,3.5
U0341,Tavukgöğsü,4,4.0
U0341,Kazandibi,14,4.4
U0341,Köfte,8,3.0
U0341,İmambayıldı,9,4.1
U0341,Tavuk Şiş,5,4.8
U0341,Orman Kebabı,10,3.9
U0341,Et Döner,10,4.5
U0341,Ezogelin Çorbası,12,3.3
U0341,Revani,1,4.7
U0341,Kadınbudu Köfte,2,3.3
U0341,Kemalpaşa,5,3.7
U0342,Ispanak Yemeği,3,4.1
U0342,Su Böreği,6,3.9
U0342,Gavurdağı Salata,15,4.9
U0342,Et Sote,4,3.6
U0342,Makarna,6,3.5
U0342,Tavuk Sote,13,4.8
U0342,Tarhana Çorbası,14,4.8
U0342,Piliç Topkapı,9,3.7
U0342,Pırasa Yemeği,1,4.6
U0342,Orman Kebabı,2,3.8
U0342,Sebze Graten,4,4.9
U0342,Karnıyarık,7,3.1
U0342,Hamsi Tava,3,3.9
U0343,Aşure,13,4.5
U0343,Çoban Salata,11,3.4
U0343,Güllaç,7,4.8
U0343,Tavukgöğsü,1,4.1
U0343,Kemalpaşa,14,3.8
U0343,Patates Salatası,11,4.2
U0343,Zeytinyağlı Sarma,2,3.7
U0343,Tavuk Şiş,4,3.6
U0343,Domates Çorbası,4,3.1
U0343,Baklava,15,3.1
U0343,Sezar Salata,8,3.7
U0343,Ezogelin Çorbası,5,3.3
U0343,Pirinç Pilavı,4,3.2
U0344,Tavuk Suyu Çorbası,4,4.7
U0344,Zeytinyağlı Enginar,9,4.1
U0344,Mevsim Salata,13,4.0
U0344,Gavurdağı Salata,3,3.7
U0344,Orman Kebabı,12,4.1
U0344,Tavukgöğsü,7,3.7
U0344,Mantar Çorbası,15,3.1
U0344,Yayla Çorbası,15,3.9
U0344,Sigara Böreği,8,4.4
U0345,Hamsi Tava,5,4.9
U0345,Kemalpaşa,6,4.8
U0345,Zeytinyağlı Enginar,7,3.9
U0345,Tavukgöğsü,3,4.7
U0345,Piliç Topkapı,8,4.9
U0345,Fırın Tavuk,13,3.0
U0345,Sezar Salata,5,3.5
U0345,Nohut,5,3.8
U0345,Aşure,8,3.3
U0345,Tavuk Sote,14,3.2
U0345,Izgara Balık,13,4.1
U0346,Hamsi Tava,6,4.3
U0346,İskender Kebap,8,3.3
U0346,Mantar Çorbası,15,3.3
U0346,Tavuk Döner,4,3.9
U0346,Çoban Salata,1,4.0
U0346,Köfte,13,3.7
U0346,Tas Kebabı,5,3.6
U0346,İrmik Helvası,12,4.6
U0346,Kazandibi,5,4.1
U0346,Sebze Graten,6,4.6
U0346,Baklava,5,3.2
U0346,Mercimek Çorbası,14,4.6
U0347,Piliç Topkapı,3,3.5
U0347,Sezar Salata,1,4.0
U0347,Ispanak Yemeği,2,3.9
U0347,Sebze Graten,7,4.9
U0347,Kadınbudu Köfte,2,4.2
U0347,Nohut,4,4.0
U0347,Profiterol,15,3.3
U0347,Kuru Fasulye,7,4.8
U0348,Yayla Çorbası,4,4.8
U0348,Pirinç Pilavı,15,3.1
U0348,İmambayıldı,5,3.6
U0348,Su Böreği,12,3.6
U0348,Zeytinyağlı Sarma,15,3.5
U0348,Tavukgöğsü,15,3.6
U0348,İrmik Helvası,7,3.9
U0348,Kadınbudu Köfte,11,4.6
U0349,Zeytinyağlı Sarma,3,4.2
U0349,Kazandibi,15,3.8
U0349,Et Döner,5,4.4
U0349,Tavuk Sote,8,4.7
U0349,Tas Kebabı,11,3.7
U0349,Zeytinyağlı Taze Fasulye,8,4.6
U0349,Tavuk Suyu Çorbası,14,3.7
U0349,Çoban Salata,11,4.6
U0349,Domates Çorbası,14,3.5
U0349,Hamsi Tava,8,3.6
U0349,Kemalpaşa,2,4.7
U0349,Mercimek Köftesi,3,4.5
U0349,Mevsim Salata,4,4.9
U0349,Patates Püresi,4,3.7
U0349,Mantar Çorbası,5,4.5
U0349,Kuru Fasulye,8,4.6
U0349,Profiterol,3,4.6
U0350,Profiterol,10,3.0
U0350,Patates Püresi,13,4.0
U0350,Orman Kebabı,8,4.6
U0350,Bulgur Pilavı,12,4.9
U0350,Tavukgöğsü,5,3.2
U0350,Zeytinyağlı Sarma,2,4.4
U0351,İskender Kebap,3,4.0
U0351,Patates Püresi,11,4.1
U0351,Makarna,2,3.9
U0351,Ezogelin Çorbası,8,3.2
U0351,Fırın Tavuk,9,4.7
U0351,Kadınbudu Köfte,15,4.2
U0351,Zeytinyağlı Sarma,5,3.5
U0351,Tavuk Döner,14,3.2
U0351,Bulgur Pilavı,10,3.2
U0351,Et Sote,7,4.4
U0351,Tavuk Sote,3,3.6
U0351,Çoban Salata,15,4.9
U0352,İrmik Helvası,11,4.1
U0352,Sütlaç,6,4.8
U0352,Et Döner,9,3.3
U0352,Su Böreği,8,4.8
U0352,Yayla Çorbası,1,4.1
U0352,Et Sote,13,4.9
U0352,Nohut,12,4.4
U0352,Tavukgöğsü,12,3.5
U0352,Güllaç,5,4.5
U0352,Düğün Çorbası,13,4.0
U0352,Sigara Böreği,11,3.9
U0352,Tavuk Şiş,15,4.0
U0352,Izgara Balık,14,3.3
U0352,Domates Çorbası,15,3.5
U0353,Kemalpaşa,15,4.9
U0353,Izgara Balık,15,4.9
U0353,Tas Kebabı,4,4.5
U0353,Mercimek Çorbası,8,4.0
U0353,Mercimek Köftesi,6,3.4
U0353,Ezogelin Çorbası,15,3.4
U0353,Zeytinyağlı Sarma,7,3.1
U0354,Profiterol,6,3.7
U0354,Mantar Çorbası,6,3.9
U0354,Tas Kebabı,10,4.9
U0354,Karnıyarık,11,4.1
U0354,Pırasa Yemeği,10,4.1
U0354,Patates Püresi,14,3.9
U0354,Fırın Tavuk,12,4.9
U0355,Et Sote,2,3.6
U0355,Sezar Salata,6,3.2
U0355,Tas Kebabı,10,3.6
U0355,Domates Çorbası,12,3.3
U0355,Düğün Çorbası,2,4.2
U0355,Patates Salatası,7,3.4
U0355,Bulgur Pilavı,13,4.3
U0355,Izgara Balık,2,4.7
U0355,Baklava,10,3.7
U0355,Mercimek Köftesi,1,3.2
U0355,Köfte,8,3.3
U0355,Sütlaç,5,4.5
U0355,Ezogelin Çorbası,6,3.6
U0355,Rus Salatası,12,4.8
U0355,Sebze Graten,8,4.0
U0356,Baklava,8,3.8
U0356,Tavuk Sote,8,4.3
U0356,Patates Kızartması,15,3.6
U0356,Ton Balıklı Salata,14,3.5
U0356,Nohut,6,4.0
U0356,İmambayıldı,4,3.1
U0356,Düğün Çorbası,14,3.1
U0356,Zeytinyağlı Sarma,9,4.3
U0357,Köfte,15,4.6
U0357,Güllaç,13,4.4
U0357,Aşure,4,4.7
U0357,Düğün Çorbası,13,3.9
U0357,Et Sote,7,4.9
U0357,Ton Balıklı Salata,7,4.5
U0357,Su Böreği,12,4.9
U0357,Kemalpaşa,2,3.4
U0357,Sezar Salata,8,4.6
U0357,Ezogelin Çorbası,13,4.3
U0358,Et Sote,9,4.5
U0358,Tavuk Döner,4,4.5
U0358,Pirinç Pilavı,12,4.9
U0358,Izgara Balık,7,4.3
U0358,Zeytinyağlı Taze Fasulye,15,4.0
U0358,Düğün Çorbası,10,4.8
U0358,Tavuk Suyu Çorbası,4,4.1
U0358,Aşure,13,4.3
U0358,Bulgur Pilavı,6,5.0
U0358,Rus Salatası,4,4.2
U0358,Piliç Topkapı,15,4.9
U0358,Fırın Tavuk,3,3.1
U0358,Revani,7,3.7
U0358,Et Döner,3,3.5
U0358,Tavukgöğsü,5,4.0
U0358,Köfte,12,4.9
U0358,Hamsi Tava,6,4.2
U0358,Sigara Böreği,8,5.0
U0359,Tavuk Döner,2,3.7
U0359,Pırasa Yemeği,13,4.8
U0359,Baklava,3,3.8
U0359,Düğün Çorbası,5,4.5
U0359,Et Döner,5,4.1
U0359,Piliç Topkapı,6,3.0
U0360,Izgara Balık,12,3.8
U0360,Fırın Tavuk,3,3.3
U0360,Gavurdağı Salata,8,3.1
U0360,Mercimek Çorbası,15,4.4
U0360,Düğün Çorbası,15,4.9
U0360,Kazandibi,8,4.7
U0360,Hamsi Tava,10,3.3
U0360,Pırasa Yemeği,14,3.2
U0360,Sebze Graten,7,4.2
U0360,Tarhana Çorbası,4,4.5
U0360,İskender Kebap,9,4.3
U0360,Ispanak Yemeği,12,4.8
U0360,Tas Kebabı,7,4.9
U0361,Piliç Topkapı,2,4.1
U0361,Ispanak Yemeği,5,3.2
U0361,Orman Kebabı,9,3.3
U0361,Zeytinyağlı Sarma,7,3.5
U0361,Tavuk Suyu Çorbası,4,3.3
U0361,Makarna,11,4.7
U0361,Patates Kızartması,3,3.7
U0361,Domates Çorbası,5,3.3
U0361,Sütlaç,1,3.5
U0361,Tavukgöğsü,11,3.9
U0361,Rus Salatası,15,4.7
U0361,Hamsi Tava,9,4.7
U0361,Sigara Böreği,6,3.7
U0361,Nohut,9,3.6
U0361,Yayla Çorbası,12,4.2
U0361,Su Böreği,13,4.3
U0361,Ton Balıklı Salata,14,4.4
U0361,İrmik Helvası,7,4.5
U0361,Kadınbudu Köfte,9,4.5
U0362,Mercimek Köftesi,2,3.8
U0362,Kazandibi,4,4.2
U0362,Patates Kızartması,7,3.0
U0362,Tavuk Döner,2,4.6
U0362,İrmik Helvası,11,3.6
U0362,Izgara Balık,8,4.8
U0363,Et Döner,10,4.6
U0363,Yayla Çorbası,11,3.0
U0363,Sebze Graten,2,4.7
U0363,Ezogelin Çorbası,14,5.0
U0363,Bulgur Pilavı,7,3.6
U0363,Tarhana Çorbası,11,4.9
U0363,Güllaç,9,4.9
U0363,Profiterol,14,4.4
U0364,Sütlaç,7,3.8
U0364,Sebze Graten,14,4.9
U0364,İskender Kebap,15,3.3
U0364,Sezar Salata,2,3.4
U0364,Revani,12,4.3
U0364,Patates Kızartması,12,4.4
U0364,Rus Salatası,4,4.8
U0364,Baklava,15,3.3
U0364,Kadınbudu Köfte,10,5.0
U0364,Karnıyarık,14,4.3
U0364,Zeytinyağlı Taze Fasulye,1,4.1
U0364,Sigara Böreği,11,4.9
U0364,Zeytinyağlı Sarma,12,4.8
U0364,Zeytinyağlı Enginar,12,3.3
U0364,Köfte,4,3.8
U0364,Yayla Çorbası,6,3.9
U0364,Gavurdağı Salata,15,3.5
U0365,Baklava,10,4.3
U0365,Et Sote,10,3.5
U0365,Mercimek Çorbası,4,3.4
U0365,Profiterol,1,4.4
U0365,İskender Kebap,14,4.8
U0365,Pirinç Pilavı,14,4.3
U0365,Kadınbudu Köfte,9,4.5
U0365,Sütlaç,5,4.9
U0365,Mevsim Salata,13,4.1
U0365,Güllaç,13,3.7
U0365,Ezogelin Çorbası,15,3.9
U0365,Köfte,11,4.7
U0365,Karnıyarık,13,3.5
U0365,Fırın Tavuk,1,4.8
U0365,İmambayıldı,9,4.7
U0365,Sezar Salata,10,3.5
U0366,Ton Balıklı Salata,2,4.3
U0366,Kuru Fasulye,15,4.0
U0366,Kadınbudu Köfte,8,4.2
U0366,Sezar Salata,6,3.4
U0366,Aşure,12,3.4
U0366,Tas Kebabı,12,4.3
U0367,Zeytinyağlı Enginar,12,4.0
U0367,Tavuk Sote,1,3.4
U0367,Su Böreği,12,4.7
U0367,Patates Püresi,6,4.8
U0367,Tavuk Şiş,8,3.6
U0367,Mantar Çorbası,15,3.9
U0367,Profiterol,12,3.6
U0367,Ezogelin Çorbası,9,3.5
U0367,Düğün Çorbası,15,3.8
U0367,Bulgur Pilavı,4,4.4
U0368,Baklava,5,3.8
U0368,Profiterol,14,4.2
U0368,Tavuk Suyu Çorbası,7,3.5
U0368,Karnıyarık,13,4.1
U0368,Mevsim Salata,11,3.6
U0368,Ispanak Yemeği,4,3.3
U0368,Tavuk Sote,9,3.4
U0369,Tas Kebabı,15,3.8
U0369,Kuru Fasulye,8,3.4
U0369,Tavuk Şiş,3,4.8
U0369,Patates Salatası,6,3.7
U0369,Domates Çorbası,7,5.0
U0369,Tarhana Çorbası,8,3.8
U0369,Nohut,15,4.5
U0369,Fırın Tavuk,7,4.0
U0369,Kemalpaşa,15,4.9
U0369,Tavuk Sote,12,3.2
U0369,Rus Salatası,14,3.3
U0369,Zeytinyağlı Enginar,8,4.2
U0369,Su Böreği,8,4.9
U0369,Aşure,6,3.3
U0369,Izgara Balık,8,4.5
U0370,Nohut,8,4.0
U0370,Köfte,15,3.7
U0370,Kemalpaşa,3,3.6
U0370,Izgara Balık,12,4.1
U0370,Mantar Çorbası,8,3.5
U0370,Kadınbudu Köfte,2,3.3
U0370,Mercimek Köftesi,11,4.6
U0371,Mercimek Çorbası,8,5.0
U0371,Düğün Çorbası,10,4.9
U0371,Patates Kızartması,11,4.3
U0371,Hamsi Tava,9,4.2
U0371,Bulgur Pilavı,9,4.6
U0371,Ispanak Yemeği,8,4.7
U0371,Zeytinyağlı Taze Fasulye,12,3.5
U0371,Tavuk Sote,11,3.3
U0371,Aşure,11,4.7
U0371,Orman Kebabı,8,4.3
U0371,Domates Çorbası,3,3.8
U0371,Fırın Tavuk,4,4.6
U0371,İskender Kebap,6,4.6
U0371,Et Sote,8,4.2
U0372,Patates Kızartması,2,3.4
U0372,Su Böreği,10,4.2
U0372,Düğün Çorbası,6,4.8
U0372,Kuru Fasulye,11,3.0
U0372,Zeytinyağlı Sarma,10,3.0
U0372,Mercimek Köftesi,7,4.2
U0372,Zeytinyağlı Enginar,14,4.4
U0372,Fırın Tavuk,15,4.5
U0372,Kazandibi,4,3.1
U0372,Çoban Salata,2,4.4
U0372,Revani,7,3.5
U0372,Sütlaç,13,3.2
U0372,Sebze Graten,13,4.8
U0373,İmambayıldı,4,4.4
U0373,Baklava,2,3.2
U0373,Aşure,9,3.5
U0373,Hamsi Tava,4,4.1
U0373,Mercimek Köftesi,8,3.3
U0373,Bulgur Pilavı,15,4.9
U0373,Düğün Çorbası,11,3.7
U0373,Ispanak Yemeği,7,3.6
U0373,Mercimek Çorbası,6,3.4
U0373,Kadınbudu Köfte,10,3.0
U0373,Ton Balıklı Salata,7,3.6
U0373,Rus Salatası,2,4.1
U0373,Zeytinyağlı Sarma,4,4.7
U0373,Pirinç Pilavı,11,3.4
U0373,Revani,11,3.7
U0373,Domates Çorbası,14,3.4
U0374,Domates Çorbası,5,4.8
U0374,Aşure,10,4.8
U0374,Kemalpaşa,9,3.1
U0374,Çoban Salata,8,3.4
U0374,Et Döner,1,4.9
U0374,Kazandibi,8,3.7
U0374,Mevsim Salata,8,3.9
U0374,Yayla Çorbası,12,4.3
U0374,Tavukgöğsü,15,4.9
U0374,Bulgur Pilavı,14,3.5
U0374,Sütlaç,8,4.7
U0374,Patates Püresi,12,4.6
U0374,İmambayıldı,6,4.0
U0374,Tavuk Döner,9,4.7
U0374,Piliç Topkapı,3,3.5
U0374,Tavuk Şiş,11,3.7
U0374,Kadınbudu Köfte,8,3.8
U0374,Baklava,3,3.9
U0374,Ton Balıklı Salata,13,4.4
U0375,Köfte,7,4.4
U0375,Kadınbudu Köfte,9,4.6
U0375,Ezogelin Çorbası,5,4.9
U0375,Patates Kızartması,9,4.5
U0375,Zeytinyağlı Taze Fasulye,10,3.9
U0375,Sebze Graten,3,3.6
U0375,Tarhana Çorbası,7,3.2
U0375,Tavuk Suyu Çorbası,4,4.9
U0375,Patates Salatası,3,4.9
U0375,Pirinç Pilavı,8,3.9
U0375,Düğün Çorbası,2,3.4
U0375,İskender Kebap,11,3.0
U0375,Patates Püresi,8,4.1
U0375,Mantar Çorbası,8,5.0
U0376,Karnıyarık,11,4.6
U0376,Patates Püresi,2,4.7
U0376,Mercimek Çorbası,4,3.2
U0376,Pirinç Pilavı,3,3.9
U0376,Et Sote,4,3.1
U0376,Sezar Salata,11,3.5
U0376,Orman Kebabı,6,3.3
U0376,Mevsim Salata,14,4.1
U0376,Gavurdağı Salata,6,4.0
U0376,Yayla Çorbası,1,4.5
U0377,Çoban Salata,3,4.8
U0377,Sezar Salata,12,3.8
U0377,Piliç Topkapı,11,4.4
U0377,Ezogelin Çorbası,13,4.5
U0377,Kuru Fasulye,15,3.4
U0377,Karnıyarık,8,4.0
U0377,Ton Balıklı Salata,7,3.3
U0377,Sebze Graten,1,4.9
U0377,Mevsim Salata,7,3.6
U0377,Köfte,4,3.2
U0377,Rus Salatası,4,4.7
U0377,Nohut,8,3.4
U0378,Kemalpaşa,3,3.4
U0378,Bulgur Pilavı,14,4.0
U0378,Sezar Salata,5,4.6
U0378,Tavuk Döner,2,3.7
U0378,Köfte,11,4.1
U0378,Karnıyarık,6,4.4
U0378,Zeytinyağlı Sarma,14,3.7
U0378,Sebze Graten,14,3.3
U0379,Et Döner,14,4.3
U0379,Patates Püresi,1,5.0
U0379,Rus Salatası,4,3.4
U0379,Kazandibi,8,4.8
U0379,Tavuk Şiş,3,3.7
U0379,Zeytinyağlı Enginar,10,4.0
U0379,Aşure,8,5.0
U0379,Mercimek Köftesi,15,4.6
U0379,Karnıyarık,15,4.3
U0379,Sebze Graten,2,3.0
U0379,Tavukgöğsü,4,3.7
U0379,Tavuk Sote,14,3.1
U0379,Patates Salatası,1,4.7
U0379,Patates Kızartması,15,4.0
U0380,Hamsi Tava,5,3.0
U0380,Patates Püresi,11,3.3
U0380,Su Böreği,11,4.2
U0380,Sigara Böreği,13,3.1
U0380,Baklava,15,5.0
U0381,Patates Kızartması,5,4.0
U0381,Revani,8,3.2
U0381,Düğün Çorbası,6,4.0
U0381,Kazandibi,4,4.7
U0381,Orman Kebabı,15,4.4
U0381,Ton Balıklı Salata,10,4.3
U0381,Makarna,8,5.0
U0381,Patates Salatası,8,3.4
U0381,Profiterol,10,4.3
U0381,Bulgur Pilavı,11,4.5
U0381,Aşure,14,3.2
U0381,İskender Kebap,10,4.6
U0381,Tavukgöğsü,9,3.8
U0381,Domates Çorbası,2,4.1
U0381,Gavurdağı Salata,11,3.1
U0381,Mercimek Köftesi,10,4.3
U0381,Zeytinyağlı Taze Fasulye,4,3.2
U0381,Sütlaç,10,3.4
U0381,Nohut,11,3.5
U0381,Zeytinyağlı Enginar,10,4.3
U0382,Kazandibi,14,3.9
U0382,Mercimek Köftesi,12,4.0
U0382,Patates Püresi,5,3.5
U0382,Pırasa Yemeği,7,3.8
U0382,Karnıyarık,10,3.9
U0382,Tavuk Suyu Çorbası,4,3.9
U0382,Et Döner,10,3.8
U0383,Mevsim Salata,15,3.5
U0383,Ezogelin Çorbası,7,4.3
U0383,Zeytinyağlı Taze Fasulye,6,4.5
U0383,Patates Püresi,12,3.4
U0383,İskender Kebap,4,4.4
U0383,Mercimek Köftesi,2,4.3
U0383,Tavuk Suyu Çorbası,12,3.6
U0383,Zeytinyağlı Enginar,9,3.1
U0383,Patates Kızartması,13,4.7
U0383,Çoban Salata,9,3.7
U0383,Nohut,8,4.1
U0383,Pirinç Pilavı,15,4.0
U0383,Baklava,11,3.8
U0383,Sigara Böreği,9,4.8
U0383,Karnıyarık,5,4.6
U0384,Mevsim Salata,5,3.6
U0384,Köfte,8,3.1
U0384,Pirinç Pilavı,7,4.3
U0384,Tavuk Sote,2,4.8
U0384,Mercimek Çorbası,13,3.3
U0384,Sütlaç,13,3.2
U0384,Kuru Fasulye,7,3.6
U0384,Profiterol,4,4.2
U0384,Patates Püresi,10,3.9
U0384,Sebze Graten,9,3.3
U0385,Mevsim Salata,9,3.7
U0385,Et Döner,11,4.2
U0385,Düğün Çorbası,14,3.6
U0385,Tavuk Sote,2,3.1
U0385,Revani,15,4.0
U0385,Sigara Böreği,1,4.1
U0385,Patates Salatası,10,4.3
U0386,Kazandibi,9,3.5
U0386,Düğün Çorbası,5,4.6
U0386,Profiterol,5,4.0
U0386,Tavuk Sote,12,4.2
U0386,Pırasa Yemeği,10,3.3
U0386,Revani,14,4.2
U0386,Yayla Çorbası,1,3.6
U0386,Tavuk Şiş,15,4.5
U0386,Gavurdağı Salata,1,4.5
U0386,Tas Kebabı,2,3.6
U0386,Sütlaç,5,3.2
U0386,Patates Püresi,15,4.0
U0386,Ezogelin Çorbası,14,4.1
U0386,Ispanak Yemeği,12,4.9
U0387,Ispanak Yemeği,12,3.1
U0387,Tavuk Sote,5,3.9
U0387,Orman Kebabı,8,3.0
U0387,Tavuk Şiş,3,3.4
U0387,Aşure,10,3.6
U0387,Sigara Böreği,3,3.5
U0387,Zeytinyağlı Enginar,1,4.0
U0387,Kadınbudu Köfte,5,3.1
U0387,İmambayıldı,4,4.6
U0387,Düğün Çorbası,6,4.7
U0387,Zeytinyağlı Sarma,15,3.0
U0387,Zeytinyağlı Taze Fasulye,6,3.2
U0388,Et Döner,10,4.5
U0388,Sigara Böreği,3,3.2
U0388,Pırasa Yemeği,5,3.5
U0388,Tas Kebabı,13,4.1
U0388,Kadınbudu Köfte,8,3.3
U0389,Tavukgöğsü,4,4.9
U0389,Piliç Topkapı,2,4.5
U0389,Ezogelin Çorbası,15,4.8
U0389,Mercimek Köftesi,3,4.9
U0389,Kadınbudu Köfte,11,3.3
U0390,Köfte,3,4.6
U0390,Sigara Böreği,6,3.4
U0390,Ezogelin Çorbası,6,4.2
U0390,Zeytinyağlı Taze Fasulye,6,3.3
U0390,İrmik Helvası,5,3.3
U0390,Pirinç Pilavı,14,4.9
U0390,Et Sote,15,3.4
U0390,Ispanak Yemeği,4,4.9
U0390,Orman Kebabı,1,3.9
U0390,Tarhana Çorbası,5,3.9
U0391,Tarhana Çorbası,9,3.9
U0391,Nohut,6,4.0
U0391,Makarna,6,3.4
U0391,Mantar Çorbası,12,4.2
U0391,Bulgur Pilavı,1,4.4
U0392,Zeytinyağlı Sarma,13,4.4
U0392,Köfte,12,3.7
U0392,Tavuk Şiş,8,3.5
U0392,Mercimek Çorbası,3,4.7
U0392,Zeytinyağlı Enginar,1,3.0
U0392,Tavukgöğsü,6,5.0
U0392,Makarna,9,3.3
U0392,Yayla Çorbası,10,4.2
U0392,Patates Püresi,15,3.6
U0392,Piliç Topkapı,13,4.1
U0392,Sütlaç,2,3.8
U0392,Ispanak Yemeği,7,3.8
U0393,İrmik Helvası,15,4.4
U0393,İskender Kebap,3,4.1
U0393,Ispanak Yemeği,11,3.5
U0393,Karnıyarık,13,4.6
U0393,Mevsim Salata,2,4.5
U0393,Kazandibi,10,3.1
U0393,Zeytinyağlı Taze Fasulye,14,4.6
U0393,Fırın Tavuk,13,4.3
U0393,Mercimek Köftesi,7,4.4
U0393,Bulgur Pilavı,12,3.8
U0393,Güllaç,4,3.7
U0393,Pırasa Yemeği,4,3.9
U0393,Et Döner,2,3.8
U0393,Zeytinyağlı Enginar,2,4.5
U0393,Baklava,7,3.7
U0394,Orman Kebabı,3,4.1
U0394,Ispanak Yemeği,3,3.2
U0394,Köfte,2,5.0
U0394,Sebze Graten,12,4.4
U0394,Sezar Salata,13,3.2
U0394,Yayla Çorbası,6,4.0
U0394,Tavuk Sote,13,4.0
U0394,Tas Kebabı,1,4.1
U0394,Gavurdağı Salata,1,3.1
U0394,Mercimek Köftesi,13,3.6
U0394,Ton Balıklı Salata,9,4.5
U0394,Baklava,7,4.3
U0394,Pirinç Pilavı,8,3.5
U0394,Kuru Fasulye,8,3.7
U0395,Sigara Böreği,1,3.9
U0395,Piliç Topkapı,13,4.6
U0395,Hamsi Tava,12,3.9
U0395,Baklava,5,4.8
U0395,Mantar Çorbası,6,3.7
U0395,Sezar Salata,7,4.2
U0395,Sütlaç,15,3.2
U0395,Aşure,12,3.4
U0395,Zeytinyağlı Sarma,13,4.6
U0395,Rus Salatası,3,4.6
U0395,İskender Kebap,4,3.5
U0395,Düğün Çorbası,4,3.1
U0395,Kuru Fasulye,6,3.3
U0395,Patates Salatası,13,3.8
U0395,Mercimek Köftesi,3,4.3
U0395,Tarhana Çorbası,15,4.2
U0395,Sebze Graten,10,3.5
U0396,Tavuk Döner,10,3.5
U0396,Revani,10,3.2
U0396,İmambayıldı,3,4.4
U0396,Patates Kızartması,14,3.5
U0396,Tarhana Çorbası,9,4.5
U0396,Domates Çorbası,5,3.6
U0396,Izgara Balık,15,4.1
U0396,Kemalpaşa,3,3.1
U0396,Köfte,15,4.5
U0396,Baklava,2,4.6
U0396,Kadınbudu Köfte,15,3.0
U0396,Piliç Topkapı,6,3.0
U0396,Aşure,14,3.9
U0396,Pirinç Pilavı,2,3.4
U0396,Profiterol,6,4.9
U0396,Tavuk Suyu Çorbası,9,3.6
U0396,Zeytinyağlı Sarma,12,3.5
U0396,Sigara Böreği,9,4.8
U0396,Tavuk Sote,2,3.7
U0397,Çoban Salata,15,4.2
U0397,Revani,12,3.1
U0397,Mercimek Çorbası,8,4.3
U0397,Sebze Graten,10,4.1
U0397,Domates Çorbası,15,3.8
U0397,Ispanak Yemeği,4,4.7
U0397,Ezogelin Çorbası,8,4.2
U0397,Sigara Böreği,15,3.5
U0397,Orman Kebabı,10,4.8
U0397,Yayla Çorbası,2,3.3
U0397,Kemalpaşa,11,3.8
U0397,Baklava,14,4.8
U0397,Zeytinyağlı Sarma,10,4.9
U0397,Fırın Tavuk,5,4.1
U0397,Tavuk Sote,14,3.9
U0397,Tarhana Çorbası,2,4.6
U0397,Güllaç,2,4.0
U0397,Patates Kızartması,10,4.8
U0397,Pirinç Pilavı,12,4.8
U0397,Makarna,10,3.6
U0398,Sütlaç,10,4.5
U0398,Sezar Salata,14,3.8
U0398,Hamsi Tava,11,3.7
U0398,İmambayıldı,10,3.6
U0398,Nohut,11,4.6
U0398,Bulgur Pilavı,10,4.3
U0398,Profiterol,12,4.0
U0398,Patates Salatası,7,4.4
U0398,Ton Balıklı Salata,3,3.4
U0398,Gavurdağı Salata,7,3.9
U0398,Kazandibi,7,4.3
U0398,Ezogelin Çorbası,3,4.4
U0398,Rus Salatası,14,3.5
U0398,Domates Çorbası,15,3.8
U0399,Mercimek Çorbası,8,4.3
U0399,Sezar Salata,15,3.2
U0399,Mercimek Köftesi,6,4.5
U0399,Köfte,15,4.2
U0399,Çoban Salata,11,3.7
U0399,Tavukgöğsü,8,3.2
U0399,Sebze Graten,14,3.9
U0399,Karnıyarık,10,4.2
U0399,Güllaç,1,4.5
U0399,Tas Kebabı,11,4.5
U0399,Düğün Çorbası,1,3.7
U0399,Orman Kebabı,2,3.5
U0400,Patates Püresi,8,4.3
U0400,Tavuk Sote,8,3.3
U0400,Güllaç,11,4.1
U0400,Piliç Topkapı,9,4.5
U0400,Makarna,9,4.1
U0400,Tavukgöğsü,10,3.1
U0400,Tas Kebabı,1,3.8
U0400,Pirinç Pilavı,10,4.0
U0400,Ton Balıklı Salata,15,4.5
U0401,Profiterol,9,4.9
U0401,Mercimek Köftesi,15,4.9
U0401,Sigara Böreği,8,3.8
U0401,Tavuk Suyu Çorbası,11,3.2
U0401,Rus Salatası,5,4.3
U0401,Hamsi Tava,2,4.3
U0401,Tas Kebabı,14,4.4
U0401,Orman Kebabı,7,3.3
U0401,Fırın Tavuk,6,3.8
U0401,Piliç Topkapı,11,4.1
U0401,Domates Çorbası,8,4.1
U0401,Et Sote,9,3.1
U0401,Sütlaç,10,4.3
U0401,Ezogelin Çorbası,6,4.9
U0401,Düğün Çorbası,7,3.8
U0401,Karnıyarık,11,3.3
U0402,Kemalpaşa,6,3.7
U0402,Düğün Çorbası,14,4.0
U0402,Domates Çorbası,10,3.2
U0402,Tas Kebabı,5,3.0
U0402,Tavuk Sote,12,4.9
U0402,Tavuk Döner,9,3.7
U0402,Patates Kızartması,14,4.6
U0402,Profiterol,11,3.9
U0402,Zeytinyağlı Sarma,10,4.4
U0402,Karnıyarık,14,3.3
U0402,Bulgur Pilavı,8,3.3
U0402,Rus Salatası,14,3.6
U0402,Ezogelin Çorbası,4,4.0
U0402,Makarna,15,3.7
U0402,Hamsi Tava,8,3.6
U0402,Çoban Salata,1,4.1
U0402,Patates Salatası,8,3.0
U0402,Tavukgöğsü,10,4.0
U0403,Fırın Tavuk,10,4.1
U0403,Ton Balıklı Salata,4,4.1
U0403,Izgara Balık,8,3.0
U0403,Mercimek Çorbası,7,3.7
U0403,Domates Çorbası,8,4.8
U0403,Et Sote,7,4.0
U0403,İrmik Helvası,6,4.7
U0403,Tas Kebabı,8,3.5
U0403,Ezogelin Çorbası,4,4.8
U0403,Tarhana Çorbası,5,4.5
U0403,Piliç Topkapı,10,4.9
U0403,Patates Kızartması,13,3.1
U0403,Tavuk Döner,13,4.1
U0403,Pirinç Pilavı,8,4.9
U0404,Tavuk Şiş,4,4.3
U0404,İmambayıldı,3,4.7
U0404,Mercimek Köftesi,14,4.4
U0404,Sebze Graten,14,3.7
U0404,Kazandibi,3,3.8
U0404,Rus Salatası,13,4.4
U0404,Köfte,6,3.1
U0404,Aşure,11,3.1
U0404,Ispanak Yemeği,13,3.9
U0404,Patates Salatası,11,3.6
U0404,Su Böreği,3,4.3
U0404,Profiterol,9,4.7
U0404,Et Sote,11,4.9
U0404,Kadınbudu Köfte,9,3.9
U0404,Zeytinyağlı Enginar,10,4.1
U0404,Patates Püresi,13,4.9
U0404,Mercimek Çorbası,8,4.2
U0404,Tas Kebabı,1,4.3
U0404,Ton Balıklı Salata,14,4.5
U0404,Patates Kızartması,3,4.8
U0405,Tavuk Suyu Çorbası,4,3.8
U0405,Piliç Topkapı,13,4.1
U0405,Zeytinyağlı Taze Fasulye,13,5.0
U0405,İmambayıldı,10,5.0
U0405,Bulgur Pilavı,12,3.3
U0405,Fırın Tavuk,10,4.6
U0405,Ton Balıklı Salata,7,4.8
U0405,Gavurdağı Salata,13,3.3
U0405,Nohut,13,3.5
U0405,İskender Kebap,9,3.9
U0406,Makarna,7,3.5
U0406,Kuru Fasulye,12,3.7
U0406,Pırasa Yemeği,15,3.7
U0406,Tavukgöğsü,3,4.1
U0406,Güllaç,15,4.9
U0406,Rus Salatası,14,4.8
U0406,Fırın Tavuk,2,4.8
U0407,Tavuk Döner,2,3.3
U0407,Tavuk Şiş,6,3.1
U0407,Zeytinyağlı Enginar,5,3.5
U0407,Izgara Balık,15,4.1
U0407,Sütlaç,13,3.1
U0407,Profiterol,5,3.3
U0407,Ezogelin Çorbası,13,3.5
U0407,Mantar Çorbası,1,3.7
U0407,Sezar Salata,3,3.5
U0407,Pırasa Yemeği,2,4.5
U0407,Pirinç Pilavı,11,4.0
U0407,Tas Kebabı,5,3.5
U0407,Güllaç,7,3.0
U0407,Patates Kızartması,5,3.5
U0407,Tarhana Çorbası,12,4.9
U0407,Patates Püresi,4,4.6
U0408,İrmik Helvası,2,4.7
U0408,Çoban Salata,3,4.5
U0408,Izgara Balık,15,3.6
U0408,İskender Kebap,8,4.8
U0408,Aşure,11,4.9
U0408,Köfte,14,4.4
U0408,Pirinç Pilavı,7,3.5
U0408,Güllaç,1,3.9
U0408,Sezar Salata,14,3.2
U0408,Mercimek Köftesi,9,3.2
U0408,Profiterol,15,4.6
U0408,Karnıyarık,14,4.3
U0408,Zeytinyağlı Sarma,12,3.1
U0408,Et Sote,3,4.8
U0408,Piliç Topkapı,6,3.9
U0408,Zeytinyağlı Taze Fasulye,13,3.3
U0409,Tas Kebabı,2,4.2
U0409,Sigara Böreği,9,4.5
U0409,Köfte,3,4.9
U0409,Ezogelin Çorbası,1,4.9
U0409,Patates Salatası,14,4.7
U0409,Fırın Tavuk,3,3.8
U0409,Kuru Fasulye,3,3.4
U0409,Rus Salatası,14,4.5
U0409,Zeytinyağlı Sarma,11,4.6
U0410,Tavukgöğsü,12,3.9
U0410,İrmik Helvası,11,4.6
U0410,Tavuk Suyu Çorbası,8,3.0
U0410,Patates Püresi,3,3.9
U0410,Tarhana Çorbası,6,4.3
U0410,Kemalpaşa,8,4.2
U0410,Kazandibi,14,4.1
U0410,Sebze Graten,11,3.7
U0410,Sigara Böreği,9,3.1
U0410,Patates Kızartması,4,3.0
U0410,Ezogelin Çorbası,11,3.8
U0410,Sezar Salata,13,3.3
U0410,Yayla Çorbası,7,4.6
U0410,Patates Salatası,11,3.4
U0410,Aşure,7,3.1
U0410,Izgara Balık,8,4.6
U0411,Hamsi Tava,3,4.4
U0411,Yayla Çorbası,13,3.5
U0411,Baklava,7,3.4
U0411,İskender Kebap,1,4.6
U0411,Kemalpaşa,10,5.0
U0411,Bulgur Pilavı,8,3.7
U0411,Patates Püresi,14,4.4
U0411,Karnıyarık,9,3.5
U0411,Ispanak Yemeği,12,3.1
U0411,Sezar Salata,14,3.8
U0411,Pırasa Yemeği,9,3.9
U0411,Revani,6,4.0
U0411,Sigara Böreği,15,4.0
U0411,Zeytinyağlı Sarma,11,3.6
U0411,Domates Çorbası,14,3.3
U0411,Tavuk Şiş,6,4.4
U0411,Düğün Çorbası,1,3.1
U0411,Su Böreği,1,3.3
U0411,Zeytinyağlı Enginar,7,3.8
U0412,Tavuk Sote,10,3.3
U0412,Gavurdağı Salata,3,4.0
U0412,Patates Kızartması,4,4.1
U0412,Patates Salatası,14,3.2
U0412,Tavuk Döner,3,4.6
U0412,Fırın Tavuk,1,4.8
U0412,Ton Balıklı Salata,8,3.4
U0412,Karnıyarık,9,4.3
U0412,Pirinç Pilavı,8,3.3
U0412,Güllaç,8,3.9
U0412,Kadınbudu Köfte,11,4.0
U0412,Düğün Çorbası,11,3.5
U0412,Mercimek Köftesi,3,4.4
U0412,Revani,2,3.6
U0413,Revani,10,5.0
U0413,Bulgur Pilavı,12,3.9
U0413,Ezogelin Çorbası,10,4.0
U0413,Rus Salatası,2,3.9
U0413,Zeytinyağlı Enginar,2,3.7
U0413,Sebze Graten,8,4.2
U0413,Orman Kebabı,3,4.0
U0413,Güllaç,12,3.4
U0413,Düğün Çorbası,15,3.9
U0413,Mercimek Çorbası,11,3.7
U0413,Ispanak Yemeği,12,4.6
U0413,Patates Salatası,13,4.0
U0413,Köfte,10,4.3
U0413,Fırın Tavuk,10,3.9
U0413,Ton Balıklı Salata,12,4.1
U0413,Nohut,11,4.4
U0413,Tas Kebabı,1,3.8
U0413,Karnıyarık,14,3.4
U0413,Et Döner,5,3.3
U0414,Revani,14,4.6
U0414,Köfte,8,4.5
U0414,Sebze Graten,2,3.9
U0414,İrmik Helvası,14,3.1
U0414,Çoban Salata,13,4.2
U0415,Makarna,9,4.0
U0415,Tavuk Döner,15,4.2
U0415,Orman Kebabı,14,5.0
U0415,Sezar Salata,8,3.0
U0415,Bulgur Pilavı,9,3.2
U0415,Köfte,6,4.8
U0415,Yayla Çorbası,14,4.8
U0415,Ezogelin Çorbası,5,3.2
U0415,Nohut,13,3.1
U0415,Domates Çorbası,14,4.4
U0415,Et Döner,12,4.9
U0415,Sigara Böreği,13,3.4
U0415,Mevsim Salata,12,4.0
U0415,Tavuk Sote,6,4.4
U0415,Tarhana Çorbası,7,4.2
U0415,Et Sote,13,3.9
U0415,Tavuk Suyu Çorbası,10,4.9
U0415,İmambayıldı,4,3.9
U0415,Mercimek Köftesi,7,4.4
U0416,Patates Püresi,3,4.2
U0416,Bulgur Pilavı,8,5.0
U0416,Ton Balıklı Salata,4,4.6
U0416,Orman Kebabı,4,4.6
U0416,Tavuk Döner,9,4.4
U0416,Sigara Böreği,10,3.3
U0416,Domates Çorbası,9,3.0
U0416,Patates Salatası,11,3.1
U0416,Et Döner,13,3.5
U0416,Mevsim Salata,4,3.9
U0416,Kuru Fasulye,8,3.7
U0417,Yayla Çorbası,6,3.4
U0417,Patates Püresi,10,4.9
U0417,Nohut,12,3.4
U0417,Rus Salatası,5,3.1
U0417,Hamsi Tava,7,4.1
U0417,Gavurdağı Salata,2,4.7
U0418,Piliç Topkapı,10,4.4
U0418,Zeytinyağlı Sarma,2,4.0
U0418,Aşure,14,3.4
U0418,Tavukgöğsü,15,4.0
U0418,Patates Püresi,14,3.9
U0418,Tarhana Çorbası,10,3.4
U0418,Karnıyarık,13,3.3
U0419,Hamsi Tava,13,3.4
U0419,Gavurdağı Salata,14,4.0
U0419,Sezar Salata,2,3.5
U0419,Bulgur Pilavı,8,4.8
U0419,Tas Kebabı,15,3.3
U0419,İrmik Helvası,11,3.3
U0419,Patates Salatası,8,3.9
U0419,Yayla Çorbası,12,3.6
U0419,Patates Püresi,11,3.8
U0419,Güllaç,15,3.3
U0420,Güllaç,3,3.1
U0420,Rus Salatası,10,3.8
U0420,Sigara Böreği,10,5.0
U0420,Karnıyarık,11,3.1
U0420,Zeytinyağlı Enginar,12,3.2
U0420,Tas Kebabı,12,4.9
U0420,Sütlaç,11,4.5
U0420,Patates Püresi,15,3.4
U0420,Sezar Salata,4,3.4
U0420,Tavuk Sote,6,4.1
U0420,Ton Balıklı Salata,5,4.3
U0420,Orman Kebabı,7,4.5
U0420,Mantar Çorbası,8,3.0
U0420,Aşure,4,4.3
U0421,Mercimek Çorbası,15,4.6
U0421,Ispanak Yemeği,15,4.1
U0421,Güllaç,2,3.9
U0421,Patates Püresi,12,4.4
U0421,Ton Balıklı Salata,2,3.6
U0421,Zeytinyağlı Enginar,11,3.9
U0421,Profiterol,15,3.7
U0421,Tavuk Sote,15,3.3
U0421,Tas Kebabı,1,3.5
U0421,Tavukgöğsü,13,4.1
U0421,İmambayıldı,8,3.8
U0421,Fırın Tavuk,1,3.9
U0421,Tavuk Döner,12,3.3
U0421,Zeytinyağlı Taze Fasulye,2,4.6
U0422,Et Döner,9,3.6
U0422,Yayla Çorbası,6,3.2
U0422,Mercimek Köftesi,6,4.4
U0422,Gavurdağı Salata,4,3.7
U0422,Ispanak Yemeği,10,3.8
U0422,Çoban Salata,7,3.6
U0422,Et Sote,6,5.0
U0422,Hamsi Tava,7,4.3
U0422,Sebze Graten,6,4.2
U0422,Karnıyarık,2,3.9
U0422,Sigara Böreği,3,3.2
U0423,Tavukgöğsü,13,4.2
U0423,İskender Kebap,5,5.0
U0423,Domates Çorbası,14,4.2
U0423,Ton Balıklı Salata,6,4.6
U0423,Tavuk Sote,12,3.5
U0423,Sütlaç,15,3.5
U0423,Mercimek Köftesi,5,4.7
U0423,Ispanak Yemeği,3,3.1
U0423,Çoban Salata,10,4.6
U0423,Karnıyarık,2,3.4
U0423,Patates Salatası,11,3.8
U0423,Zeytinyağlı Taze Fasulye,8,3.0
U0424,Ezogelin Çorbası,10,3.1
U0424,Kazandibi,8,4.8
U0424,Tavuk Döner,14,3.3
U0424,Patates Kızartması,11,4.6
U0424,İskender Kebap,11,3.5
U0425,Yayla Çorbası,1,4.7
U0425,Makarna,10,4.0
U0425,Karnıyarık,13,4.7
U0425,Hamsi Tava,3,3.8
U0425,Tarhana Çorbası,13,4.5
U0425,Ispanak Yemeği,2,4.6
U0425,Kemalpaşa,10,3.7
U0426,Tavuk Sote,13,3.9
U0426,Kuru Fasulye,2,4.4
U0426,Orman Kebabı,6,4.5
U0426,Et Döner,1,4.5
U0426,Gavurdağı Salata,6,4.9
U0426,Zeytinyağlı Taze Fasulye,6,4.2
U0426,Güllaç,11,3.9
U0426,Mantar Çorbası,13,4.5
U0426,Sigara Böreği,9,3.6
U0426,İrmik Helvası,5,3.2
U0426,Tavuk Şiş,8,3.4
U0426,Patates Püresi,5,3.9
U0426,İskender Kebap,11,4.9
U0426,Baklava,9,3.7
U0426,Kadınbudu Köfte,13,3.8
U0426,Mevsim Salata,8,4.7
U0426,Sebze Graten,4,3.9
U0427,Tavuk Şiş,6,4.1
U0427,Kuru Fasulye,11,4.1
U0427,Zeytinyağlı Taze Fasulye,13,3.9
U0427,İmambayıldı,11,4.3
U0427,Piliç Topkapı,4,3.2
U0427,Köfte,5,3.3
U0427,Sezar Salata,6,4.8
U0427,Zeytinyağlı Sarma,14,5.0
U0428,Makarna,2,3.8
U0428,Kazandibi,15,4.8
U0428,Zeytinyağlı Taze Fasulye,12,4.4
U0428,Ezogelin Çorbası,2,4.3
U0428,Mantar Çorbası,15,3.2
U0428,Domates Çorbası,1,4.6
U0428,Bulgur Pilavı,12,4.5
U0428,Gavurdağı Salata,7,3.8
U0428,Tas Kebabı,13,4.6
U0428,Mercimek Köftesi,8,4.5
U0429,Mantar Çorbası,15,4.2
U0429,Zeytinyağlı Taze Fasulye,2,3.2
U0429,Düğün Çorbası,6,4.8
U0429,Makarna,14,3.4
U0429,Aşure,6,4.4
U0429,Nohut,13,4.6
U0429,Köfte,14,3.5
U0429,Gavurdağı Salata,12,4.6
U0429,Ezogelin Çorbası,13,4.2
U0429,Mercimek Köftesi,3,3.2
U0429,Yayla Çorbası,2,4.7
U0429,Kadınbudu Köfte,7,4.5
U0429,Sigara Böreği,14,4.7
U0429,Ton Balıklı Salata,2,4.9
U0429,Patates Kızartması,11,4.1
U0429,Tavuk Sote,10,4.8
U0430,Revani,1,4.0
U0430,Mercimek Köftesi,6,3.9
U0430,Karnıyarık,13,3.3
U0430,Sigara Böreği,7,4.5
U0430,İrmik Helvası,2,4.0
U0430,Gavurdağı Salata,2,4.8
U0430,Tas Kebabı,3,3.5
U0430,Tarhana Çorbası,4,4.1
U0430,Güllaç,6,4.6
U0430,Zeytinyağlı Enginar,3,3.5
U0430,Düğün Çorbası,1,5.0
U0430,Sebze Graten,10,4.3
U0431,Profiterol,3,3.9
U0431,Piliç Topkapı,15,4.0
U0431,Mevsim Salata,2,4.0
U0431,Et Döner,5,3.2
U0431,İskender Kebap,10,3.4
U0431,Kazandibi,8,5.0
U0431,Sütlaç,3,4.4
U0431,Patates Püresi,8,4.0
U0431,Tavuk Döner,13,4.8
U0431,Çoban Salata,10,4.1
U0431,Nohut,10,4.3
U0431,Aşure,5,5.0
U0431,Patates Salatası,12,3.1
U0431,Kemalpaşa,4,3.2
U0431,Yayla Çorbası,2,3.2
U0432,Patates Püresi,15,4.4
U0432,İskender Kebap,9,4.7
U0432,Profiterol,14,3.2
U0432,Su Böreği,7,3.1
U0432,Patates Salatası,14,4.6
U0432,İmambayıldı,4,4.9
U0432,Tarhana Çorbası,11,3.8
U0432,Aşure,6,3.1
U0432,Sebze Graten,11,3.9
U0432,Kuru Fasulye,2,4.2
U0432,Rus Salatası,13,4.5
U0432,Tas Kebabı,1,3.1
U0432,Tavuk Şiş,3,4.7
U0432,Sütlaç,2,3.7
U0432,Sezar Salata,13,4.5
U0432,Gavurdağı Salata,8,3.4
U0432,Karnıyarık,13,4.2
U0432,Fırın Tavuk,6,3.9
U0432,Tavuk Suyu Çorbası,6,3.7
U0433,Revani,12,4.8
U0433,Sebze Graten,15,4.6
U0433,Tarhana Çorbası,13,3.8
U0433,Patates Kızartması,12,4.4
U0433,Su Böreği,7,3.7
U0433,Mercimek Çorbası,1,3.4
U0433,Kuru Fasulye,3,4.4
U0433,Pirinç Pilavı,5,4.1
U0433,İrmik Helvası,4,4.4
U0433,Ton Balıklı Salata,2,3.1
U0433,Mantar Çorbası,13,4.8
U0433,Zeytinyağlı Taze Fasulye,6,3.6
U0434,Mevsim Salata,4,4.9
U0434,Tavuk Sote,14,4.9
U0434,Tavuk Şiş,5,3.7
U0434,Mercimek Çorbası,10,4.0
U0434,Zeytinyağlı Sarma,4,4.1
U0434,Ezogelin Çorbası,1,4.7
U0434,Aşure,6,4.8
U0434,Tavuk Suyu Çorbası,2,4.0
U0434,Tas Kebabı,11,4.5
U0434,Pırasa Yemeği,1,3.8
U0434,Nohut,8,3.7
U0434,Kadınbudu Köfte,2,4.6
U0434,Tavukgöğsü,5,3.4
U0434,Profiterol,11,4.1
U0434,Kazandibi,7,3.1
U0434,Sütlaç,12,4.6
U0434,Hamsi Tava,1,4.0
U0434,Sezar Salata,12,3.4
U0435,Izgara Balık,2,3.9
U0435,Orman Kebabı,14,3.4
U0435,Aşure,8,4.9
U0435,Makarna,10,4.0
U0435,Su Böreği,15,4.3
U0435,Bulgur Pilavı,10,3.4
U0435,Zeytinyağlı Taze Fasulye,7,4.7
U0435,İrmik Helvası,3,4.6
U0435,Zeytinyağlı Enginar,4,3.2
U0435,Tavukgöğsü,7,4.7
U0435,Hamsi Tava,1,3.4
U0435,Patates Kızartması,9,3.9
U0436,Makarna,8,3.4
U0436,Ezogelin Çorbası,12,4.7
U0436,Izgara Balık,3,4.3
U0436,Pırasa Yemeği,3,3.2
U0436,Sütlaç,8,4.4
U0436,Kuru Fasulye,13,4.1
U0436,Bulgur Pilavı,12,4.4
U0436,Tavuk Suyu Çorbası,1,4.9
U0436,Çoban Salata,11,3.2
U0436,Tavuk Şiş,14,3.9
U0436,Mevsim Salata,2,4.1
U0436,Patates Püresi,6,4.2
U0436,Sebze Graten,3,3.8
U0436,Pirinç Pilavı,13,3.2
U0436,Tas Kebabı,9,4.7
U0436,Hamsi Tava,1,5.0
U0436,Güllaç,1,3.1
U0436,Gavurdağı Salata,11,3.3
U0436,Orman Kebabı,13,4.5
U0436,Köfte,14,3.0
U0437,Sütlaç,7,3.3
U0437,Sebze Graten,15,4.6
U0437,Sezar Salata,15,4.0
U0437,Köfte,1,3.6
U0437,Baklava,8,3.1
U0438,Sütlaç,2,4.4
U0438,Kazandibi,7,3.6
U0438,Makarna,4,4.3
U0438,Tavuk Sote,11,3.0
U0438,Rus Salatası,14,4.9
U0438,Nohut,5,4.9
U0438,Domates Çorbası,5,4.8
U0438,Karnıyarık,8,3.4
U0438,Sezar Salata,12,4.8
U0438,İskender Kebap,14,3.2
U0439,Güllaç,14,3.6
U0439,Karnıyarık,3,3.7
U0439,Mevsim Salata,1,4.4
U0439,Pırasa Yemeği,7,4.1
U0439,Zeytinyağlı Enginar,3,4.7
U0440,Su Böreği,12,4.2
U0440,Mevsim Salata,11,4.0
U0440,Yayla Çorbası,10,4.6
U0440,Baklava,7,3.1
U0440,Ispanak Yemeği,4,3.1
U0440,Kemalpaşa,8,3.5
U0441,Revani,10,3.4
U0441,Karnıyarık,15,3.5
U0441,Tarhana Çorbası,9,3.9
U0441,Ezogelin Çorbası,9,4.2
U0441,Domates Çorbası,2,4.3
U0441,Sigara Böreği,1,3.6
U0441,Mevsim Salata,15,4.5
U0441,Gavurdağı Salata,7,4.7
U0441,Orman Kebabı,14,3.2
U0441,Patates Kızartması,7,4.8
U0442,Yayla Çorbası,4,3.1
U0442,Zeytinyağlı Taze Fasulye,15,3.4
U0442,Izgara Balık,5,4.3
U0442,Sigara Böreği,12,4.1
U0442,Gavurdağı Salata,1,4.5
U0442,Orman Kebabı,15,4.3
U0442,Tas Kebabı,3,4.3
U0442,Rus Salatası,14,3.4
U0442,Baklava,11,4.8
U0442,Makarna,3,3.6
U0442,Mevsim Salata,2,3.1
U0442,Mercimek Köftesi,14,4.1
U0442,Tavuk Sote,2,4.2
U0442,Mantar Çorbası,15,4.2
U0442,Kemalpaşa,14,5.0
U0442,Zeytinyağlı Enginar,2,4.7
U0442,Et Sote,12,3.8
U0443,Tavukgöğsü,12,3.8
U0443,Sezar Salata,12,4.7
U0443,Sütlaç,2,3.4
U0443,Aşure,5,4.6
U0443,Güllaç,2,3.8
U0443,Nohut,12,3.9
U0443,Gavurdağı Salata,11,3.5
U0443,Karnıyarık,14,4.2
U0443,Mercimek Çorbası,5,4.9
U0443,Patates Kızartması,11,3.6
U0443,Domates Çorbası,4,4.4
U0443,Patates Salatası,4,3.6
U0444,Ispanak Yemeği,15,4.2
U0444,Tarhana Çorbası,7,3.3
U0444,Orman Kebabı,5,3.5
U0444,Domates Çorbası,6,3.0
U0444,Ezogelin Çorbası,15,3.6
U0444,Çoban Salata,13,4.9
U0444,Kemalpaşa,5,4.0
U0444,Su Böreği,2,4.2
U0444,Tavukgöğsü,1,3.0
U0444,Patates Salatası,4,4.7
U0444,Ton Balıklı Salata,6,3.2
U0444,Revani,7,4.7
U0444,Et Döner,11,4.8
U0444,Zeytinyağlı Sarma,14,3.4
U0444,Güllaç,15,3.1
U0444,Kuru Fasulye,9,3.1
U0444,Gavurdağı Salata,4,4.1
U0444,Tavuk Sote,4,3.5
U0444,Nohut,3,4.9
U0445,Sigara Böreği,7,4.6
U0445,İskender Kebap,12,3.5
U0445,Zeytinyağlı Enginar,3,3.6
U0445,Fırın Tavuk,12,3.0
U0445,Aşure,10,4.7
U0445,Güllaç,9,4.8
U0446,Sütlaç,5,3.7
U0446,Tavuk Sote,11,3.9
U0446,Tavuk Suyu Çorbası,13,4.5
U0446,Pırasa Yemeği,13,4.2
U0446,Ispanak Yemeği,3,4.4
U0446,Hamsi Tava,1,3.6
U0446,Kemalpaşa,14,3.7
U0446,Güllaç,8,3.1
U0446,Tavuk Döner,10,3.9
U0446,Ton Balıklı Salata,7,4.3
U0446,Mercimek Köftesi,1,3.6
U0446,Domates Çorbası,12,4.1
U0446,Patates Kızartması,15,4.8
U0447,Kadınbudu Köfte,6,4.9
U0447,Mercimek Köftesi,15,5.0
U0447,Su Böreği,6,4.0
U0447,Tavuk Şiş,7,3.3
U0447,İskender Kebap,9,3.6
U0447,Kemalpaşa,11,3.9
U0447,Güllaç,2,4.3
U0447,Profiterol,14,3.0
U0447,Gavurdağı Salata,5,3.4
U0447,Patates Püresi,4,4.3
U0447,Ispanak Yemeği,13,3.8
U0448,Domates Çorbası,4,3.4
U0448,Patates Salatası,7,4.5
U0448,Mantar Çorbası,12,4.8
U0448,Su Böreği,7,3.6
U0448,Tavuk Sote,1,4.6
U0448,Kazandibi,7,3.8
U0448,Pirinç Pilavı,14,4.4
U0448,Tavukgöğsü,8,3.1
U0448,Baklava,6,4.7
U0448,Mevsim Salata,7,3.9
U0448,Tarhana Çorbası,9,4.0
U0448,Hamsi Tava,5,3.8
U0448,İskender Kebap,12,4.1
U0449,Pirinç Pilavı,2,4.6
U0449,Ton Balıklı Salata,14,3.1
U0449,Tavuk Suyu Çorbası,5,3.2
U0449,Baklava,1,3.5
U0449,Piliç Topkapı,3,3.4
U0449,Ezogelin Çorbası,11,4.3
U0449,Kadınbudu Köfte,5,4.2
U0449,Gavurdağı Salata,15,3.4
U0449,İmambayıldı,6,3.8
U0449,Köfte,14,3.7
U0449,Orman Kebabı,1,3.3
U0450,Makarna,3,4.3
U0450,Mantar Çorbası,15,3.7
U0450,Zeytinyağlı Enginar,15,4.8
U0450,Patates Salatası,9,3.5
U0450,Bulgur Pilavı,5,4.2
U0450,Karnıyarık,9,3.7
U0450,Sigara Böreği,13,4.3
U0450,İskender Kebap,5,4.9
U0450,Mercimek Çorbası,12,3.3
U0450,Patates Püresi,9,3.8
U0450,Güllaç,3,3.9
U0450,Zeytinyağlı Sarma,13,4.8
U0450,Izgara Balık,9,4.6
U0450,Düğün Çorbası,9,4.6
U0451,Gavurdağı Salata,3,4.1
U0451,Kazandibi,10,3.8
U0451,Mevsim Salata,13,4.5
U0451,Kemalpaşa,6,3.4
U0451,Zeytinyağlı Taze Fasulye,2,3.1
U0451,Karnıyarık,4,3.2
U0451,Su Böreği,2,4.4
U0452,Ispanak Yemeği,2,3.3
U0452,Köfte,7,4.0
U0452,Kadınbudu Köfte,5,3.3
U0452,Güllaç,8,4.3
U0452,Fırın Tavuk,8,3.2
U0452,Tavuk Şiş,12,3.4
U0452,Profiterol,7,3.1
U0452,Karnıyarık,2,4.1
U0452,Tarhana Çorbası,13,3.4
U0452,Et Sote,5,5.0
U0452,Pırasa Yemeği,7,4.8
U0452,Tavuk Döner,1,4.9
U0452,Pirinç Pilavı,2,3.1
U0452,Tavuk Sote,4,3.4
U0452,Baklava,15,3.3
U0452,İskender Kebap,1,3.7
U0452,Tas Kebabı,3,4.0
U0453,Orman Kebabı,3,3.7
U0453,Pırasa Yemeği,8,4.3
U0453,Karnıyarık,14,4.4
U0453,Tavuk Döner,5,3.5
U0453,Tarhana Çorbası,4,4.5
U0453,Revani,13,3.0
U0453,Patates Püresi,3,3.0
U0453,Köfte,8,4.7
U0453,Mantar Çorbası,1,3.3
U0453,Tavukgöğsü,13,3.6
U0453,Sebze Graten,13,3.2
U0453,Tavuk Sote,6,3.4
U0453,Mevsim Salata,1,3.1
U0453,Kuru Fasulye,4,4.4
U0453,Kazandibi,8,4.0
U0453,Mercimek Köftesi,11,4.2
U0453,Domates Çorbası,14,4.2
U0454,Bulgur Pilavı,1,4.9
U0454,Rus Salatası,7,4.1
U0454,Baklava,10,3.6
U0454,Tavuk Sote,15,4.5
U0454,Et Döner,13,4.3
U0454,Mantar Çorbası,14,4.8
U0454,Su Böreği,15,4.5
U0454,Mercimek Çorbası,15,3.4
U0454,Patates Kızartması,3,4.7
U0455,Tavuk Döner,11,4.8
U0455,Fırın Tavuk,4,3.4
U0455,Piliç Topkapı,14,3.2
U0455,Zeytinyağlı Taze Fasulye,12,4.7
U0455,İmambayıldı,15,4.7
U0455,Tavuk Sote,10,3.1
U0455,Çoban Salata,4,4.9
U0455,Pırasa Yemeği,12,4.8
U0455,Revani,8,3.2
U0455,Tavuk Suyu Çorbası,14,4.0
U0455,Tas Kebabı,10,3.5
U0455,Makarna,6,4.1
U0455,Domates Çorbası,9,4.0
U0455,Sigara Böreği,10,4.2
U0455,Mevsim Salata,13,4.2
U0455,Sütlaç,12,4.0
U0455,Ispanak Yemeği,6,4.2
U0455,Et Döner,1,3.8
U0455,Rus Salatası,5,4.7
U0456,Tavuk Döner,2,4.2
U0456,Makarna,6,3.1
U0456,Mevsim Salata,9,3.5
U0456,Zeytinyağlı Enginar,12,4.3
U0456,Pırasa Yemeği,13,3.3
U0457,Sezar Salata,7,3.9
U0457,Pirinç Pilavı,12,4.5
U0457,İskender Kebap,9,3.3
U0457,Kadınbudu Köfte,12,3.8
U0457,Kuru Fasulye,3,3.6
U0457,Profiterol,13,4.9
U0457,Sigara Böreği,15,4.2
U0457,Sebze Graten,3,3.4
U0457,Zeytinyağlı Enginar,1,3.2
U0458,Et Sote,9,3.5
U0458,İmambayıldı,14,4.9
U0458,Tavukgöğsü,14,4.4
U0458,Izgara Balık,6,3.7
U0458,Domates Çorbası,9,5.0
U0458,Tas Kebabı,15,3.8
U0458,Revani,1,4.4
U0459,Patates Salatası,10,3.3
U0459,Nohut,10,4.4
U0459,Düğün Çorbası,4,3.9
U0459,Sebze Graten,15,3.5
U0459,Profiterol,2,3.4
U0459,Sigara Böreği,5,3.1
U0459,Mevsim Salata,8,3.2
U0459,Revani,15,4.7
U0459,Hamsi Tava,7,3.6
U0459,Tavuk Döner,9,4.4
U0459,Su Böreği,1,4.0
U0459,Gavurdağı Salata,9,4.4
U0459,Çoban Salata,6,3.2
U0459,Kemalpaşa,10,4.9
U0459,Pırasa Yemeği,13,3.2
U0460,Domates Çorbası,3,3.3
U0460,Fırın Tavuk,15,3.9
U0460,Köfte,12,4.4
U0460,Kuru Fasulye,2,4.3
U0460,Aşure,3,4.4
U0460,Ispanak Yemeği,8,4.0
U0460,Baklava,5,4.8
U0460,Bulgur Pilavı,12,3.3
U0460,Kemalpaşa,3,4.5
U0460,Patates Salatası,7,4.5
U0460,Ton Balıklı Salata,2,4.1
U0460,Nohut,7,4.6
U0460,Tas Kebabı,1,3.9
U0460,Zeytinyağlı Taze Fasulye,6,4.6
U0460,Düğün Çorbası,10,3.4
U0460,İmambayıldı,12,4.2
U0460,Kadınbudu Köfte,2,3.8
U0461,Zeytinyağlı Sarma,12,4.7
U0461,Yayla Çorbası,1,4.4
U0461,Aşure,12,3.3
U0461,Sigara Böreği,15,4.7
U0461,Tavuk Suyu Çorbası,4,3.7
U0461,Et Sote,12,3.4
U0461,Mevsim Salata,5,3.4
U0461,Köfte,14,3.4
U0461,Pirinç Pilavı,15,4.8
U0462,Ispanak Yemeği,14,3.4
U0462,Tavuk Sote,8,3.8
U0462,Mantar Çorbası,15,4.2
U0462,Tarhana Çorbası,3,3.6
U0462,İskender Kebap,4,5.0
U0462,Mercimek Çorbası,12,4.9
U0462,Tavuk Suyu Çorbası,2,4.9
U0463,Piliç Topkapı,13,3.4
U0463,Mercimek Çorbası,9,3.2
U0463,Tavuk Suyu Çorbası,1,4.7
U0463,Pirinç Pilavı,2,4.2
U0463,Pırasa Yemeği,6,4.1
U0463,İrmik Helvası,6,4.7
U0464,Ispanak Yemeği,2,3.5
U0464,Sebze Graten,11,3.2
U0464,Mercimek Çorbası,15,4.1
U0464,Mevsim Salata,6,3.2
U0464,Kadınbudu Köfte,6,3.2
U0464,Patates Püresi,10,4.1
U0464,Piliç Topkapı,15,4.5
U0464,Tavukgöğsü,4,4.0
U0464,Tavuk Suyu Çorbası,3,4.9
U0465,Pirinç Pilavı,12,4.9
U0465,Hamsi Tava,3,3.3
U0465,Patates Salatası,6,3.2
U0465,Patates Kızartması,8,3.9
U0465,Makarna,4,3.8
U0465,Ton Balıklı Salata,8,3.7
U0465,Tavukgöğsü,8,4.1
U0465,Kadınbudu Köfte,9,4.1
U0465,Çoban Salata,8,3.7
U0465,Aşure,7,3.9
U0465,Izgara Balık,13,3.8
U0466,Zeytinyağlı Taze Fasulye,15,3.9
U0466,Tavuk Şiş,3,4.2
U0466,Aşure,1,3.2
U0466,Patates Püresi,12,4.5
U0466,Hamsi Tava,10,3.0
U0466,Gavurdağı Salata,7,3.8
U0466,Et Döner,3,3.5
U0466,Su Böreği,5,3.7
U0466,Zeytinyağlı Sarma,12,4.3
U0467,Pirinç Pilavı,4,3.9
U0467,Tarhana Çorbası,10,3.3
U0467,Tavukgöğsü,13,4.6
U0467,Gavurdağı Salata,14,4.0
U0467,Patates Salatası,8,4.5
U0467,Aşure,9,3.5
U0467,Ispanak Yemeği,15,3.6
U0467,Ton Balıklı Salata,11,3.6
U0467,Sigara Böreği,12,4.7
U0467,Piliç Topkapı,8,4.8
U0467,Nohut,9,4.1
U0467,Makarna,14,3.1
U0467,Bulgur Pilavı,10,4.0
U0467,Zeytinyağlı Taze Fasulye,14,3.1
U0467,Tavuk Şiş,5,4.3
U0467,Zeytinyağlı Enginar,12,4.3
U0467,Fırın Tavuk,15,3.6
U0468,Çoban Salata,12,3.4
U0468,Düğün Çorbası,11,3.2
U0468,Tavuk Suyu Çorbası,14,4.8
U0468,Zeytinyağlı Enginar,9,3.7
U0468,Ispanak Yemeği,12,4.1
U0468,Patates Püresi,10,3.8
U0468,Fırın Tavuk,9,4.0
U0468,Kazandibi,4,3.5
U0468,Sigara Böreği,12,3.2
U0468,Sebze Graten,9,3.9
U0468,Su Böreği,2,3.8
U0468,Ton Balıklı Salata,9,4.2
U0468,Domates Çorbası,8,4.4
U0468,Orman Kebabı,5,4.1
U0468,Profiterol,1,4.0
U0468,Mercimek Köftesi,7,3.5
U0468,Bulgur Pilavı,7,4.8
U0469,İrmik Helvası,9,3.7
U0469,Zeytinyağlı Enginar,13,4.3
U0469,Orman Kebabı,3,3.4
U0469,Ispanak Yemeği,12,3.8
U0469,Tas Kebabı,11,4.9
U0469,Tavuk Şiş,4,3.6
U0469,Fırın Tavuk,5,4.0
U0469,Sütlaç,9,4.2
U0469,Pirinç Pilavı,15,3.9
U0470,Düğün Çorbası,4,3.9
U0470,Hamsi Tava,15,3.8
U0470,Gavurdağı Salata,6,4.5
U0470,Rus Salatası,14,4.7
U0470,Kemalpaşa,2,3.4
U0470,Sigara Böreği,5,4.9
U0470,Tavuk Suyu Çorbası,11,3.8
U0470,Et Döner,9,5.0
U0470,Güllaç,5,3.1
U0470,Yayla Çorbası,6,4.6
U0470,Sütlaç,6,4.3
U0470,Makarna,3,4.7
U0470,Mercimek Çorbası,13,4.6
U0470,Zeytinyağlı Sarma,15,3.5
U0470,Tavuk Sote,12,3.8
U0470,Tavuk Şiş,4,4.2
U0470,Tarhana Çorbası,5,4.6
U0471,Mevsim Salata,2,4.4
U0471,Pirinç Pilavı,5,3.5
U0471,Et Döner,15,3.7
U0471,Yayla Çorbası,10,3.6
U0471,Sütlaç,6,4.8
U0471,Zeytinyağlı Sarma,2,4.4
U0471,Kuru Fasulye,9,4.2
U0471,Mantar Çorbası,9,4.7
U0471,Su Böreği,9,3.7
U0471,Tas Kebabı,7,4.8
U0471,Mercimek Çorbası,8,5.0
U0471,Hamsi Tava,2,4.5
U0471,İskender Kebap,14,5.0
U0472,Tavuk Sote,9,4.7
U0472,Izgara Balık,3,3.7
U0472,Güllaç,10,4.1
U0472,Tarhana Çorbası,15,3.2
U0472,Patates Salatası,13,5.0
U0472,Tavuk Döner,11,4.9
U0472,Nohut,9,5.0
U0472,Zeytinyağlı Sarma,1,4.0
U0472,Tas Kebabı,8,3.7
U0472,Revani,6,4.6
U0472,Sebze Graten,5,4.9
U0472,Sigara Böreği,14,3.2
U0472,Fırın Tavuk,12,3.2
U0472,Et Sote,5,3.9
U0472,Patates Kızartması,3,3.6
U0472,Patates Püresi,11,3.8
U0472,Karnıyarık,14,3.3
U0472,Sütlaç,13,3.2
U0472,Kuru Fasulye,12,4.3
U0472,Zeytinyağlı Taze Fasulye,1,4.5
U0473,Kuru Fasulye,6,4.2
U0473,Tavuk Sote,13,4.5
U0473,Ezogelin Çorbası,13,3.8
U0473,Mantar Çorbası,8,4.8
U0473,İmambayıldı,15,5.0
U0473,İskender Kebap,5,4.5
U0474,Ispanak Yemeği,13,3.9
U0474,Tas Kebabı,6,4.7
U0474,İrmik Helvası,9,3.9
U0474,Aşure,4,3.6
U0474,Makarna,3,3.8
U0474,Gavurdağı Salata,14,3.2
U0474,Piliç Topkapı,13,4.7
U0474,Patates Püresi,12,3.5
U0474,Kemalpaşa,4,4.6
U0474,Kuru Fasulye,14,3.6
U0474,Sebze Graten,10,4.0
U0474,Mercimek Köftesi,12,3.0
U0474,İskender Kebap,12,5.0
U0474,Nohut,14,3.1
U0474,Tavuk Şiş,6,4.3
U0474,Bulgur Pilavı,1,3.8
U0474,Pirinç Pilavı,6,3.1
U0475,Rus Salatası,5,4.5
U0475,Tas Kebabı,4,4.7
U0475,Zeytinyağlı Sarma,10,3.2
U0475,Mercimek Köftesi,13,4.5
U0475,Kuru Fasulye,14,4.2
U0476,Mevsim Salata,5,4.7
U0476,İrmik Helvası,1,3.9
U0476,Yayla Çorbası,8,4.5
U0476,Et Döner,7,3.6
U0476,İskender Kebap,7,4.3
U0476,Zeytinyağlı Enginar,13,4.6
U0476,Patates Salatası,8,3.6
U0476,Köfte,15,4.1
U0476,Zeytinyağlı Sarma,12,4.4
U0476,Kadınbudu Köfte,11,4.9
U0476,Bulgur Pilavı,3,3.9
U0477,Tavukgöğsü,1,4.6
U0477,Sigara Böreği,8,3.4
U0477,Zeytinyağlı Sarma,10,3.5
U0477,Çoban Salata,3,3.3
U0477,Karnıyarık,11,3.0
U0477,Ispanak Yemeği,4,4.3
U0477,Pırasa Yemeği,6,4.7
U0477,Yayla Çorbası,12,3.6
U0477,Tavuk Şiş,3,5.0
U0477,Ton Balıklı Salata,13,4.2
U0478,Tarhana Çorbası,3,4.8
U0478,Tavuk Şiş,15,3.5
U0478,Ispanak Yemeği,3,4.3
U0478,Baklava,13,5.0
U0478,İskender Kebap,9,4.7
U0478,Et Sote,13,3.3
U0478,Sütlaç,14,3.1
U0478,Düğün Çorbası,14,3.0
U0478,Pirinç Pilavı,14,3.9
U0478,Aşure,6,4.0
U0478,Kazandibi,4,3.3
U0479,İskender Kebap,11,4.0
U0479,Güllaç,2,3.4
U0479,Aşure,5,4.7
U0479,Tarhana Çorbası,8,3.0
U0479,Et Döner,4,4.0
U0479,Sezar Salata,13,4.8
U0479,Patates Püresi,10,3.9
U0479,Tavuk Suyu Çorbası,8,3.5
U0479,Kazandibi,2,3.1
U0479,Su Böreği,8,4.6
U0479,Tavuk Döner,6,5.0
U0479,Kadınbudu Köfte,9,3.6
U0479,Et Sote,10,4.7
U0480,Revani,15,3.7
U0480,Tavuk Sote,12,4.0
U0480,Ispanak Yemeği,11,3.6
U0480,Et Sote,8,3.9
U0480,Köfte,11,3.0
U0480,Mevsim Salata,2,4.5
U0481,Su Böreği,2,4.3
U0481,Orman Kebabı,6,4.2
U0481,Baklava,6,3.4
U0481,Karnıyarık,14,5.0
U0481,Mevsim Salata,6,3.1
U0481,Makarna,5,4.9
U0481,İskender Kebap,2,4.9
U0481,Sigara Böreği,1,3.2
U0481,Domates Çorbası,6,4.3
U0481,Aşure,5,4.5
U0481,Sebze Graten,13,4.0
U0481,Rus Salatası,11,4.5
U0481,Hamsi Tava,5,3.6
U0481,Nohut,9,4.8
U0481,Zeytinyağlı Sarma,8,4.0
U0481,Revani,7,3.4
U0481,Gavurdağı Salata,11,3.6
U0482,Sebze Graten,12,5.0
U0482,Zeytinyağlı Sarma,12,4.9
U0482,Güllaç,6,4.0
U0482,Kuru Fasulye,4,4.5
U0482,Sigara Böreği,4,3.0
U0482,Mercimek Köftesi,13,3.3
U0482,Yayla Çorbası,1,3.1
U0482,Tavuk Suyu Çorbası,13,4.4
U0482,Hamsi Tava,13,4.0
U0482,Kazandibi,8,3.9
U0482,Patates Salatası,12,3.5
U0483,Ton Balıklı Salata,1,3.3
U0483,Tarhana Çorbası,5,3.6
U0483,Sigara Böreği,3,4.6
U0483,Sütlaç,3,3.8
U0483,Mercimek Köftesi,13,4.8
U0483,Ispanak Yemeği,14,4.7
U0483,Köfte,5,3.8
U0483,Et Döner,6,3.4
U0483,Fırın Tavuk,14,4.5
U0483,Sezar Salata,2,4.5
U0483,Ezogelin Çorbası,9,4.4
U0483,Patates Püresi,3,4.7
U0483,Makarna,8,4.3
U0484,Su Böreği,15,4.5
U0484,Et Döner,5,3.5
U0484,Sigara Böreği,11,4.9
U0484,İrmik Helvası,3,3.2
U0484,Rus Salatası,12,3.3
U0484,Tavuk Sote,4,5.0
U0484,Mantar Çorbası,12,4.7
U0484,Sütlaç,10,4.2
U0484,Hamsi Tava,7,4.8
U0484,Makarna,8,5.0
U0484,Mercimek Köftesi,3,3.3
U0484,Tavuk Suyu Çorbası,8,4.9
U0484,Profiterol,7,4.8
U0484,Ezogelin Çorbası,14,4.6
U0484,Zeytinyağlı Enginar,8,3.8
U0485,Mercimek Çorbası,5,3.5
U0485,Ton Balıklı Salata,15,4.2
U0485,Karnıyarık,14,4.0
U0485,Güllaç,12,4.5
U0485,Et Döner,10,4.4
U0485,İmambayıldı,4,4.3
U0485,Su Böreği,5,3.6
U0485,İskender Kebap,12,3.0
U0485,Düğün Çorbası,3,4.4
U0485,İrmik Helvası,7,3.7
U0485,Zeytinyağlı Sarma,15,3.0
U0485,Hamsi Tava,15,3.9
U0485,Profiterol,9,3.9
U0486,Güllaç,7,3.3
U0486,Profiterol,8,3.6
U0486,Tavuk Döner,10,3.4
U0486,Tavuk Suyu Çorbası,15,3.8
U0486,Düğün Çorbası,12,3.1
U0486,Sebze Graten,13,3.3
U0486,Et Sote,1,4.4
U0486,Patates Kızartması,12,4.3
U0486,İrmik Helvası,1,4.5
U0486,İskender Kebap,12,3.8
U0486,Köfte,5,3.4
U0486,Zeytinyağlı Sarma,1,4.2
U0486,Mercimek Çorbası,8,3.8
U0486,Domates Çorbası,10,3.2
U0486,Et Döner,13,4.7
U0486,Hamsi Tava,10,4.2
U0486,Sigara Böreği,4,4.2
U0486,Rus Salatası,7,3.6
U0486,Çoban Salata,10,3.4
U0486,Pirinç Pilavı,14,4.8
U0487,Su Böreği,12,3.3
U0487,Orman Kebabı,15,3.4
U0487,Yayla Çorbası,15,3.9
U0487,Sezar Salata,14,4.6
U0487,Piliç Topkapı,15,3.6
U0487,Ispanak Yemeği,2,4.9
U0488,Ispanak Yemeği,13,4.3
U0488,Yayla Çorbası,2,4.1
U0488,Patates Püresi,2,3.3
U0488,Rus Salatası,11,4.5
U0488,Mercimek Köftesi,9,3.5
U0488,Tas Kebabı,14,5.0
U0488,Hamsi Tava,3,3.9
U0488,Çoban Salata,15,3.5
U0488,İskender Kebap,2,3.1
U0489,Ton Balıklı Salata,12,4.9
U0489,Mantar Çorbası,4,3.2
U0489,Baklava,7,4.1
U0489,Mevsim Salata,12,3.2
U0489,Güllaç,10,3.2
U0489,Kazandibi,10,4.8
U0489,Ispanak Yemeği,2,3.6
U0489,Tavuk Döner,4,3.5
U0489,Patates Salatası,10,3.4
U0489,Zeytinyağlı Enginar,13,3.6
U0489,Çoban Salata,14,4.2
U0489,Orman Kebabı,10,4.5
U0489,İrmik Helvası,14,4.3
U0489,Et Sote,2,4.6
U0489,Sebze Graten,6,3.9
U0489,İskender Kebap,11,3.5
U0489,Zeytinyağlı Sarma,9,3.0
U0489,Gavurdağı Salata,12,4.5
U0489,Sigara Böreği,15,4.6
U0489,Mercimek Köftesi,12,4.3
U0490,Bulgur Pilavı,5,3.5
U0490,Orman Kebabı,12,3.7
U0490,Su Böreği,4,3.5
U0490,Mercimek Köftesi,4,4.7
U0490,İskender Kebap,12,3.5
U0490,Ezogelin Çorbası,9,3.2
U0490,Tarhana Çorbası,5,4.9
U0490,Piliç Topkapı,7,3.3
U0490,Zeytinyağlı Sarma,3,4.1
U0490,Aşure,13,3.8
U0490,Sezar Salata,13,4.4
U0490,Tavuk Şiş,4,4.4
U0490,Et Döner,14,4.5
U0490,Düğün Çorbası,14,4.0
U0490,Köfte,3,3.6
U0490,Tavuk Döner,10,4.3
U0491,Baklava,11,4.1
U0491,Piliç Topkapı,15,5.0
U0491,Izgara Balık,12,4.1
U0491,Mantar Çorbası,7,3.8
U0491,Ispanak Yemeği,1,3.4
U0491,Tavuk Döner,15,3.8
U0491,Patates Salatası,4,4.7
U0491,Güllaç,12,3.4
U0491,Tavuk Şiş,10,4.1
U0491,Kazandibi,13,3.7
U0491,Karnıyarık,13,3.8
U0492,Makarna,7,3.3
U0492,Ton Balıklı Salata,3,4.0
U0492,Patates Salatası,12,3.8
U0492,Patates Kızartması,15,4.9
U0492,İmambayıldı,10,4.2
U0492,Kazandibi,4,3.0
U0492,Tavuk Suyu Çorbası,6,3.2
U0492,Kadınbudu Köfte,5,3.6
U0493,Rus Salatası,5,3.2
U0493,Makarna,13,3.2
U0493,Zeytinyağlı Enginar,6,3.3
U0493,Köfte,11,4.7
U0493,Orman Kebabı,2,3.2
U0493,Çoban Salata,5,4.0
U0493,Tavuk Sote,11,4.3
U0493,Mercimek Köftesi,14,3.4
U0493,Tavukgöğsü,2,4.9
U0493,Mercimek Çorbası,9,5.0
U0493,Su Böreği,14,3.1
U0493,Bulgur Pilavı,7,3.2
U0493,Revani,7,4.9
U0493,İmambayıldı,9,4.2
U0494,Revani,2,4.6
U0494,Köfte,5,3.4
U0494,Fırın Tavuk,4,4.8
U0494,Pırasa Yemeği,7,4.6
U0494,Güllaç,10,3.9
U0494,Pirinç Pilavı,8,4.6
U0494,Tavuk Şiş,13,4.8
U0494,Mantar Çorbası,1,4.3
U0494,Aşure,7,4.2
U0494,Yayla Çorbası,14,4.7
U0494,Baklava,2,4.4
U0494,Ezogelin Çorbası,11,4.5
U0494,Nohut,7,4.6
U0494,Tavuk Döner,14,4.0
U0494,Orman Kebabı,8,3.2
U0494,Hamsi Tava,11,4.2
U0494,Patates Kızartması,15,4.1
U0494,Domates Çorbası,5,3.3
U0494,Zeytinyağlı Enginar,7,3.8
U0494,Karnıyarık,5,3.1
U0495,Piliç Topkapı,6,3.4
U0495,Tavuk Suyu Çorbası,15,4.3
U0495,Mercimek Köftesi,8,3.8
U0495,Baklava,1,3.2
U0495,Pirinç Pilavı,15,3.4
U0495,Yayla Çorbası,4,4.4
U0495,Tarhana Çorbası,6,4.0
U0495,Tavuk Şiş,15,4.7
U0495,Karnıyarık,3,4.0
U0495,Patates Püresi,9,4.9
U0495,Orman Kebabı,8,4.0
U0495,Sigara Böreği,15,4.0
U0496,Sebze Graten,3,3.1
U0496,Zeytinyağlı Sarma,12,4.0
U0496,Patates Püresi,4,3.0
U0496,Sezar Salata,13,3.1
U0496,Orman Kebabı,10,4.8
U0496,Kadınbudu Köfte,7,4.8
U0496,Tavuk Suyu Çorbası,3,3.2
U0496,Köfte,6,3.9
U0496,Sigara Böreği,11,4.0
U0496,Patates Kızartması,9,3.3
U0496,Ispanak Yemeği,7,3.7
U0496,Kazandibi,10,4.1
U0496,Tavuk Döner,8,3.0
U0496,Mercimek Köftesi,14,4.9
U0496,Izgara Balık,14,4.7
U0496,Pırasa Yemeği,14,3.1
U0496,Patates Salatası,2,4.4
U0496,İskender Kebap,5,3.8
U0496,Mercimek Çorbası,9,4.5
U0497,Tas Kebabı,5,3.2
U0497,Hamsi Tava,6,4.6
U0497,Mevsim Salata,6,3.4
U0497,Fırın Tavuk,4,4.0
U0497,Yayla Çorbası,2,3.4
U0497,Mercimek Köftesi,4,5.0
U0497,Su Böreği,4,4.1
U0497,Patates Püresi,15,4.3
U0498,Fırın Tavuk,12,4.5
U0498,Sigara Böreği,5,3.1
U0498,Su Böreği,5,3.2
U0498,Mevsim Salata,12,4.6
U0498,Yayla Çorbası,10,3.3
U0498,Sebze Graten,7,4.6
U0498,Kemalpaşa,15,3.8
U0498,Aşure,9,3.2
U0498,Tavuk Suyu Çorbası,13,4.4
U0498,Çoban Salata,7,4.1
U0498,Tarhana Çorbası,13,4.1
U0498,Köfte,6,4.1
U0498,Patates Püresi,2,4.8
U0498,Ispanak Yemeği,8,3.3
U0499,Sütlaç,11,3.7
U0499,İmambayıldı,7,3.8
U0499,Ezogelin Çorbası,7,3.3
U0499,Bulgur Pilavı,6,4.5
U0499,Hamsi Tava,6,3.9
U0499,Sebze Graten,6,3.9
U0499,Kadınbudu Köfte,6,4.5
U0499,Köfte,7,3.9
U0499,Tavukgöğsü,15,3.6
U0499,Domates Çorbası,12,3.9
U0500,Baklava,5,4.3
U0500,Ezogelin Çorbası,1,3.9
U0500,Et Döner,12,5.0
U0500,Sezar Salata,12,3.8
U0500,Patates Püresi,10,4.4
U0500,İmambayıldı,11,3.7
U0500,Su Böreği,10,4.9
U0500,Mantar Çorbası,9,4.9
U0500,Et Sote,15,3.1
U0500,Sütlaç,11,3.3
U0500,Profiterol,14,4.7
U0500,Zeytinyağlı Enginar,13,3.5
U0500,Kuru Fasulye,1,4.9
U0500,İskender Kebap,7,4.1
U0501,Zeytinyağlı Enginar,10,4.5
U0501,Hamsi Tava,4,3.8
U0501,Kemalpaşa,5,4.0
U0501,Ton Balıklı Salata,11,3.3
U0501,Yayla Çorbası,6,3.4
U0501,Profiterol,5,3.6
U0501,Zeytinyağlı Sarma,13,3.6
U0501,Karnıyarık,14,3.1
U0501,Kuru Fasulye,12,3.6
U0501,Tavuk Sote,9,3.2
U0501,Patates Püresi,10,4.8
U0501,İrmik Helvası,11,3.2
U0501,Mantar Çorbası,13,3.6
U0501,Güllaç,15,3.5
U0502,Izgara Balık,1,3.0
U0502,İskender Kebap,8,4.1
U0502,Tas Kebabı,3,5.0
U0502,Düğün Çorbası,5,3.2
U0502,Tavuk Suyu Çorbası,12,3.1
U0502,Mercimek Çorbası,3,4.5
U0502,Domates Çorbası,14,4.5
U0502,Mantar Çorbası,2,4.0
U0502,Yayla Çorbası,13,4.3
U0502,Çoban Salata,12,3.5
U0502,Güllaç,14,4.3
U0502,Ezogelin Çorbası,13,3.1
U0502,Ton Balıklı Salata,11,3.1
U0503,Tarhana Çorbası,2,3.3
U0503,Mantar Çorbası,12,4.9
U0503,Pirinç Pilavı,13,3.7
U0503,Yayla Çorbası,3,4.3
U0503,Çoban Salata,8,4.7
U0503,Kuru Fasulye,6,3.0
U0503,Baklava,2,3.4
U0503,Zeytinyağlı Enginar,10,3.7
U0503,Mercimek Çorbası,2,3.4
U0503,Zeytinyağlı Taze Fasulye,13,3.1
U0503,Köfte,9,4.5
U0503,Orman Kebabı,11,4.0
U0503,Bulgur Pilavı,12,4.5
U0503,Su Böreği,11,4.7
U0503,Domates Çorbası,14,3.7
U0503,Kemalpaşa,1,4.1
U0503,Mevsim Salata,10,3.7
U0503,Güllaç,13,3.7
U0503,Nohut,2,4.6
U0503,Ezogelin Çorbası,3,4.4
U0504,Profiterol,8,4.0
U0504,Fırın Tavuk,9,4.7
U0504,Et Döner,10,4.0
U0504,Zeytinyağlı Enginar,8,4.6
U0504,Sezar Salata,1,3.3
U0504,Su Böreği,7,4.9
U0504,Pirinç Pilavı,7,3.6
U0504,Zeytinyağlı Taze Fasulye,15,4.2
U0504,Ezogelin Çorbası,12,3.1
U0504,Gavurdağı Salata,15,4.5
U0504,Ispanak Yemeği,13,5.0
U0504,Mercimek Köftesi,15,4.9
U0504,Düğün Çorbası,3,3.6
U0504,Piliç Topkapı,13,4.5
U0505,Profiterol,7,3.1
U0505,Ton Balıklı Salata,2,4.1
U0505,Tavuk Sote,1,4.5
U0505,Tarhana Çorbası,12,3.7
U0505,Et Döner,1,4.6
U0505,Domates Çorbası,6,3.2
U0505,İmambayıldı,14,4.2
U0506,Ezogelin Çorbası,9,3.1
U0506,Mercimek Köftesi,5,3.5
U0506,İrmik Helvası,15,4.4
U0506,Mevsim Salata,13,3.8
U0506,Tavuk Suyu Çorbası,7,3.9
U0506,Su Böreği,15,4.2
U0506,Pırasa Yemeği,6,3.6
U0506,İskender Kebap,13,4.3
U0506,Izgara Balık,3,3.8
U0507,Tas Kebabı,6,4.4
U0507,Sütlaç,14,4.1
U0507,Fırın Tavuk,13,4.4
U0507,Zeytinyağlı Sarma,13,4.8
U0507,Tavukgöğsü,3,3.3
U0507,Sigara Böreği,6,3.0
U0507,Makarna,11,3.7
U0507,Sezar Salata,6,3.3
U0507,Kadınbudu Köfte,15,5.0
U0508,Zeytinyağlı Enginar,4,4.3
U0508,Sigara Böreği,8,4.2
U0508,Profiterol,15,3.8
U0508,Rus Salatası,7,3.9
U0508,Patates Salatası,5,3.0
U0508,Ispanak Yemeği,1,3.5
U0508,Kemalpaşa,1,4.6
U0508,Düğün Çorbası,5,3.6
U0509,Sebze Graten,13,4.4
U0509,Gavurdağı Salata,15,3.1
U0509,Sezar Salata,15,4.0
U0509,Patates Kızartması,15,4.4
U0509,Çoban Salata,12,3.9
U0509,Tarhana Çorbası,10,3.3
U0509,Tavukgöğsü,6,3.9
U0509,Düğün Çorbası,11,4.4
U0510,Patates Püresi,2,3.5
U0510,Tavuk Döner,12,3.3
U0510,Sebze Graten,11,4.4
U0510,Et Döner,9,3.2
U0510,Revani,13,3.9
U0510,Izgara Balık,6,4.1
U0511,Hamsi Tava,5,3.4
U0511,Izgara Balık,9,4.3
U0511,Gavurdağı Salata,14,4.2
U0511,Mevsim Salata,15,4.2
U0511,Zeytinyağlı Sarma,12,4.4
U0511,Kuru Fasulye,6,4.5
U0511,Baklava,15,4.5
U0511,İrmik Helvası,5,3.9
U0511,Pirinç Pilavı,2,4.0
U0511,Yayla Çorbası,12,4.7
U0511,Domates Çorbası,4,3.1
U0511,Bulgur Pilavı,8,3.4
U0511,İmambayıldı,4,4.4
U0511,Nohut,9,3.2
U0511,Piliç Topkapı,3,4.0
U0511,Patates Salatası,13,4.8
U0512,Patates Salatası,6,4.1
U0512,Kazandibi,1,3.8
U0512,Profiterol,3,4.1
U0512,Hamsi Tava,2,4.6
U0512,Zeytinyağlı Enginar,6,4.2
U0512,Tavukgöğsü,10,4.6
U0512,Mevsim Salata,5,4.6
U0512,Tavuk Döner,5,4.6
U0512,Piliç Topkapı,15,4.4
U0512,Tavuk Sote,5,3.4
U0512,Revani,5,3.2
U0512,Ezogelin Çorbası,2,4.9
U0512,Çoban Salata,3,4.5
U0513,Orman Kebabı,8,3.8
U0513,Pırasa Yemeği,11,3.7
U0513,Hamsi Tava,1,5.0
U0513,Çoban Salata,12,3.2
U0513,Aşure,1,4.6
U0513,Et Döner,3,3.7
U0513,İrmik Helvası,4,3.2
U0513,Bulgur Pilavı,14,3.2
U0513,Baklava,7,3.8
U0514,Izgara Balık,10,5.0
U0514,Tavuk Şiş,15,4.4
U0514,Düğün Çorbası,6,4.4
U0514,Et Sote,14,3.1
U0514,Ispanak Yemeği,10,3.2
U0514,Mercimek Köftesi,1,3.5
U0514,Yayla Çorbası,5,4.1
U0514,Zeytinyağlı Enginar,12,4.4
U0514,Rus Salatası,1,3.2
U0514,Pırasa Yemeği,7,4.8
U0514,Tavuk Suyu Çorbası,13,4.5
U0514,Tarhana Çorbası,13,4.8
U0514,Sebze Graten,12,3.4
U0514,Hamsi Tava,2,3.7
U0514,Et Döner,6,3.2
U0514,Orman Kebabı,12,3.0
U0514,Bulgur Pilavı,4,3.5
U0514,Karnıyarık,10,4.5
U0515,Tarhana Çorbası,11,4.7
U0515,Su Böreği,10,3.7
U0515,Patates Salatası,15,3.7
U0515,Domates Çorbası,7,3.5
U0515,Piliç Topkapı,12,3.1
U0515,İmambayıldı,15,3.4
U0516,Kemalpaşa,6,3.8
U0516,Tavuk Sote,10,4.6
U0516,Rus Salatası,11,3.9
U0516,Ezogelin Çorbası,15,3.6
U0516,Pirinç Pilavı,1,4.0
U0516,Patates Salatası,7,4.3
U0516,Baklava,8,3.5
U0516,Et Sote,1,3.0
U0516,Patates Püresi,1,4.0
U0516,Sütlaç,15,3.7
U0517,Baklava,6,4.1
U0517,Rus Salatası,8,3.3
U0517,Aşure,11,4.3
U0517,Zeytinyağlı Enginar,5,4.6
U0517,Sütlaç,8,4.7
U0517,Kazandibi,10,3.1
U0517,Yayla Çorbası,2,4.6
U0517,Tarhana Çorbası,3,4.5
U0517,Patates Püresi,12,4.7
U0517,Mantar Çorbası,10,4.8
U0517,Sezar Salata,11,3.8
U0517,Domates Çorbası,14,3.7
U0517,Gavurdağı Salata,9,4.7
U0518,Sebze Graten,15,4.3
U0518,Yayla Çorbası,14,4.4
U0518,Izgara Balık,2,3.1
U0518,Kazandibi,14,4.6
U0518,Piliç Topkapı,1,5.0
U0518,Makarna,9,4.3
U0518,Tavukgöğsü,2,3.6
U0518,Nohut,6,3.3
U0518,Baklava,12,4.3
U0518,Karnıyarık,5,4.0
U0518,Kemalpaşa,1,3.3
U0518,Mercimek Köftesi,3,4.5
U0518,Hamsi Tava,10,3.2
U0518,Sezar Salata,12,3.3
U0519,Mevsim Salata,10,4.4
U0519,Sezar Salata,14,4.9
U0519,Zeytinyağlı Enginar,9,4.7
U0519,Et Sote,14,3.3
U0519,Sebze Graten,10,3.5
U0519,Mantar Çorbası,11,4.9
U0519,Makarna,1,3.4
U0519,Tavuk Döner,15,4.2
U0519,Izgara Balık,15,4.6
U0519,Karnıyarık,9,3.2
U0519,İrmik Helvası,5,4.8
U0519,Tavuk Suyu Çorbası,14,3.7
U0519,Aşure,9,4.8
U0519,Su Böreği,5,3.5
U0519,Kazandibi,3,3.0
U0519,Baklava,15,3.8
U0519,Tavuk Şiş,11,3.3
U0519,Yayla Çorbası,6,3.0
U0519,Orman Kebabı,2,4.2
U0520,Pirinç Pilavı,8,3.9
U0520,Aşure,7,3.8
U0520,Su Böreği,5,4.2
U0520,Revani,12,3.4
U0520,Mercimek Çorbası,13,4.3
U0520,Piliç Topkapı,12,3.5
U0520,Baklava,3,4.7
U0520,Kazandibi,9,3.3
U0521,İrmik Helvası,2,3.1
U0521,Zeytinyağlı Enginar,14,3.5
U0521,Sütlaç,3,4.8
U0521,Zeytinyağlı Taze Fasulye,13,5.0
U0521,Et Döner,13,4.6
U0521,Tavuk Suyu Çorbası,6,3.3
U0521,Ton Balıklı Salata,1,3.5
U0521,Sebze Graten,3,4.8
U0521,Bulgur Pilavı,12,4.7
U0521,Kemalpaşa,12,3.7
U0521,Patates Kızartması,15,4.6
U0521,Baklava,10,3.3
U0521,Tarhana Çorbası,7,4.7
U0521,Mercimek Köftesi,6,3.2
U0521,Rus Salatası,3,4.5
U0521,Et Sote,9,3.3
U0521,Mercimek Çorbası,2,3.2
U0521,Nohut,3,4.6
U0522,Ispanak Yemeği,15,4.2
U0522,Baklava,4,4.1
U0522,Orman Kebabı,11,4.9
U0522,Pırasa Yemeği,6,3.9
U0522,İmambayıldı,9,4.6
U0522,Piliç Topkapı,8,3.6
U0522,İskender Kebap,6,3.1
U0522,Tavuk Şiş,7,5.0
U0522,Profiterol,3,3.9
U0522,Nohut,13,3.4
U0522,Gavurdağı Salata,14,3.5
U0522,Tavuk Suyu Çorbası,8,4.7
U0522,Mevsim Salata,2,3.8
U0522,Kadınbudu Köfte,9,3.3
U0522,Kazandibi,9,4.1
U0522,Aşure,4,4.6
U0522,Fırın Tavuk,11,3.5
U0522,Kemalpaşa,1,3.4
U0522,Tavuk Döner,15,4.1
U0523,Tarhana Çorbası,4,4.7
U0523,Izgara Balık,1,3.3
U0523,Orman Kebabı,13,3.9
U0523,Domates Çorbası,9,4.3
U0523,Baklava,7,4.2
U0523,Sigara Böreği,8,5.0
U0523,Ispanak Yemeği,13,3.1
U0523,İrmik Helvası,8,3.5
U0523,Ezogelin Çorbası,1,3.5
U0523,Mevsim Salata,8,3.7
U0523,Ton Balıklı Salata,3,3.9
U0523,Fırın Tavuk,8,3.1
U0523,Kadınbudu Köfte,10,3.7
U0523,İskender Kebap,10,4.0
U0523,Tavuk Döner,10,4.2
U0523,Pirinç Pilavı,3,4.8
U0524,Baklava,4,4.6
U0524,Mercimek Çorbası,6,4.5
U0524,Piliç Topkapı,6,4.7
U0524,Çoban Salata,5,4.4
U0524,Sigara Böreği,5,4.2
U0524,Tavuk Sote,5,3.8
U0524,Makarna,4,4.3
U0524,Revani,3,4.4
U0524,Ton Balıklı Salata,14,4.0
U0524,Sütlaç,13,4.3
U0524,Bulgur Pilavı,4,3.5
U0524,Domates Çorbası,4,4.1
U0524,Kuru Fasulye,4,4.2
U0524,Tavuk Suyu Çorbası,1,4.4
U0524,Gavurdağı Salata,15,4.8
U0524,Köfte,7,4.7
U0524,Izgara Balık,7,3.6
U0524,Karnıyarık,11,4.8
U0524,Fırın Tavuk,9,3.9
U0524,Tas Kebabı,9,4.9
U0525,Ezogelin Çorbası,2,3.3
U0525,Bulgur Pilavı,1,3.5
U0525,Su Böreği,15,3.3
U0525,İskender Kebap,8,3.9
U0525,Tavuk Suyu Çorbası,15,4.7
U0526,Profiterol,10,3.9
U0526,Sütlaç,6,4.6
U0526,Çoban Salata,6,4.5
U0526,Su Böreği,1,3.6
U0526,Et Döner,3,4.8
U0526,Gavurdağı Salata,5,4.8
U0526,Zeytinyağlı Taze Fasulye,8,4.8
U0526,Domates Çorbası,1,3.5
U0526,Düğün Çorbası,3,4.3
U0526,Ezogelin Çorbası,15,4.1
U0526,Yayla Çorbası,7,3.3
U0526,Makarna,5,4.4
U0526,Baklava,9,4.6
U0526,İskender Kebap,15,4.5
U0526,Patates Püresi,10,3.3
U0527,Piliç Topkapı,6,4.5
U0527,Mantar Çorbası,12,3.6
U0527,Hamsi Tava,3,4.0
U0527,Orman Kebabı,11,4.7
U0527,Zeytinyağlı Taze Fasulye,1,4.8
U0527,Karnıyarık,13,3.5
U0527,Domates Çorbası,9,4.0
U0527,Revani,4,3.6
U0527,Tavukgöğsü,11,3.6
U0527,Baklava,10,3.0
U0527,İmambayıldı,1,4.3
U0527,Sezar Salata,15,4.8
U0527,Yayla Çorbası,10,5.0
U0527,Aşure,9,3.7
U0527,Nohut,8,4.9
U0527,Zeytinyağlı Enginar,1,3.5
U0527,Izgara Balık,6,5.0
U0527,Zeytinyağlı Sarma,9,4.3
U0527,Patates Kızartması,13,4.5
U0528,Çoban Salata,11,3.9
U0528,Hamsi Tava,3,4.4
U0528,Kuru Fasulye,1,3.4
U0528,Piliç Topkapı,3,3.1
U0528,Rus Salatası,9,3.4
U0528,Pirinç Pilavı,11,4.8
U0528,Pırasa Yemeği,6,3.4
U0528,Sütlaç,4,3.1
U0528,Karnıyarık,9,4.1
U0528,Patates Kızartması,3,4.5
U0528,Tavuk Sote,10,4.4
U0528,Et Döner,5,3.3
U0528,Mantar Çorbası,13,4.7
U0528,Orman Kebabı,2,4.2
U0528,İmambayıldı,2,3.2
U0528,Zeytinyağlı Sarma,14,4.1
U0528,İskender Kebap,13,4.3
U0528,Patates Püresi,15,4.2
U0529,Pırasa Yemeği,12,3.3
U0529,Sütlaç,1,4.0
U0529,Bulgur Pilavı,8,4.6
U0529,Karnıyarık,4,4.4
U0529,Patates Salatası,11,4.1
U0529,Kadınbudu Köfte,14,4.9
U0529,Zeytinyağlı Enginar,11,4.3
U0529,Et Sote,5,3.5
U0529,Nohut,15,3.5
U0529,Gavurdağı Salata,2,3.3
U0529,Profiterol,7,3.3
U0529,İskender Kebap,2,3.6
U0530,Fırın Tavuk,3,4.1
U0530,Tavuk Sote,3,4.6
U0530,Nohut,13,3.6
U0530,Baklava,3,4.5
U0530,Aşure,15,3.4
U0530,Bulgur Pilavı,9,4.1
U0530,Tas Kebabı,10,4.9
U0530,Pirinç Pilavı,13,4.7
U0530,Patates Kızartması,4,4.7
U0530,Kuru Fasulye,15,4.7
U0530,İskender Kebap,10,3.5
U0530,Zeytinyağlı Taze Fasulye,15,4.4
U0530,Mantar Çorbası,9,4.0
U0530,Pırasa Yemeği,12,4.8
U0530,Izgara Balık,13,4.7
U0530,Düğün Çorbası,15,3.1
U0530,Makarna,5,4.6
U0530,Yayla Çorbası,12,3.0
U0530,Sigara Böreği,13,4.2
U0531,Tavuk Döner,2,3.8
U0531,Mevsim Salata,13,3.1
U0531,Zeytinyağlı Taze Fasulye,14,4.2
U0531,Ton Balıklı Salata,4,4.0
U0531,İmambayıldı,8,4.8
U0531,Mantar Çorbası,1,3.5
U0531,Sigara Böreği,14,4.8
U0531,Et Döner,9,3.5
U0531,Hamsi Tava,9,4.7
U0531,Kazandibi,6,4.6
U0531,Güllaç,1,3.8
U0531,Pırasa Yemeği,7,3.4
U0531,Sebze Graten,11,4.4
U0531,Tavukgöğsü,9,3.3
U0531,Orman Kebabı,9,3.3
U0531,Sezar Salata,9,3.1
U0531,İrmik Helvası,1,4.1
U0531,Tavuk Suyu Çorbası,4,4.4
U0531,Makarna,12,3.7
U0531,Ispanak Yemeği,5,3.7
U0532,Ispanak Yemeği,12,3.1
U0532,Gavurdağı Salata,4,4.2
U0532,Kemalpaşa,15,5.0
U0532,Pırasa Yemeği,5,4.2
U0532,Ton Balıklı Salata,5,3.4
U0532,Domates Çorbası,10,4.5
U0532,Tavuk Şiş,8,4.8
U0533,Izgara Balık,8,3.9
U0533,Patates Salatası,1,4.8
U0533,Profiterol,13,3.6
U0533,Gavurdağı Salata,5,4.9
U0533,Domates Çorbası,2,3.2
U0533,Tavuk Sote,1,3.2
U0533,Kemalpaşa,7,4.9
U0533,Tavuk Suyu Çorbası,10,3.3
U0533,Tavuk Döner,4,4.6
U0533,Piliç Topkapı,12,3.7
U0533,Zeytinyağlı Sarma,7,3.7
U0533,Sigara Böreği,8,4.3
U0533,Patates Püresi,4,3.4
U0533,Düğün Çorbası,2,4.0
U0533,Ton Balıklı Salata,10,4.9
U0533,Mantar Çorbası,3,4.3
U0533,Orman Kebabı,15,3.9
U0533,Ispanak Yemeği,9,3.1
U0534,Köfte,2,4.7
U0534,Patates Salatası,8,3.3
U0534,Izgara Balık,14,3.6
U0534,Tavuk Sote,3,4.6
U0534,Çoban Salata,11,4.3
U0534,Tavuk Döner,11,4.2
U0534,İskender Kebap,13,3.4
U0534,Profiterol,12,4.7
U0534,Sezar Salata,1,4.0
U0534,Kuru Fasulye,4,4.4
U0534,Mevsim Salata,13,4.0
U0534,Zeytinyağlı Enginar,5,3.1
U0534,Düğün Çorbası,8,4.8
U0534,Makarna,3,3.3
U0534,Tavuk Şiş,6,4.5
U0534,Nohut,4,4.4
U0534,Domates Çorbası,1,4.7
U0534,Su Böreği,8,4.8
U0534,Karnıyarık,13,4.5
U0535,Kadınbudu Köfte,4,3.0
U0535,İmambayıldı,3,3.5
U0535,Ispanak Yemeği,14,4.0
U0535,Tarhana Çorbası,6,3.8
U0535,Mevsim Salata,1,3.7
U0535,Zeytinyağlı Sarma,12,3.1
U0535,İrmik Helvası,15,3.7
U0535,Kazandibi,13,4.8
U0535,Mantar Çorbası,1,3.0
U0535,Kemalpaşa,9,4.1
U0535,Fırın Tavuk,6,3.1
U0536,Tavuk Sote,4,4.5
U0536,Kazandibi,8,4.1
U0536,Patates Salatası,12,4.8
U0536,Düğün Çorbası,6,4.2
U0536,Tas Kebabı,6,3.1
U0536,Et Döner,5,4.6
U0536,Ezogelin Çorbası,2,3.6
U0536,Rus Salatası,2,4.7
U0536,Sebze Graten,2,3.7
U0537,Zeytinyağlı Sarma,13,3.1
U0537,Çoban Salata,2,3.2
U0537,Tarhana Çorbası,10,3.1
U0537,Pirinç Pilavı,3,3.9
U0537,Kemalpaşa,14,3.8
U0537,Makarna,2,3.8
U0537,Gavurdağı Salata,3,3.4
U0537,Tavuk Suyu Çorbası,12,4.4
U0537,Bulgur Pilavı,7,3.0
U0538,Et Sote,12,4.2
U0538,Tavuk Suyu Çorbası,15,4.0
U0538,Tarhana Çorbası,2,4.1
U0538,Aşure,11,3.6
U0538,Pırasa Yemeği,8,4.8
U0538,Ispanak Yemeği,4,3.3
U0538,Sütlaç,6,3.6
U0538,Revani,4,4.0
U0538,Orman Kebabı,15,4.3
U0538,Tavuk Şiş,11,4.8
U0538,Fırın Tavuk,14,4.2
U0539,Çoban Salata,8,4.2
U0539,Revani,11,4.0
U0539,Makarna,6,3.1
U0539,Baklava,15,4.2
U0539,Et Sote,3,3.3
U0539,Profiterol,12,4.6
U0539,Sütlaç,8,3.0
U0539,Ton Balıklı Salata,1,3.2
U0539,Mevsim Salata,4,4.3
U0540,Mercimek Köftesi,13,3.3
U0540,Mevsim Salata,13,4.3
U0540,Patates Püresi,11,4.3
U0540,Mercimek Çorbası,1,3.3
U0540,İrmik Helvası,6,4.1
U0540,Pırasa Yemeği,6,4.9
U0540,Tas Kebabı,3,4.6
U0540,Rus Salatası,7,3.9
U0540,Çoban Salata,12,3.6
U0541,Ton Balıklı Salata,1,3.0
U0541,Kemalpaşa,5,3.3
U0541,Güllaç,14,4.8
U0541,Orman Kebabı,8,4.9
U0541,Su Böreği,4,3.3
U0541,Bulgur Pilavı,6,3.8
U0541,Piliç Topkapı,14,4.0
U0541,Revani,3,4.2
U0541,İrmik Helvası,9,3.1
U0541,Izgara Balık,8,3.2
U0541,Nohut,15,5.0
U0541,Sütlaç,15,3.9
U0541,Zeytinyağlı Enginar,3,3.5
U0541,Ezogelin Çorbası,1,4.4
U0541,Gavurdağı Salata,2,3.7
U0541,Tavuk Şiş,5,4.0
U0542,Sebze Graten,13,5.0
U0542,Zeytinyağlı Taze Fasulye,14,4.4
U0542,Tavuk Sote,7,4.8
U0542,Karnıyarık,10,4.0
U0542,İrmik Helvası,15,4.0
U0542,Sütlaç,1,4.5
U0542,Zeytinyağlı Sarma,9,3.0
U0542,Mercimek Köftesi,9,3.7
U0542,Patates Salatası,1,4.1
U0542,Kazandibi,11,4.0
U0542,Tavuk Suyu Çorbası,11,4.4
U0542,Revani,3,4.2
U0542,Tarhana Çorbası,2,3.9
U0542,Rus Salatası,7,3.4
U0542,Mantar Çorbası,5,4.8
U0542,Piliç Topkapı,9,3.9
U0542,Nohut,11,3.9
U0542,Köfte,14,3.9
U0543,Nohut,1,3.3
U0543,Tavuk Suyu Çorbası,6,4.1
U0543,Kadınbudu Köfte,2,4.6
U0543,Bulgur Pilavı,8,3.3
U0543,Et Sote,2,4.9
U0543,Ezogelin Çorbası,15,4.8
U0543,Tas Kebabı,10,3.6
U0543,Düğün Çorbası,10,3.7
U0543,Kemalpaşa,10,3.9
U0543,Tavukgöğsü,3,4.4
U0544,Düğün Çorbası,10,4.7
U0544,Ezogelin Çorbası,8,3.2
U0544,Nohut,1,4.6
U0544,Profiterol,4,4.1
U0544,Hamsi Tava,8,4.5
U0544,Patates Salatası,5,5.0
U0544,Aşure,9,4.8
U0544,Et Döner,3,4.5
U0544,Sezar Salata,14,3.9
U0544,Baklava,13,4.2
U0544,Patates Püresi,15,3.3
U0545,Zeytinyağlı Enginar,2,4.3
U0545,İrmik Helvası,7,3.2
U0545,Tavuk Suyu Çorbası,7,3.6
U0545,Patates Püresi,5,4.5
U0545,Piliç Topkapı,14,3.3
U0545,Tarhana Çorbası,15,4.1
U0545,Köfte,4,4.1
U0546,Mantar Çorbası,9,3.4
U0546,Sigara Böreği,11,4.7
U0546,Ton Balıklı Salata,8,4.5
U0546,Rus Salatası,6,4.2
U0546,Tavukgöğsü,11,3.1
U0546,Mevsim Salata,9,3.2
U0547,Yayla Çorbası,2,3.9
U0547,Hamsi Tava,15,4.9
U0547,Et Sote,10,3.2
U0547,İrmik Helvası,10,3.4
U0547,Profiterol,1,3.7
U0547,Tavukgöğsü,8,4.1
U0547,Zeytinyağlı Taze Fasulye,2,4.6
U0547,Güllaç,3,4.8
U0547,Makarna,14,4.8
U0547,Piliç Topkapı,10,4.0
U0547,Tarhana Çorbası,1,4.3
U0547,Tavuk Sote,7,3.2
U0547,Et Döner,11,4.3
U0547,Tavuk Döner,1,3.8
U0548,Sigara Böreği,7,3.1
U0548,İrmik Helvası,15,3.3
U0548,Nohut,9,4.0
U0548,Su Böreği,2,3.7
U0548,Pirinç Pilavı,4,3.1
U0548,Zeytinyağlı Taze Fasulye,11,3.9
U0549,Tas Kebabı,11,4.1
U0549,İrmik Helvası,12,4.4
U0549,Düğün Çorbası,3,4.7
U0549,Mevsim Salata,10,3.8
U0549,Piliç Topkapı,13,3.9
U0549,Et Sote,1,3.2
U0549,Aşure,3,4.2
U0549,Baklava,6,3.8
U0549,Zeytinyağlı Enginar,11,4.5
U0549,Pırasa Yemeği,7,3.3
U0549,Kadınbudu Köfte,2,4.6
U0549,Et Döner,12,4.7
U0549,Ton Balıklı Salata,6,4.3
U0550,Ton Balıklı Salata,7,4.5
U0550,Mercimek Çorbası,10,3.3
U0550,Tavuk Şiş,4,3.1
U0550,Sütlaç,11,3.2
U0550,Baklava,1,3.1
U0550,Bulgur Pilavı,9,3.9
U0551,Zeytinyağlı Taze Fasulye,5,4.5
U0551,Tas Kebabı,6,4.4
U0551,Patates Kızartması,4,3.9
U0551,Rus Salatası,2,3.4
U0551,Tavuk Suyu Çorbası,5,3.5
U0551,Patates Salatası,11,3.1
U0551,Çoban Salata,5,4.9
U0551,İmambayıldı,13,4.0
U0551,Tavukgöğsü,10,3.5
U0551,Domates Çorbası,1,5.0
U0552,Tas Kebabı,14,3.3
U0552,Izgara Balık,1,3.1
U0552,Patates Püresi,10,4.0
U0552,Tavuk Suyu Çorbası,3,3.1
U0552,Tavuk Döner,5,4.1
U0552,Çoban Salata,11,4.4
U0552,Düğün Çorbası,12,4.6
U0552,Kazandibi,6,3.4
U0552,Yayla Çorbası,12,3.2
U0552,Aşure,6,3.9
U0552,Orman Kebabı,7,5.0
U0552,Pirinç Pilavı,2,4.0
U0552,Fırın Tavuk,2,3.3
U0553,Zeytinyağlı Enginar,5,4.5
U0553,Et Döner,4,3.1
U0553,Köfte,8,4.4
U0553,Sütlaç,1,3.8
U0553,Gavurdağı Salata,6,4.8
U0553,Tas Kebabı,8,4.7
U0553,Tarhana Çorbası,3,4.7
U0553,Tavukgöğsü,11,4.1
U0553,Su Böreği,15,4.9
U0553,Et Sote,10,4.2
U0554,Zeytinyağlı Taze Fasulye,12,3.0
U0554,Mercimek Çorbası,9,3.3
U0554,Piliç Topkapı,13,4.2
U0554,Ispanak Yemeği,11,5.0
U0554,Sigara Böreği,6,3.1
U0554,Hamsi Tava,1,3.7
U0554,Et Döner,11,4.4
U0554,Aşure,2,4.0
U0555,Pirinç Pilavı,13,4.7
U0555,Sezar Salata,8,3.8
U0555,Yayla Çorbası,13,4.5
U0555,Baklava,9,4.4
U0555,Düğün Çorbası,6,3.5
U0555,Aşure,14,3.2
U0556,Çoban Salata,9,4.9
U0556,Hamsi Tava,5,4.0
U0556,Baklava,9,3.9
U0556,Et Döner,9,3.0
U0556,Patates Salatası,7,3.3
U0556,Domates Çorbası,3,5.0
U0556,Mercimek Çorbası,3,4.2
U0556,Zeytinyağlı Enginar,1,3.7
U0556,Makarna,4,4.7
U0556,Sigara Böreği,6,3.0
U0556,Su Böreği,2,4.7
U0556,Ezogelin Çorbası,15,3.1
U0556,Orman Kebabı,12,4.2
U0556,Sebze Graten,7,4.4
U0556,Izgara Balık,1,4.3
U0556,Karnıyarık,13,4.3
U0556,Kuru Fasulye,14,4.9
U0556,İrmik Helvası,5,3.3
U0556,Tavuk Sote,2,3.5
U0557,Pirinç Pilavı,9,3.6
U0557,Rus Salatası,10,3.2
U0557,Et Sote,10,4.0
U0557,Sütlaç,9,5.0
U0557,Mercimek Köftesi,11,3.9
U0557,Ezogelin Çorbası,10,4.2
U0558,Et Döner,15,4.7
U0558,Kazandibi,9,3.6
U0558,Mercimek Köftesi,7,4.3
U0558,Mercimek Çorbası,1,4.5
U0558,Patates Kızartması,12,4.6
U0558,Tarhana Çorbası,4,3.7
U0558,Kadınbudu Köfte,7,4.4
U0558,Et Sote,12,3.1
U0558,Nohut,4,4.0
U0558,Yayla Çorbası,11,3.3
U0558,Sütlaç,11,4.9
U0558,Pırasa Yemeği,13,5.0
U0559,Tas Kebabı,5,3.1
U0559,Izgara Balık,5,4.1
U0559,Patates Salatası,9,4.9
U0559,Tavuk Döner,6,4.8
U0559,Mercimek Çorbası,10,3.1
U0559,Fırın Tavuk,3,3.5
U0559,Ezogelin Çorbası,1,4.6
U0559,Tavukgöğsü,9,4.6
U0559,Tavuk Sote,12,3.6
U0559,Ton Balıklı Salata,6,3.9
U0559,Sigara Böreği,5,3.0
U0559,Zeytinyağlı Taze Fasulye,14,3.5
U0559,Su Böreği,14,4.7
U0560,Mercimek Çorbası,6,3.0
U0560,Baklava,2,3.3
U0560,İskender Kebap,11,3.6
U0560,Patates Salatası,10,4.9
U0560,Düğün Çorbası,12,3.7
U0560,Zeytinyağlı Taze Fasulye,4,3.1
U0560,Sezar Salata,8,4.7
U0560,Profiterol,10,4.8
U0560,Kemalpaşa,14,4.0
U0560,Çoban Salata,3,4.9
U0560,Güllaç,5,4.4
U0560,İrmik Helvası,4,5.0
U0560,Nohut,14,3.2
U0561,Pirinç Pilavı,3,3.6
U0561,Tavukgöğsü,1,3.8
U0561,Ton Balıklı Salata,4,5.0
U0561,Hamsi Tava,11,4.3
U0561,İmambayıldı,11,4.3
U0562,Çoban Salata,1,4.0
U0562,İmambayıldı,7,3.7
U0562,Yayla Çorbası,13,3.4
U0562,Düğün Çorbası,1,3.5
U0562,Ton Balıklı Salata,4,3.3
U0562,Sigara Böreği,9,3.4
U0562,Gavurdağı Salata,4,4.9
U0562,Kazandibi,12,3.8
U0562,Karnıyarık,9,4.0
U0562,Tas Kebabı,3,4.1
U0562,Tavuk Sote,9,4.0
U0562,Ezogelin Çorbası,13,3.8
U0562,Patates Salatası,2,3.0
U0562,Bulgur Pilavı,11,4.9
U0562,Piliç Topkapı,12,3.8
U0562,İrmik Helvası,5,4.4
U0563,Fırın Tavuk,10,3.7
U0563,Patates Püresi,9,4.5
U0563,Zeytinyağlı Enginar,9,4.9
U0563,Su Böreği,9,3.8
U0563,Hamsi Tava,7,4.4
U0563,Tavuk Döner,15,4.2
U0563,Et Sote,1,4.9
U0564,Mercimek Köftesi,3,4.4
U0564,Domates Çorbası,10,4.0
U0564,Patates Püresi,5,4.4
U0564,Et Döner,1,4.7
U0564,Profiterol,11,3.9
U0564,Sütlaç,12,3.3
U0564,Zeytinyağlı Enginar,11,4.5
U0564,Tavuk Döner,15,3.7
U0564,Pirinç Pilavı,10,3.4
U0564,Çoban Salata,3,3.5
U0565,Sezar Salata,13,4.0
U0565,Patates Salatası,4,3.6
U0565,Mercimek Çorbası,12,3.3
U0565,Kadınbudu Köfte,5,4.7
U0565,Sütlaç,15,3.5
U0565,İmambayıldı,15,4.0
U0565,Aşure,9,4.1
U0565,Revani,7,4.7
U0565,Kemalpaşa,7,3.4
U0565,İrmik Helvası,2,3.9
U0565,Ezogelin Çorbası,4,3.1
U0565,Yayla Çorbası,5,3.2
U0565,Gavurdağı Salata,4,3.0
U0565,Hamsi Tava,10,3.6
U0565,Ispanak Yemeği,15,3.1
U0565,Zeytinyağlı Enginar,9,4.8
U0565,Tas Kebabı,1,3.7
U0565,Profiterol,12,4.8
U0565,Kuru Fasulye,6,3.2
U0566,Tavuk Suyu Çorbası,15,4.8
U0566,Aşure,3,3.6
U0566,Tavuk Döner,5,4.1
U0566,Su Böreği,9,4.2
U0566,Domates Çorbası,15,3.1
U0566,Piliç Topkapı,5,4.6
U0566,Ton Balıklı Salata,15,3.2
U0566,Çoban Salata,13,4.1
U0566,Kuru Fasulye,10,4.3
U0566,Tavuk Sote,12,4.5
U0566,Izgara Balık,1,3.8
U0566,Kemalpaşa,2,4.7
U0566,Revani,9,3.5
U0566,Köfte,2,4.3
U0567,Kemalpaşa,12,3.8
U0567,Tavuk Şiş,8,4.4
U0567,Mantar Çorbası,11,3.5
U0567,Profiterol,12,4.8
U0567,Ispanak Yemeği,14,4.8
U0567,İrmik Helvası,14,3.4
U0568,Gavurdağı Salata,2,4.6
U0568,Kazandibi,12,3.2
U0568,İrmik Helvası,14,3.9
U0568,Makarna,3,3.5
U0568,Zeytinyağlı Enginar,5,4.1
U0568,Mantar Çorbası,7,4.7
U0568,Köfte,13,4.5
U0568,Düğün Çorbası,15,3.3
U0568,Bulgur Pilavı,1,3.1
U0568,Tavuk Suyu Çorbası,2,3.2
U0568,Mercimek Çorbası,8,3.9
U0568,Nohut,5,3.0
U0568,Yayla Çorbası,15,5.0
U0568,Hamsi Tava,14,4.8
U0568,Tavuk Döner,14,4.0
U0568,Sezar Salata,4,4.9
U0568,Kuru Fasulye,14,4.8
U0569,Düğün Çorbası,7,3.5
U0569,Et Döner,6,3.8
U0569,İmambayıldı,7,4.0
U0569,Domates Çorbası,1,3.4
U0569,Izgara Balık,11,3.2
U0569,Kemalpaşa,11,4.6
U0569,Tarhana Çorbası,12,3.6
U0569,Patates Kızartması,3,4.8
U0569,Tavuk Suyu Çorbası,15,3.7
U0569,Sezar Salata,9,4.1
U0569,Orman Kebabı,14,4.5
U0569,Pırasa Yemeği,6,3.3
U0569,Tavukgöğsü,12,4.6
U0569,Mevsim Salata,12,3.9
U0569,Tavuk Sote,13,3.8
U0570,İrmik Helvası,13,3.3
U0570,Mercimek Çorbası,13,4.0
U0570,Tavuk Şiş,13,4.5
U0570,Kadınbudu Köfte,8,3.6
U0570,Et Döner,14,3.5
U0570,Aşure,3,4.0
U0570,Pırasa Yemeği,4,4.9
U0570,İskender Kebap,15,4.1
U0570,Çoban Salata,12,4.4
U0570,Sütlaç,12,4.7
U0570,İmambayıldı,2,4.9
U0571,Ispanak Yemeği,7,3.6
U0571,Zeytinyağlı Sarma,10,4.4
U0571,Mercimek Çorbası,2,3.0
U0571,Kadınbudu Köfte,1,4.0
U0571,Hamsi Tava,3,4.4
U0571,Mercimek Köftesi,6,3.8
U0571,Nohut,15,4.6
U0571,Domates Çorbası,3,4.1
U0571,Tavuk Suyu Çorbası,13,4.9
U0571,Kazandibi,15,4.2
U0571,Pırasa Yemeği,9,3.4
U0571,Fırın Tavuk,11,3.8
U0571,Tavukgöğsü,6,5.0
U0571,Patates Salatası,5,4.3
U0571,Mantar Çorbası,10,3.1
U0571,Pirinç Pilavı,11,4.4
U0571,Sütlaç,10,3.9
U0571,Su Böreği,7,3.2
U0572,Su Böreği,6,4.7
U0572,Tarhana Çorbası,14,4.0
U0572,Kuru Fasulye,1,3.4
U0572,Mercimek Çorbası,3,4.8
U0572,Yayla Çorbası,9,3.3
U0572,Et Sote,7,4.5
U0572,Aşure,5,3.2
U0572,Sigara Böreği,14,4.6
U0572,Tavukgöğsü,11,5.0
U0572,Revani,1,4.8
U0572,Rus Salatası,3,4.5
U0572,Tavuk Döner,3,3.7
U0572,Zeytinyağlı Taze Fasulye,14,4.5
U0572,Tavuk Sote,10,3.8
U0572,İrmik Helvası,13,4.5
U0572,Sütlaç,12,3.5
U0572,Düğün Çorbası,4,3.2
U0572,İskender Kebap,7,4.8
U0572,Çoban Salata,14,4.5
U0573,Nohut,5,4.4
U0573,Aşure,5,3.6
U0573,Et Sote,7,4.9
U0573,Tavukgöğsü,8,3.5
U0573,Kemalpaşa,6,3.4
U0573,Kazandibi,2,3.8
U0573,Patates Salatası,5,4.7
U0573,Tavuk Döner,6,3.2
U0573,Zeytinyağlı Taze Fasulye,6,3.0
U0573,Tarhana Çorbası,5,4.2
U0574,Tas Kebabı,5,3.3
U0574,Sezar Salata,15,3.4
U0574,Orman Kebabı,9,4.2
U0574,Patates Kızartması,8,4.4
U0574,Ton Balıklı Salata,9,4.6
U0574,Su Böreği,8,3.6
U0574,Nohut,13,3.2
U0574,Tarhana Çorbası,10,3.9
U0574,Pırasa Yemeği,13,4.5
U0574,Aşure,13,3.1
U0574,Patates Püresi,4,4.8
U0574,Tavuk Döner,8,3.1
U0574,Baklava,14,3.0
U0574,Bulgur Pilavı,8,3.7
U0574,Düğün Çorbası,5,3.7
U0574,Tavukgöğsü,10,4.0
U0574,Karnıyarık,12,3.6
U0574,Mercimek Çorbası,5,3.6
U0574,Zeytinyağlı Enginar,9,3.0
U0575,Sezar Salata,12,3.2
U0575,Düğün Çorbası,2,3.8
U0575,Pırasa Yemeği,5,4.4
U0575,Patates Püresi,10,4.9
U0575,Kazandibi,11,4.3
U0575,Rus Salatası,8,3.2
U0575,Mercimek Köftesi,13,4.3
U0576,Patates Kızartması,5,4.3
U0576,Tas Kebabı,3,3.9
U0576,Su Böreği,4,3.9
U0576,Sütlaç,12,3.1
U0576,Kuru Fasulye,9,4.1
U0576,Düğün Çorbası,7,4.1
U0576,Revani,8,3.1
U0576,Sezar Salata,5,4.6
U0576,Piliç Topkapı,1,4.6
U0576,İmambayıldı,13,3.1
U0576,Bulgur Pilavı,15,3.1
U0576,Pırasa Yemeği,4,3.1
U0576,Yayla Çorbası,12,4.4
U0576,Çoban Salata,15,3.1
U0576,Kazandibi,7,4.7
U0576,Tavuk Döner,7,4.9
U0576,Makarna,2,3.4
U0576,Gavurdağı Salata,4,3.2
U0576,İskender Kebap,15,4.3
U0577,Sezar Salata,10,3.2
U0577,Tas Kebabı,15,3.9
U0577,Sütlaç,10,4.0
U0577,Orman Kebabı,15,3.8
U0577,Pirinç Pilavı,8,4.4
U0577,Çoban Salata,14,4.8
U0577,Et Döner,12,4.0
U0577,Tarhana Çorbası,4,3.5
U0577,Mercimek Çorbası,6,4.9
U0577,Pırasa Yemeği,5,4.0
U0577,Makarna,3,3.9
U0578,Mantar Çorbası,10,3.1
U0578,İmambayıldı,13,3.5
U0578,Ton Balıklı Salata,12,4.9
U0578,Mercimek Köftesi,10,3.8
U0578,Izgara Balık,13,4.5
U0578,Su Böreği,7,3.9
U0578,Tavuk Şiş,8,4.6
U0578,Zeytinyağlı Taze Fasulye,7,3.7
U0578,Hamsi Tava,7,4.2
U0578,Pirinç Pilavı,2,3.5
U0578,Makarna,5,4.4
U0578,Mevsim Salata,12,4.8
U0579,Patates Kızartması,15,3.5
U0579,Düğün Çorbası,8,3.7
U0579,Domates Çorbası,8,3.1
U0579,Kemalpaşa,5,3.1
U0579,Zeytinyağlı Enginar,5,4.9
U0579,Ton Balıklı Salata,2,3.3
U0579,Tavuk Şiş,8,4.6
U0579,Patates Püresi,9,3.3
U0579,Mantar Çorbası,12,4.4
U0579,Yayla Çorbası,11,4.4
U0579,Et Döner,12,4.4
U0580,Kazandibi,1,3.6
U0580,Makarna,4,3.9
U0580,Düğün Çorbası,10,4.3
U0580,Tavukgöğsü,13,3.7
U0580,Izgara Balık,7,4.7
U0580,Zeytinyağlı Taze Fasulye,11,3.6
U0581,Tavuk Sote,11,3.5
U0581,Kemalpaşa,7,4.4
U0581,Pırasa Yemeği,9,3.1
U0581,İmambayıldı,4,4.4
U0581,Zeytinyağlı Enginar,3,3.2
U0581,Güllaç,13,4.0
U0582,Zeytinyağlı Taze Fasulye,8,3.9
U0582,Fırın Tavuk,8,4.5
U0582,Pırasa Yemeği,15,3.2
U0582,Mantar Çorbası,11,4.9
U0582,İmambayıldı,13,4.8
U0582,Orman Kebabı,5,4.4
U0582,Ispanak Yemeği,7,4.3
U0582,Bulgur Pilavı,1,4.8
U0582,Kadınbudu Köfte,14,3.8
U0582,Tavuk Döner,3,5.0
U0582,İrmik Helvası,13,4.1
U0582,Et Sote,12,4.2
U0582,Tas Kebabı,14,3.8
U0582,Izgara Balık,3,3.8
U0582,Ezogelin Çorbası,13,4.9
U0582,Tavuk Sote,12,3.2
U0582,Mercimek Çorbası,13,3.4
U0582,Piliç Topkapı,10,3.4
U0582,Kazandibi,6,3.3
U0583,Güllaç,5,3.7
U0583,Makarna,9,3.6
U0583,Tavuk Suyu Çorbası,9,3.1
U0583,Fırın Tavuk,5,3.1
U0583,Düğün Çorbası,10,5.0
U0583,Çoban Salata,3,3.5
U0583,Ispanak Yemeği,13,4.1
U0583,Revani,12,3.9
U0583,Orman Kebabı,6,4.0
U0583,Tavuk Şiş,1,3.8
U0583,Mercimek Köftesi,6,3.4
U0583,Tavuk Sote,7,4.2
U0583,Kuru Fasulye,6,4.3
U0583,Mercimek Çorbası,13,3.7
U0583,Pirinç Pilavı,2,4.3
U0583,Baklava,5,4.3
U0583,Ton Balıklı Salata,14,4.8
U0583,Piliç Topkapı,15,3.9
U0583,Sütlaç,5,4.7
U0583,İskender Kebap,3,4.2
U0584,Yayla Çorbası,4,4.9
U0584,Kadınbudu Köfte,9,4.7
U0584,Zeytinyağlı Enginar,3,3.7
U0584,Mercimek Köftesi,2,3.8
U0584,Zeytinyağlı Taze Fasulye,5,4.1
U0584,Baklava,13,3.9
U0584,Su Böreği,5,4.1
U0584,Karnıyarık,5,3.9
U0584,Çoban Salata,12,5.0
U0584,Et Sote,3,3.6
U0584,Hamsi Tava,1,4.1
U0584,Orman Kebabı,12,3.0
U0584,Köfte,11,4.7
U0584,Tas Kebabı,4,4.3
U0585,Mantar Çorbası,5,4.6
U0585,Nohut,5,3.1
U0585,Profiterol,14,4.5
U0585,İmambayıldı,1,4.0
U0585,İskender Kebap,10,3.2
U0585,Pırasa Yemeği,8,5.0
U0585,Güllaç,4,4.1
U0585,Su Böreği,1,3.1
U0585,Kuru Fasulye,11,4.5
U0585,Düğün Çorbası,2,3.9
U0586,Profiterol,11,4.6
U0586,Piliç Topkapı,13,3.4
U0586,İskender Kebap,2,3.5
U0586,Kemalpaşa,7,3.9
U0586,Patates Kızartması,3,4.6
U0586,Domates Çorbası,15,3.3
U0586,Gavurdağı Salata,1,4.7
U0586,Pirinç Pilavı,2,4.7
U0586,Tavuk Suyu Çorbası,10,3.4
U0586,Fırın Tavuk,5,4.4
U0586,Rus Salatası,2,3.3
U0586,Sütlaç,11,4.8
U0586,Tavuk Şiş,13,4.0
U0586,Hamsi Tava,6,3.2
U0586,Mercimek Köftesi,1,3.4
U0586,Mantar Çorbası,1,3.0
U0586,Kazandibi,5,3.6
U0586,Ezogelin Çorbası,6,4.9
U0586,Düğün Çorbası,7,3.7
U0586,Tavuk Döner,2,4.5
U0587,Piliç Topkapı,4,3.2
U0587,Patates Püresi,9,3.9
U0587,İmambayıldı,2,4.1
U0587,Patates Kızartması,14,3.9
U0587,Nohut,11,4.6
U0588,Ton Balıklı Salata,2,3.3
U0588,Pırasa Yemeği,15,4.7
U0588,Gavurdağı Salata,14,4.3
U0588,Mercimek Çorbası,6,3.8
U0588,Köfte,2,4.5
U0588,Kuru Fasulye,9,3.7
U0588,Yayla Çorbası,2,4.9
U0588,İskender Kebap,8,3.2
U0588,Karnıyarık,9,3.3
U0588,Tavuk Döner,15,3.5
U0588,Tavuk Şiş,9,3.6
U0588,Sebze Graten,1,4.4
U0588,Aşure,8,3.1
U0588,Zeytinyağlı Taze Fasulye,11,4.9
U0588,Tavuk Sote,14,4.0
U0588,Patates Kızartması,6,4.5
U0588,Tavukgöğsü,8,3.7
U0589,Sütlaç,12,3.9
U0589,Izgara Balık,8,4.1
U0589,Zeytinyağlı Sarma,7,4.0
U0589,Kadınbudu Köfte,1,3.4
U0589,Et Sote,9,4.8
U0589,Revani,14,3.6
U0589,Güllaç,9,4.4
U0590,Nohut,11,3.9
U0590,Tavuk Suyu Çorbası,7,3.0
U0590,Domates Çorbası,2,4.6
U0590,Rus Salatası,9,3.5
U0590,Bulgur Pilavı,8,3.3
U0590,Mercimek Köftesi,5,3.9
U0590,İmambayıldı,10,3.4
U0590,Et Döner,12,3.2
U0590,Tavuk Döner,9,3.6
U0590,Patates Kızartması,9,4.1
U0590,Baklava,12,4.6
U0591,Zeytinyağlı Taze Fasulye,9,3.0
U0591,Orman Kebabı,10,4.3
U0591,Yayla Çorbası,7,4.8
U0591,Tavuk Sote,12,4.5
U0591,Karnıyarık,5,4.1
U0591,Tavukgöğsü,13,3.6
U0591,Düğün Çorbası,14,3.6
U0591,Patates Kızartması,1,3.8
U0591,Et Sote,13,3.2
U0591,Güllaç,6,3.7
U0592,İrmik Helvası,12,3.2
U0592,Köfte,8,3.9
U0592,Tarhana Çorbası,1,3.4
U0592,Tavuk Suyu Çorbası,10,4.8
U0592,Kemalpaşa,13,3.2
U0592,Orman Kebabı,8,3.1
U0592,Ezogelin Çorbası,15,3.4
U0592,Piliç Topkapı,8,4.0
U0592,Ton Balıklı Salata,7,3.3
U0592,Fırın Tavuk,13,3.0
U0593,Köfte,6,4.0
U0593,Fırın Tavuk,5,3.1
U0593,Profiterol,11,3.9
U0593,Düğün Çorbası,15,4.8
U0593,Zeytinyağlı Taze Fasulye,14,4.9
U0593,Kazandibi,2,4.1
U0593,Tas Kebabı,2,4.7
U0594,Mevsim Salata,11,4.4
U0594,Izgara Balık,1,4.2
U0594,Kuru Fasulye,5,3.5
U0594,Köfte,12,4.9
U0594,Sebze Graten,7,4.5
U0594,Tavuk Döner,7,3.3
U0594,Zeytinyağlı Sarma,8,4.0
U0594,Ton Balıklı Salata,9,3.6
U0594,Baklava,6,3.7
U0594,Pirinç Pilavı,4,3.3
U0594,Güllaç,15,4.3
U0595,Kuru Fasulye,7,3.1
U0595,Tarhana Çorbası,1,4.4
U0595,Sütlaç,6,3.8
U0595,Mercimek Köftesi,15,3.4
U0595,İmambayıldı,15,4.3
U0596,Zeytinyağlı Taze Fasulye,11,3.3
U0596,Mantar Çorbası,10,3.6
U0596,Fırın Tavuk,15,4.1
U0596,Aşure,5,4.9
U0596,Köfte,10,3.8
U0596,Tavuk Şiş,2,3.4
U0596,Izgara Balık,5,3.7
U0596,Kazandibi,9,4.3
U0596,Profiterol,2,4.7
U0596,Tarhana Çorbası,10,3.8
U0596,Et Döner,2,4.1
U0596,Hamsi Tava,12,3.3
U0596,Revani,7,4.1
U0597,İskender Kebap,13,3.6
U0597,Ezogelin Çorbası,1,4.1
U0597,Domates Çorbası,3,4.7
U0597,Et Döner,14,3.9
U0597,Tavuk Döner,13,4.7
U0597,Patates Kızartması,3,4.6
U0598,Baklava,14,3.1
U0598,Zeytinyağlı Enginar,15,4.3
U0598,Mevsim Salata,5,3.9
U0598,Aşure,4,3.9
U0598,Patates Püresi,5,3.2
U0598,Yayla Çorbası,2,4.8
U0598,Ton Balıklı Salata,11,4.2
U0598,Revani,2,3.5
U0598,Izgara Balık,12,4.2
U0598,Makarna,6,3.9
U0598,Tavuk Şiş,9,4.1
U0598,Su Böreği,8,3.4
U0598,Sigara Böreği,4,3.1
U0598,Hamsi Tava,15,4.7
U0598,Patates Salatası,8,3.1
U0599,Düğün Çorbası,4,4.2
U0599,İskender Kebap,15,4.2
U0599,Güllaç,4,4.3
U0599,İrmik Helvası,13,4.7
U0599,Mercimek Köftesi,12,3.3
U0599,Baklava,12,4.8
U0599,Sebze Graten,13,4.9
U0599,Köfte,14,4.7
U0599,Kazandibi,14,4.9
U0599,Pırasa Yemeği,14,4.4
U0599,Zeytinyağlı Sarma,14,3.0
U0599,Tavuk Suyu Çorbası,11,4.6
U0599,Yayla Çorbası,5,4.5
U0599,Kuru Fasulye,6,3.5
U0599,Piliç Topkapı,9,3.7
U0599,İmambayıldı,7,3.8
U0599,Fırın Tavuk,10,4.5
U0599,Mantar Çorbası,11,4.7
U0600,Ezogelin Çorbası,8,4.3
U0600,Zeytinyağlı Enginar,8,4.0
U0600,Yayla Çorbası,6,3.7
U0600,Patates Kızartması,4,4.6
U0600,Karnıyarık,9,4.6
U0600,Pırasa Yemeği,4,3.7
U0600,Rus Salatası,9,4.5
U0600,Tas Kebabı,3,3.2
U0600,Pirinç Pilavı,5,4.4
U0600,Tavuk Şiş,12,3.7
U0600,Düğün Çorbası,13,4.3
U0600,Izgara Balık,13,4.5
U0600,Patates Püresi,12,3.5
U0600,Tavukgöğsü,1,4.7
U0600,İrmik Helvası,15,4.4
U0600,Zeytinyağlı Sarma,9,3.1
U0600,Et Sote,10,3.2
U0600,Tavuk Sote,4,4.4
U0600,İskender Kebap,11,4.0
U0601,Patates Salatası,11,4.0
U0601,İrmik Helvası,15,4.6
U0601,Kazandibi,12,3.1
U0601,Izgara Balık,7,3.2
U0601,Sütlaç,14,3.7
U0601,İskender Kebap,2,4.7
U0601,Köfte,14,4.5
U0602,İskender Kebap,11,4.1
U0602,Fırın Tavuk,2,3.0
U0602,Zeytinyağlı Sarma,9,3.6
U0602,Patates Kızartması,6,4.7
U0602,Et Sote,8,4.7
U0602,Kemalpaşa,8,4.5
U0602,Domates Çorbası,12,3.0
U0602,Tavuk Döner,13,3.4
U0602,Rus Salatası,9,3.5
U0602,Patates Püresi,8,3.3
U0602,Et Döner,15,4.8
U0602,Tarhana Çorbası,14,4.4
U0603,Profiterol,9,3.4
U0603,Pırasa Yemeği,3,3.1
U0603,Mercimek Çorbası,11,4.9
U0603,Zeytinyağlı Enginar,7,4.3
U0603,Kadınbudu Köfte,9,4.3
U0603,Mevsim Salata,9,4.3
U0603,Sebze Graten,10,4.8
U0603,Hamsi Tava,11,4.5
U0603,İmambayıldı,14,4.9
U0603,Ispanak Yemeği,10,3.3
U0603,Makarna,7,4.2
U0604,Sezar Salata,3,3.9
U0604,Patates Salatası,7,4.4
U0604,Domates Çorbası,10,3.2
U0604,Karnıyarık,13,3.6
U0604,Patates Püresi,9,4.6
U0604,Bulgur Pilavı,15,3.5
U0604,Mercimek Köftesi,11,3.0
U0604,Kemalpaşa,8,4.5
U0604,Pirinç Pilavı,7,4.2
U0604,Mevsim Salata,9,3.7
U0604,Orman Kebabı,8,3.6
U0604,İskender Kebap,11,3.9
U0604,Tavuk Şiş,2,3.0
U0604,Zeytinyağlı Taze Fasulye,15,4.5
U0605,Baklava,1,4.1
U0605,Tas Kebabı,1,3.2
U0605,Gavurdağı Salata,6,3.4
U0605,Domates Çorbası,9,4.4
U0605,İmambayıldı,11,4.4
U0605,Tavuk Şiş,10,4.0
U0605,İskender Kebap,6,3.4
U0605,Çoban Salata,8,3.6
U0605,Patates Kızartması,8,3.8
U0605,Nohut,9,4.9
U0605,Ezogelin Çorbası,13,4.0
U0605,Su Böreği,4,3.4
U0605,Makarna,4,3.1
U0605,Karnıyarık,10,4.1
U0605,Piliç Topkapı,12,3.3
U0605,Sütlaç,10,5.0
U0605,Sezar Salata,13,4.6
U0605,Güllaç,12,4.5
U0605,Tavukgöğsü,15,3.1
U0605,Et Sote,6,5.0
U0606,Kadınbudu Köfte,13,4.9
U0606,Rus Salatası,15,4.1
U0606,Tarhana Çorbası,15,4.5
U0606,Patates Salatası,5,4.4
U0606,Tavuk Suyu Çorbası,14,3.2
U0606,İrmik Helvası,15,4.0
U0607,Köfte,6,4.8
U0607,Fırın Tavuk,5,4.2
U0607,Zeytinyağlı Taze Fasulye,5,4.3
U0607,Orman Kebabı,13,4.2
U0607,Kadınbudu Köfte,6,4.9
U0607,İrmik Helvası,7,4.7
U0607,Zeytinyağlı Sarma,10,3.4
U0607,Gavurdağı Salata,5,4.4
U0607,Baklava,15,3.4
U0607,Rus Salatası,11,3.4
U0607,Tavuk Suyu Çorbası,13,4.1
U0607,Hamsi Tava,13,3.5
U0607,Sebze Graten,2,4.6
U0607,Tavukgöğsü,14,4.5
U0607,Ezogelin Çorbası,5,3.6
U0607,Patates Salatası,10,4.0
U0608,Rus Salatası,7,4.4
U0608,Sigara Böreği,6,3.5
U0608,Tavuk Şiş,5,4.8
U0608,Karnıyarık,6,3.7
U0608,Kemalpaşa,10,3.6
U0608,Zeytinyağlı Taze Fasulye,1,4.5
U0608,İskender Kebap,6,4.8
U0608,Zeytinyağlı Enginar,8,3.4
U0608,Çoban Salata,7,4.9
U0608,Et Döner,14,3.0
U0608,Tas Kebabı,9,3.3
U0608,Zeytinyağlı Sarma,10,4.3
U0608,İrmik Helvası,11,3.3
U0608,İmambayıldı,4,3.7
U0608,Hamsi Tava,10,4.8
U0608,Mantar Çorbası,11,3.3
U0608,Ispanak Yemeği,9,3.1
U0609,Patates Kızartması,13,3.2
U0609,Sebze Graten,13,3.5
U0609,Ispanak Yemeği,7,3.7
U0609,Tavuk Sote,10,3.2
U0609,Kazandibi,6,4.1
U0609,Kemalpaşa,6,4.7
U0609,Tavuk Döner,6,3.1
U0609,Tarhana Çorbası,13,4.2
U0609,Fırın Tavuk,13,3.1
U0609,Yayla Çorbası,15,3.3
U0609,Patates Püresi,11,4.9
U0609,Zeytinyağlı Taze Fasulye,10,4.1
U0609,İskender Kebap,14,3.6
U0609,Piliç Topkapı,2,3.5
U0609,Zeytinyağlı Sarma,3,3.1
U0609,Tavuk Suyu Çorbası,6,4.7
U0609,Ton Balıklı Salata,4,4.2
U0610,Gavurdağı Salata,3,4.2
U0610,Zeytinyağlı Enginar,5,3.1
U0610,Zeytinyağlı Taze Fasulye,9,3.4
U0610,Kuru Fasulye,3,4.4
U0610,Revani,11,3.1
U0610,İmambayıldı,7,3.3
U0610,Tavuk Suyu Çorbası,13,3.8
U0610,Patates Püresi,7,4.9
U0610,Domates Çorbası,6,3.1
U0610,Hamsi Tava,11,3.8
U0610,Tavukgöğsü,15,3.1
U0610,Piliç Topkapı,1,3.5
U0610,Izgara Balık,10,4.6
U0610,Yayla Çorbası,2,3.3
U0610,Patates Salatası,3,4.0
U0610,Et Döner,6,4.8
U0610,Kadınbudu Köfte,5,4.5
U0610,İskender Kebap,9,3.4
U0610,Ton Balıklı Salata,15,3.4
U0611,Tavuk Sote,15,4.3
U0611,Orman Kebabı,13,4.4
U0611,Ton Balıklı Salata,14,4.1
U0611,Revani,7,3.5
U0611,Tavuk Döner,6,4.0
U0611,Pirinç Pilavı,2,4.3
U0611,Tas Kebabı,15,3.2
U0612,Zeytinyağlı Taze Fasulye,13,3.4
U0612,Gavurdağı Salata,2,3.0
U0612,Yayla Çorbası,12,4.3
U0612,Nohut,13,3.3
U0612,Tavuk Suyu Çorbası,2,4.6
U0612,Makarna,12,4.9
U0612,Sütlaç,11,4.5
U0612,Pirinç Pilavı,5,4.3
U0613,Pırasa Yemeği,9,3.3
U0613,Sigara Böreği,11,3.7
U0613,Hamsi Tava,15,4.9
U0613,Su Böreği,15,4.3
U0613,İrmik Helvası,2,4.8
U0613,Mercimek Çorbası,8,4.1
U0613,Tavuk Sote,1,4.9
U0613,Mevsim Salata,3,4.9
U0613,Sebze Graten,13,4.3
U0613,Piliç Topkapı,11,3.7
U0613,Çoban Salata,3,5.0
U0613,İmambayıldı,10,3.0
U0613,Revani,11,4.5
U0613,Sütlaç,2,3.6
U0613,Ton Balıklı Salata,5,3.3
U0613,Izgara Balık,9,4.5
U0613,Nohut,1,4.0
U0613,Tavuk Döner,9,4.9
U0614,Fırın Tavuk,2,3.2
U0614,Zeytinyağlı Sarma,9,3.7
U0614,Karnıyarık,4,3.6
U0614,Domates Çorbası,9,4.3
U0614,Hamsi Tava,4,4.8
U0614,Tavuk Suyu Çorbası,13,3.6
U0614,Patates Kızartması,1,4.6
U0614,Çoban Salata,14,4.7
U0614,Tarhana Çorbası,11,3.2
U0615,Nohut,1,3.4
U0615,İmambayıldı,4,4.6
U0615,Gavurdağı Salata,8,4.6
U0615,Bulgur Pilavı,3,3.5
U0615,İrmik Helvası,12,4.9
U0615,Sütlaç,12,4.5
U0615,Kazandibi,13,4.0
U0615,Su Böreği,11,3.2
U0615,Güllaç,8,3.6
U0615,Kemalpaşa,2,4.6
U0615,Pırasa Yemeği,14,4.0
U0616,Mercimek Çorbası,2,4.5
U0616,Makarna,12,4.6
U0616,Revani,9,3.4
U0616,Nohut,3,4.3
U0616,Mevsim Salata,4,4.5
U0616,Gavurdağı Salata,14,3.6
U0616,Domates Çorbası,14,4.2
U0616,İmambayıldı,14,3.4
U0616,Et Döner,7,3.9
U0616,Kemalpaşa,12,4.5
U0616,Pirinç Pilavı,2,4.1
U0616,İrmik Helvası,4,5.0
U0616,Ton Balıklı Salata,9,4.7
U0616,Kuru Fasulye,2,5.0
U0617,Kemalpaşa,4,4.9
U0617,İskender Kebap,5,4.6
U0617,Pirinç Pilavı,12,3.2
U0617,Aşure,15,4.5
U0617,Sigara Böreği,2,4.7
U0617,Su Böreği,1,3.0
U0617,Baklava,9,4.2
U0617,Tavuk Sote,7,4.6
U0617,Çoban Salata,12,3.5
U0617,Güllaç,11,4.8
U0618,Ezogelin Çorbası,13,3.3
U0618,Gavurdağı Salata,4,3.5
U0618,Mevsim Salata,4,4.2
U0618,Izgara Balık,9,4.4
U0618,Mercimek Köftesi,10,4.2
U0618,Sütlaç,9,3.6
U0618,İrmik Helvası,14,3.6
U0618,Fırın Tavuk,1,3.1
U0618,Mantar Çorbası,4,3.0
U0618,Güllaç,14,3.5
U0618,Köfte,8,4.1
U0618,Tavuk Sote,15,3.9
U0618,Sezar Salata,15,4.7
U0618,Zeytinyağlı Sarma,14,4.2
U0619,Baklava,12,3.2
U0619,Mercimek Çorbası,2,4.6
U0619,Düğün Çorbası,6,3.5
U0619,Güllaç,1,4.8
U0619,Gavurdağı Salata,5,4.5
U0619,Piliç Topkapı,11,3.0
U0619,Bulgur Pilavı,10,4.9
U0619,Pirinç Pilavı,7,3.7
U0619,Kemalpaşa,1,5.0
U0619,Et Döner,8,3.0
U0620,Su Böreği,9,3.4
U0620,Aşure,9,4.0
U0620,Nohut,11,4.5
U0620,Zeytinyağlı Taze Fasulye,14,3.5
U0620,Ton Balıklı Salata,2,3.6
U0620,Zeytinyağlı Enginar,9,3.8
U0620,Tavukgöğsü,9,3.8
U0620,Karnıyarık,5,4.6
U0620,Çoban Salata,10,4.4
U0620,Patates Kızartması,8,3.8
U0620,Bulgur Pilavı,13,3.8
U0620,Tas Kebabı,8,3.1
U0621,Tavukgöğsü,11,3.5
U0621,Profiterol,8,3.5
U0621,Mevsim Salata,6,4.5
U0621,Patates Salatası,14,4.8
U0621,Gavurdağı Salata,3,4.0
U0621,Karnıyarık,14,4.7
U0621,İskender Kebap,15,3.8
U0621,Sigara Böreği,13,3.6
U0622,Tavukgöğsü,5,4.0
U0622,Et Sote,15,4.0
U0622,Zeytinyağlı Enginar,10,3.6
U0622,İmambayıldı,8,3.6
U0622,Profiterol,10,3.1
U0622,Kemalpaşa,12,3.2
U0622,Ton Balıklı Salata,1,4.8
U0622,Çoban Salata,13,4.4
U0622,Zeytinyağlı Taze Fasulye,5,4.5
U0622,Makarna,7,4.9
U0622,Rus Salatası,6,3.2
U0622,Tas Kebabı,5,3.3
U0622,Gavurdağı Salata,2,4.7
U0622,Mantar Çorbası,11,4.5
U0622,Sezar Salata,11,4.5
U0622,Kazandibi,13,4.9
U0622,Sigara Böreği,9,4.7
U0622,Patates Püresi,11,3.2
U0622,Köfte,6,4.7
U0623,Mevsim Salata,1,3.1
U0623,Sebze Graten,12,3.2
U0623,Patates Püresi,12,3.2
U0623,Patates Kızartması,15,4.9
U0623,Ispanak Yemeği,9,4.4
U0623,Tas Kebabı,4,4.1
U0623,Rus Salatası,11,3.4
U0623,Karnıyarık,4,3.3
U0623,Sigara Böreği,6,3.7
U0623,Et Sote,13,3.9
U0623,Kuru Fasulye,8,4.7
U0623,Zeytinyağlı Sarma,4,4.3
U0623,Patates Salatası,10,4.3
U0623,Et Döner,8,4.7
U0624,Zeytinyağlı Enginar,3,4.4
U0624,Gavurdağı Salata,5,4.6
U0624,Çoban Salata,9,4.2
U0624,Kadınbudu Köfte,13,4.8
U0624,Ispanak Yemeği,11,4.5
U0624,Tavuk Döner,14,3.9
U0624,Aşure,11,3.0
U0624,Güllaç,13,4.6
U0624,Domates Çorbası,13,4.2
U0624,Patates Püresi,3,3.1
U0624,Et Sote,2,3.7
U0624,Su Böreği,12,4.8
U0624,Mantar Çorbası,3,3.4
U0624,İskender Kebap,1,4.5
U0624,Düğün Çorbası,10,4.0
U0624,Tavuk Sote,6,3.4
U0624,Patates Salatası,15,3.1
U0624,Fırın Tavuk,13,3.7
U0625,Nohut,13,3.3
U0625,Aşure,12,3.6
U0625,Köfte,7,4.5
U0625,Profiterol,3,4.2
U0625,Domates Çorbası,8,4.7
U0625,Sigara Böreği,6,3.9
U0626,Nohut,10,3.7
U0626,Aşure,9,3.4
U0626,Ezogelin Çorbası,12,4.3
U0626,Gavurdağı Salata,15,3.6
U0626,Fırın Tavuk,10,3.3
U0626,Zeytinyağlı Enginar,3,3.8
U0626,Sigara Böreği,2,4.9
U0626,Revani,2,3.9
U0626,Tavuk Döner,12,4.8
U0627,Pırasa Yemeği,12,3.4
U0627,Revani,3,4.8
U0627,Ispanak Yemeği,10,4.9
U0627,Fırın Tavuk,14,3.1
U0627,Tavuk Döner,1,4.1
U0627,İmambayıldı,13,4.9
U0627,Sütlaç,10,3.3
U0627,Makarna,5,3.6
U0627,Zeytinyağlı Enginar,11,3.8
U0627,Mercimek Köftesi,11,3.7
U0627,Sezar Salata,2,3.8
U0627,Mercimek Çorbası,1,3.9
U0627,İskender Kebap,8,4.1
U0627,Tas Kebabı,8,3.8
U0627,Patates Salatası,14,4.0
U0628,Güllaç,14,3.7
U0628,Fırın Tavuk,12,3.6
U0628,İskender Kebap,10,4.2
U0628,Zeytinyağlı Enginar,11,4.2
U0628,Tavuk Döner,9,3.8
U0628,Zeytinyağlı Taze Fasulye,6,5.0
U0628,Makarna,6,4.4
U0628,Tavuk Şiş,2,3.9
U0628,Tavukgöğsü,1,4.1
U0628,Aşure,15,5.0
U0629,Aşure,10,3.4
U0629,Ezogelin Çorbası,13,4.3
U0629,Mantar Çorbası,14,4.6
U0629,Sezar Salata,10,4.2
U0629,Sigara Böreği,10,3.9
U0629,Tavuk Suyu Çorbası,5,4.4
U0629,Fırın Tavuk,2,4.8
U0629,Baklava,11,4.5
U0629,Kadınbudu Köfte,4,3.0
U0629,Piliç Topkapı,12,3.2
U0629,Tavukgöğsü,8,3.6
U0629,Ispanak Yemeği,8,3.8
U0629,Mercimek Köftesi,14,3.4
U0630,Sezar Salata,10,3.6
U0630,Izgara Balık,9,3.9
U0630,Et Sote,3,4.5
U0630,Baklava,9,3.5
U0630,Domates Çorbası,6,4.0
U0630,Tavuk Suyu Çorbası,11,5.0
U0631,Düğün Çorbası,15,3.8
U0631,Tavukgöğsü,8,3.1
U0631,Çoban Salata,4,4.5
U0631,Tavuk Döner,5,3.8
U0631,Ispanak Yemeği,2,4.1
U0631,Ton Balıklı Salata,13,3.8
U0631,Et Döner,8,3.8
U0631,Tarhana Çorbası,1,3.3
U0631,Zeytinyağlı Taze Fasulye,12,4.2
U0631,Orman Kebabı,12,3.7
U0631,Nohut,10,4.8
U0632,Güllaç,12,4.7
U0632,Ezogelin Çorbası,12,4.9
U0632,Profiterol,7,3.8
U0632,Kadınbudu Köfte,5,3.1
U0632,Gavurdağı Salata,3,3.5
U0632,Mercimek Köftesi,6,4.1
U0632,Su Böreği,10,4.5
U0632,Karnıyarık,15,3.9
U0632,Makarna,14,4.8
U0632,Et Döner,9,4.0
U0632,Izgara Balık,13,3.8
U0632,İmambayıldı,13,3.7
U0632,Mantar Çorbası,6,3.4
U0632,Sütlaç,15,4.5
U0632,Piliç Topkapı,1,4.9
U0633,Ton Balıklı Salata,4,3.6
U0633,Sezar Salata,8,4.3
U0633,Patates Salatası,4,4.2
U0633,Revani,9,3.6
U0633,Patates Püresi,12,3.8
U0633,Mercimek Köftesi,9,4.1
U0633,Tavuk Şiş,14,4.4
U0633,Zeytinyağlı Taze Fasulye,9,3.4
U0633,Mantar Çorbası,8,3.8
U0633,Tavuk Döner,8,3.0
U0633,Pırasa Yemeği,15,4.6
U0633,Orman Kebabı,10,3.9
U0634,Çoban Salata,12,4.6
U0634,Sezar Salata,11,4.2
U0634,Pırasa Yemeği,15,4.2
U0634,Pirinç Pilavı,10,3.2
U0634,Izgara Balık,1,3.3
U0634,Makarna,15,3.1
U0634,Gavurdağı Salata,15,4.5
U0634,Zeytinyağlı Taze Fasulye,13,4.7
U0635,Karnıyarık,15,4.9
U0635,Mevsim Salata,8,3.9
U0635,Mercimek Çorbası,15,5.0
U0635,Tas Kebabı,3,3.3
U0635,Kazandibi,7,3.1
U0635,Bulgur Pilavı,5,3.2
U0635,Izgara Balık,7,4.7
U0635,Baklava,5,4.3
U0635,Sigara Böreği,1,3.6
U0635,Domates Çorbası,6,4.4
U0635,Patates Püresi,10,3.5
U0635,İrmik Helvası,5,5.0
U0636,Sigara Böreği,8,3.4
U0636,Mantar Çorbası,8,4.8
U0636,Patates Püresi,8,4.7
U0636,Tavuk Sote,10,4.7
U0636,İskender Kebap,11,4.0
U0636,Düğün Çorbası,6,4.3
U0636,Zeytinyağlı Enginar,5,3.7
U0636,Tavuk Döner,15,4.0
U0636,Güllaç,8,3.6
U0636,Sezar Salata,11,3.1
U0636,Mercimek Köftesi,1,4.0
U0636,Pırasa Yemeği,14,4.5
U0636,Tarhana Çorbası,10,4.0
U0636,Orman Kebabı,12,4.5
U0636,Yayla Çorbası,7,4.3
U0636,Kuru Fasulye,3,4.3
U0636,Kemalpaşa,10,3.7
U0636,Kazandibi,13,4.1
U0637,Piliç Topkapı,7,4.5
U0637,Sütlaç,4,3.1
U0637,Fırın Tavuk,13,4.7
U0637,İskender Kebap,10,3.7
U0637,Çoban Salata,8,4.3
U0637,Mercimek Çorbası,13,4.1
U0637,Hamsi Tava,4,3.1
U0637,Gavurdağı Salata,6,4.6
U0637,Tavuk Sote,5,3.4
U0637,Makarna,10,4.1
U0637,Patates Püresi,14,3.9
U0637,Ton Balıklı Salata,14,4.6
U0637,Tavukgöğsü,4,3.5
U0637,Rus Salatası,14,3.4
U0637,Tavuk Şiş,3,4.7
U0637,Ispanak Yemeği,7,4.0
U0637,Ezogelin Çorbası,14,3.8
U0637,Aşure,2,3.8
U0637,Revani,7,3.2
U0638,Tavuk Sote,4,4.2
U0638,Hamsi Tava,5,3.5
U0638,Çoban Salata,8,4.8
U0638,Sigara Böreği,10,4.9
U0638,Tas Kebabı,8,4.4
U0638,Fırın Tavuk,14,3.7
U0638,Kadınbudu Köfte,2,3.8
U0639,Patates Salatası,7,4.0
U0639,Çoban Salata,11,3.4
U0639,Tavuk Sote,8,3.9
U0639,Tavuk Döner,5,3.5
U0639,Zeytinyağlı Taze Fasulye,14,4.0
U0639,Gavurdağı Salata,8,3.4
U0639,Aşure,1,3.5
U0639,Güllaç,10,3.3
U0639,Tavuk Şiş,5,3.4
U0639,Hamsi Tava,5,3.8
U0639,Fırın Tavuk,11,3.5
U0639,Rus Salatası,8,4.1
U0639,Köfte,5,4.5
U0639,Kazandibi,5,3.1
U0639,Sigara Böreği,14,4.4
U0639,İrmik Helvası,10,4.2
U0639,Baklava,13,4.1
U0640,Rus Salatası,5,3.4
U0640,Tavuk Suyu Çorbası,1,4.1
U0640,Ton Balıklı Salata,2,4.4
U0640,Su Böreği,1,3.0
U0640,Tavuk Döner,15,4.6
U0640,Sebze Graten,7,4.9
U0640,Domates Çorbası,8,5.0
U0640,Zeytinyağlı Sarma,10,4.1
U0640,Kadınbudu Köfte,3,4.4
U0640,Nohut,9,3.4
U0640,Tavukgöğsü,5,3.9
U0640,Mercimek Çorbası,10,3.6
U0640,Çoban Salata,10,4.2
U0640,Kemalpaşa,13,4.7
U0640,Tas Kebabı,10,4.4
U0640,Sigara Böreği,6,3.4
U0640,Piliç Topkapı,7,4.9
U0640,Ispanak Yemeği,6,3.4
U0640,Yayla Çorbası,3,4.3
U0640,Zeytinyağlı Taze Fasulye,5,4.5
U0641,Bulgur Pilavı,9,4.5
U0641,Çoban Salata,9,3.9
U0641,Patates Kızartması,3,4.0
U0641,Tas Kebabı,15,3.9
U0641,Sigara Böreği,15,4.0
U0641,İrmik Helvası,11,3.3
U0641,Sezar Salata,8,4.5
U0641,Mevsim Salata,11,4.1
U0641,Sebze Graten,5,3.3
U0642,Revani,12,3.2
U0642,Et Sote,2,3.6
U0642,Güllaç,14,3.7
U0642,Kadınbudu Köfte,13,4.0
U0642,Ispanak Yemeği,13,3.5
U0643,Fırın Tavuk,10,4.1
U0643,Izgara Balık,9,3.5
U0643,Profiterol,14,4.9
U0643,Mevsim Salata,6,4.5
U0643,Sütlaç,4,3.7
U0643,Tavuk Suyu Çorbası,3,4.7
U0643,Ispanak Yemeği,15,4.7
U0643,Kazandibi,6,3.5
U0643,Patates Kızartması,11,4.5
U0643,Su Böreği,12,3.9
U0643,İmambayıldı,14,4.1
U0643,Yayla Çorbası,10,3.0
U0643,Hamsi Tava,3,4.1
U0643,Mercimek Köftesi,11,3.5
U0643,Revani,10,3.6
U0643,Domates Çorbası,12,3.6
U0644,Mevsim Salata,13,4.2
U0644,Sütlaç,4,3.3
U0644,Rus Salatası,12,3.6
U0644,Sezar Salata,10,5.0
U0644,Tarhana Çorbası,9,4.4
U0644,Zeytinyağlı Taze Fasulye,11,3.6
U0644,Kazandibi,6,4.1
U0645,Tas Kebabı,1,4.2
U0645,Tavuk Döner,9,3.6
U0645,Kemalpaşa,15,4.4
U0645,Ispanak Yemeği,6,5.0
U0645,Mevsim Salata,9,3.6
U0645,İrmik Helvası,7,4.0
U0645,Pirinç Pilavı,5,3.6
U0645,Tavuk Suyu Çorbası,3,4.6
U0645,Sezar Salata,4,3.1
U0645,Gavurdağı Salata,8,3.5
U0645,Ezogelin Çorbası,4,4.7
U0645,Hamsi Tava,9,4.3
U0645,İmambayıldı,5,3.1
U0645,İskender Kebap,7,4.0
U0645,Sütlaç,11,4.0
U0645,Zeytinyağlı Taze Fasulye,12,4.2
U0645,Mercimek Köftesi,4,3.4
U0645,Piliç Topkapı,14,3.2
U0645,Mantar Çorbası,12,4.1
U0645,Kadınbudu Köfte,10,3.8
U0646,Tas Kebabı,11,4.3
U0646,Çoban Salata,8,3.2
U0646,Tavuk Suyu Çorbası,10,4.5
U0646,Pirinç Pilavı,9,3.1
U0646,İskender Kebap,9,3.3
U0646,Domates Çorbası,7,4.8
U0646,İmambayıldı,5,3.9
U0646,Makarna,13,4.7
U0646,Baklava,9,3.5
U0646,Patates Salatası,11,3.7
U0646,Ispanak Yemeği,3,3.9
U0646,Profiterol,6,4.6
U0646,Sebze Graten,4,3.3
U0646,Güllaç,3,3.7
U0646,Tarhana Çorbası,5,3.9
U0646,Mantar Çorbası,8,3.9
U0646,Sütlaç,10,4.2
U0647,Kadınbudu Köfte,9,4.3
U0647,Su Böreği,12,4.8
U0647,Patates Püresi,13,4.4
U0647,Et Sote,1,3.9
U0647,Kemalpaşa,3,4.5
U0647,Patates Kızartması,7,3.4
U0647,Tavukgöğsü,10,3.2
U0647,Sigara Böreği,6,3.2
U0647,Aşure,6,4.2
U0647,Fırın Tavuk,12,4.5
U0647,Tas Kebabı,5,4.3
U0647,Kuru Fasulye,15,3.9
U0647,Sebze Graten,4,4.3
U0647,Nohut,9,4.3
U0647,Revani,15,3.2
U0647,Patates Salatası,4,3.3
U0648,Sezar Salata,10,4.5
U0648,Tavukgöğsü,15,3.3
U0648,Et Döner,14,4.6
U0648,Pırasa Yemeği,5,4.5
U0648,Patates Kızartması,4,3.5
U0648,Kadınbudu Köfte,7,4.1
U0648,Karnıyarık,12,3.1
U0648,Piliç Topkapı,12,3.8
U0648,Mantar Çorbası,1,4.8
U0648,İmambayıldı,8,3.8
U0648,Izgara Balık,2,3.8
U0648,Tavuk Döner,8,3.8
U0648,Rus Salatası,13,4.1
U0648,Patates Salatası,6,4.3
U0648,Yayla Çorbası,10,3.6
U0648,Sigara Böreği,5,3.2
U0649,Kemalpaşa,5,3.4
U0649,Yayla Çorbası,13,4.1
U0649,Köfte,3,3.4
U0649,Fırın Tavuk,1,4.0
U0649,Nohut,15,4.2
U0650,Tavuk Şiş,5,4.1
U0650,Yayla Çorbası,9,3.1
U0650,Sebze Graten,3,4.8
U0650,Profiterol,1,4.6
U0650,Izgara Balık,10,4.7
U0650,Et Sote,12,4.5
U0650,Güllaç,6,4.3
U0650,Patates Kızartması,8,4.5
U0650,Zeytinyağlı Taze Fasulye,15,4.0
U0650,Kemalpaşa,13,4.1
U0650,Patates Püresi,13,4.6
U0650,Tas Kebabı,6,4.2
U0650,Kuru Fasulye,13,4.9
U0650,Pirinç Pilavı,10,4.7
U0650,Et Döner,5,4.3
U0650,Orman Kebabı,2,4.3
U0650,Ispanak Yemeği,12,3.0
U0651,Sütlaç,14,4.3
U0651,Gavurdağı Salata,10,4.3
U0651,Et Sote,5,4.7
U0651,Karnıyarık,6,3.4
U0651,Zeytinyağlı Enginar,4,3.1
U0651,Aşure,1,3.8
U0652,Güllaç,4,3.5
U0652,Mercimek Çorbası,9,3.3
U0652,Kazandibi,8,4.8
U0652,Fırın Tavuk,14,3.8
U0652,Su Böreği,2,4.8
U0652,Profiterol,3,4.3
U0652,Tavuk Döner,7,4.8
U0652,Nohut,14,4.1
U0652,Et Sote,11,3.8
U0652,Yayla Çorbası,4,3.5
U0652,Pirinç Pilavı,9,4.6
U0652,Patates Salatası,12,4.4
U0652,Ton Balıklı Salata,7,3.3
U0653,Ton Balıklı Salata,8,3.7
U0653,Patates Salatası,11,4.8
U0653,Mercimek Köftesi,9,3.2
U0653,Ispanak Yemeği,1,3.6
U0653,Kemalpaşa,11,3.1
U0653,Tavuk Suyu Çorbası,9,4.5
U0653,Mercimek Çorbası,8,3.2
U0653,Pırasa Yemeği,4,3.8
U0653,Yayla Çorbası,8,4.6
U0653,Gavurdağı Salata,4,5.0
U0653,Zeytinyağlı Sarma,6,4.7
U0653,Patates Kızartması,11,4.5
U0653,Tarhana Çorbası,5,3.2
U0653,Et Sote,13,3.4
U0653,Düğün Çorbası,14,3.8
U0653,Kazandibi,5,3.2
U0653,Zeytinyağlı Taze Fasulye,13,3.4
U0653,Köfte,10,4.1
U0653,Domates Çorbası,11,3.4
U0653,Çoban Salata,13,4.5
U0654,İskender Kebap,11,3.1
U0654,İrmik Helvası,11,4.4
U0654,Ispanak Yemeği,5,3.8
U0654,Aşure,9,3.7
U0654,Revani,2,4.3
U0654,Patates Püresi,1,4.2
U0654,Kadınbudu Köfte,14,4.4
U0654,Su Böreği,14,3.5
U0654,Tavuk Suyu Çorbası,9,3.4
U0654,Mercimek Köftesi,1,4.6
U0654,Baklava,3,4.4
U0654,Rus Salatası,14,3.9
U0654,Yayla Çorbası,5,4.7
U0655,Ton Balıklı Salata,7,3.4
U0655,Mantar Çorbası,8,4.9
U0655,Aşure,5,3.8
U0655,Sezar Salata,9,3.9
U0655,Tavukgöğsü,5,3.2
U0655,Bulgur Pilavı,7,3.1
U0655,İskender Kebap,3,4.6
U0655,Zeytinyağlı Enginar,14,4.8
U0655,Tavuk Şiş,5,4.9
U0655,Tavuk Suyu Çorbası,11,3.2
U0655,Rus Salatası,8,5.0
U0655,Gavurdağı Salata,13,4.5
U0655,Ezogelin Çorbası,6,3.3
U0655,Kadınbudu Köfte,5,4.0
U0655,Kemalpaşa,12,4.4
U0655,Yayla Çorbası,7,4.6
U0655,Ispanak Yemeği,9,3.7
U0655,Makarna,8,4.0
U0656,Kemalpaşa,15,3.4
U0656,Fırın Tavuk,13,4.5
U0656,Tas Kebabı,13,3.5
U0656,Karnıyarık,2,4.8
U0656,Piliç Topkapı,10,4.7
U0656,Mantar Çorbası,11,4.5
U0656,Pırasa Yemeği,10,4.1
U0656,Tavukgöğsü,12,3.5
U0657,Mantar Çorbası,3,4.1
U0657,Kazandibi,10,3.7
U0657,Sezar Salata,14,4.8
U0657,Tavuk Suyu Çorbası,1,4.9
U0657,Sebze Graten,5,3.2
U0657,Ezogelin Çorbası,10,3.5
U0657,Bulgur Pilavı,13,4.9
U0657,Tas Kebabı,7,4.2
U0657,Karnıyarık,8,3.2
U0658,Et Döner,14,4.5
U0658,Sebze Graten,3,3.7
U0658,Tas Kebabı,13,4.9
U0658,Gavurdağı Salata,3,3.6
U0658,Revani,15,4.3
U0659,Zeytinyağlı Enginar,1,4.0
U0659,Et Sote,11,3.3
U0659,Tavuk Şiş,8,4.4
U0659,Tavuk Suyu Çorbası,5,3.7
U0659,Yayla Çorbası,3,4.2
U0659,Çoban Salata,1,4.6
U0659,Bulgur Pilavı,1,4.1
U0659,Nohut,14,5.0
U0659,Zeytinyağlı Taze Fasulye,2,3.5
U0659,Izgara Balık,5,4.7
U0660,Su Böreği,11,3.1
U0660,Güllaç,2,4.2
U0660,Patates Püresi,3,3.3
U0660,İrmik Helvası,14,3.0
U0660,Bulgur Pilavı,8,3.1
U0660,Mantar Çorbası,15,4.2
U0660,Mevsim Salata,12,4.3
U0660,Fırın Tavuk,10,3.6
U0660,Tavuk Suyu Çorbası,4,4.2
U0660,Kuru Fasulye,7,4.9
U0660,Tavuk Şiş,8,4.8
U0660,Hamsi Tava,11,4.1
U0660,Izgara Balık,4,3.2
U0661,Ezogelin Çorbası,8,4.7
U0661,Baklava,9,4.7
U0661,Patates Salatası,15,4.5
U0661,Bulgur Pilavı,3,4.1
U0661,Mevsim Salata,4,4.0
U0661,Sebze Graten,4,3.7
U0661,Tavuk Şiş,4,4.9
U0661,Su Böreği,4,4.3
U0661,Kazandibi,8,3.8
U0661,Pırasa Yemeği,9,3.3
U0661,Ispanak Yemeği,12,3.7
U0661,Tas Kebabı,8,4.5
U0662,Karnıyarık,14,3.5
U0662,Domates Çorbası,11,4.4
U0662,Tarhana Çorbası,15,4.8
U0662,İskender Kebap,9,3.0
U0662,İrmik Helvası,4,3.1
U0662,Tavuk Döner,7,4.9
U0662,Kazandibi,13,3.9
U0662,Zeytinyağlı Enginar,5,3.4
U0662,Çoban Salata,5,4.5
U0662,Tas Kebabı,3,4.5
U0662,Piliç Topkapı,11,4.3
U0662,Ezogelin Çorbası,10,4.7
U0663,Tavukgöğsü,6,3.7
U0663,Sigara Böreği,11,3.4
U0663,Orman Kebabı,14,4.0
U0663,İmambayıldı,15,4.4
U0663,Karnıyarık,5,3.6
U0663,Ispanak Yemeği,13,3.7
U0663,Baklava,4,4.9
U0663,Kadınbudu Köfte,7,3.2
U0663,Sütlaç,15,4.9
U0663,Patates Kızartması,3,4.9
U0663,Ton Balıklı Salata,14,3.5
U0664,Ezogelin Çorbası,10,4.7
U0664,Patates Püresi,15,3.5
U0664,Izgara Balık,14,4.8
U0664,Orman Kebabı,10,3.2
U0664,Kadınbudu Köfte,4,4.7
U0664,Gavurdağı Salata,1,3.8
U0664,Patates Kızartması,8,3.2
U0664,Tavuk Suyu Çorbası,2,3.2
U0664,Mantar Çorbası,8,3.8
U0664,Ispanak Yemeği,5,5.0
U0664,Bulgur Pilavı,9,3.1
U0664,Piliç Topkapı,11,4.9
U0664,Et Sote,14,4.3
U0664,Et Döner,8,3.3
U0665,Bulgur Pilavı,1,4.9
U0665,Pırasa Yemeği,5,4.1
U0665,Et Döner,4,4.0
U0665,Patates Kızartması,6,5.0
U0665,Kadınbudu Köfte,13,3.3
U0665,Tas Kebabı,6,3.5
U0665,İmambayıldı,9,4.6
U0665,Kuru Fasulye,11,4.6
U0665,Sigara Böreği,6,4.0
U0665,Köfte,14,3.9
U0665,Revani,15,3.8
U0665,Sütlaç,5,4.8
U0665,Hamsi Tava,7,3.2
U0665,Kemalpaşa,13,4.5
U0665,Orman Kebabı,3,4.1
U0665,Mantar Çorbası,8,4.2
U0665,Tavuk Sote,1,4.9
U0666,Su Böreği,8,4.7
U0666,Makarna,5,3.6
U0666,Hamsi Tava,4,3.7
U0666,İskender Kebap,10,4.7
U0666,Ezogelin Çorbası,7,4.3
U0666,Baklava,6,3.4
U0666,Patates Kızartması,13,5.0
U0666,Bulgur Pilavı,14,3.1
U0666,Mevsim Salata,3,4.1
U0666,Et Döner,2,3.3
U0666,Çoban Salata,14,4.7
U0666,Mantar Çorbası,9,3.5
U0666,İrmik Helvası,9,4.9
U0666,Tavuk Sote,4,4.5
U0667,Gavurdağı Salata,13,4.3
U0667,Zeytinyağlı Enginar,11,4.9
U0667,Orman Kebabı,10,4.3
U0667,İrmik Helvası,3,3.4
U0667,Yayla Çorbası,7,4.2
U0667,Piliç Topkapı,12,4.3
U0667,Et Döner,10,4.8
U0667,Kemalpaşa,14,4.2
U0667,Izgara Balık,1,3.2
U0667,Tas Kebabı,13,4.1
U0667,Tavuk Döner,10,3.3
U0668,Patates Kızartması,14,3.5
U0668,Sigara Böreği,1,4.8
U0668,Fırın Tavuk,14,4.0
U0668,Revani,8,3.6
U0668,Makarna,9,3.7
U0668,Gavurdağı Salata,5,4.0
U0668,Tas Kebabı,6,3.7
U0668,Tavukgöğsü,9,4.1
U0668,Tavuk Suyu Çorbası,12,3.4
U0669,Sigara Böreği,15,3.2
U0669,Fırın Tavuk,1,4.5
U0669,Piliç Topkapı,11,3.0
U0669,Aşure,9,4.2
U0669,Revani,7,3.3
U0669,Kuru Fasulye,2,4.8
U0669,Tavuk Sote,7,4.7
U0669,Hamsi Tava,14,3.7
U0669,Mantar Çorbası,7,4.6
U0669,Mevsim Salata,12,3.5
U0669,Izgara Balık,12,4.4
U0669,Zeytinyağlı Sarma,11,3.2
U0669,Yayla Çorbası,6,3.1
U0669,Profiterol,3,3.1
U0669,Nohut,10,3.7
U0669,Kadınbudu Köfte,4,4.0
U0669,Tavukgöğsü,9,5.0
U0669,Zeytinyağlı Enginar,4,4.3
U0669,Domates Çorbası,12,4.8
U0670,Düğün Çorbası,3,4.8
U0670,Tavukgöğsü,8,4.3
U0670,Nohut,4,3.1
U0670,Domates Çorbası,4,3.5
U0670,Makarna,14,3.5
U0670,Et Döner,10,5.0
U0671,Aşure,6,3.6
U0671,Patates Püresi,13,3.6
U0671,Makarna,15,4.5
U0671,Patates Salatası,15,3.9
U0671,Kuru Fasulye,14,4.1
U0671,Izgara Balık,3,4.2
U0671,Zeytinyağlı Sarma,14,4.7
U0671,Tarhana Çorbası,10,3.6
U0671,Sebze Graten,14,3.7
U0671,Mantar Çorbası,10,4.1
U0671,Kadınbudu Köfte,5,4.1
U0671,Düğün Çorbası,13,3.8
U0671,Revani,8,3.8
U0671,Ezogelin Çorbası,10,4.1
U0672,Yayla Çorbası,10,4.7
U0672,Kuru Fasulye,13,4.8
U0672,Tavuk Döner,3,4.0
U0672,Hamsi Tava,3,4.5
U0672,Rus Salatası,15,3.8
U0672,Bulgur Pilavı,3,3.3
U0672,İmambayıldı,7,4.7
U0672,Düğün Çorbası,14,3.2
U0672,Zeytinyağlı Enginar,4,3.4
U0672,Pırasa Yemeği,4,4.6
U0672,Kazandibi,6,3.4
U0672,Tarhana Çorbası,15,3.8
U0672,Et Sote,2,4.5
U0672,Çoban Salata,15,4.2
U0673,İrmik Helvası,13,4.5
U0673,Zeytinyağlı Taze Fasulye,10,4.2
U0673,Kazandibi,7,4.4
U0673,Izgara Balık,14,4.0
U0673,Rus Salatası,1,3.5
U0673,Revani,4,4.4
U0673,İmambayıldı,4,4.7
U0674,Mevsim Salata,5,4.4
U0674,Güllaç,4,3.6
U0674,Kemalpaşa,11,4.4
U0674,Orman Kebabı,1,3.4
U0674,Sebze Graten,5,4.2
U0674,Tavuk Şiş,8,4.5
U0674,Ezogelin Çorbası,11,3.1
U0674,Profiterol,9,3.0
U0674,Aşure,10,3.8
U0674,Sigara Böreği,10,3.2
U0674,Rus Salatası,10,3.3
U0674,Kadınbudu Köfte,7,4.8
U0674,Tavuk Döner,6,3.6
U0674,Yayla Çorbası,15,3.3
U0674,Mantar Çorbası,2,5.0
U0674,Zeytinyağlı Sarma,9,4.6
U0674,Makarna,13,3.9
U0674,Kazandibi,4,4.2
U0675,Kadınbudu Köfte,13,3.8
U0675,Mercimek Köftesi,1,3.3
U0675,Ezogelin Çorbası,2,4.8
U0675,Çoban Salata,3,3.9
U0675,Kazandibi,14,3.8
U0675,Tavuk Döner,13,4.2
U0675,Sezar Salata,7,4.7
U0676,Sütlaç,5,4.8
U0676,Ispanak Yemeği,4,3.7
U0676,Tavuk Şiş,9,3.6
U0676,Ezogelin Çorbası,3,3.3
U0676,Mercimek Çorbası,4,4.7
U0676,Piliç Topkapı,11,3.0
U0676,İmambayıldı,6,4.5
U0676,Zeytinyağlı Enginar,2,4.2
U0676,Pirinç Pilavı,9,4.2
U0676,Mevsim Salata,6,3.2
U0676,İrmik Helvası,9,4.7
U0676,Bulgur Pilavı,7,3.6
U0676,Patates Kızartması,9,3.6
U0676,Karnıyarık,5,3.9
U0676,Çoban Salata,15,4.1
U0676,Fırın Tavuk,12,3.2
U0677,Tarhana Çorbası,4,5.0
U0677,Zeytinyağlı Taze Fasulye,11,4.2
U0677,Orman Kebabı,7,4.9
U0677,Köfte,12,4.7
U0677,İskender Kebap,9,4.0
U0677,Düğün Çorbası,11,3.7
U0677,Tavuk Döner,7,3.4
U0677,İmambayıldı,15,4.3
U0677,Patates Kızartması,11,3.2
U0677,Kemalpaşa,9,4.2
U0677,Ezogelin Çorbası,15,5.0
U0677,Aşure,12,4.8
U0677,Güllaç,7,4.5
U0677,Pırasa Yemeği,11,4.8
U0677,Tas Kebabı,6,3.4
U0677,Tavuk Sote,10,4.8
U0677,Tavukgöğsü,11,3.7
U0677,Karnıyarık,7,4.6
U0678,Revani,6,4.7
U0678,Kemalpaşa,14,3.6
U0678,Patates Püresi,4,4.1
U0678,Düğün Çorbası,3,3.9
U0678,İskender Kebap,10,4.0
U0678,Sigara Böreği,10,4.2
U0678,Tavukgöğsü,3,4.3
U0678,Pırasa Yemeği,11,3.5
U0678,Kazandibi,12,3.2
U0678,Piliç Topkapı,4,4.7
U0678,Çoban Salata,9,3.2
U0678,Gavurdağı Salata,4,3.0
U0678,Ezogelin Çorbası,15,3.2
U0678,Mevsim Salata,7,4.4
U0678,Tavuk Şiş,15,5.0
U0678,Bulgur Pilavı,11,3.9
U0678,Patates Salatası,12,3.0
U0678,Mantar Çorbası,8,3.3
U0678,Zeytinyağlı Taze Fasulye,13,4.9
U0679,Sütlaç,15,3.6
U0679,Zeytinyağlı Enginar,14,3.7
U0679,Köfte,7,4.6
U0679,Kuru Fasulye,8,4.0
U0679,Kazandibi,8,4.4
U0679,Aşure,8,4.4
U0679,Tavuk Suyu Çorbası,11,3.4
U0679,Güllaç,3,4.3
U0679,Ispanak Yemeği,11,3.4
U0679,Yayla Çorbası,1,4.5
U0679,Pirinç Pilavı,5,3.7
U0679,Su Böreği,1,4.9
U0679,Mercimek Köftesi,2,4.8
U0679,Sebze Graten,11,4.5
U0679,Ezogelin Çorbası,5,3.9
U0679,Pırasa Yemeği,2,3.7
U0679,Sezar Salata,3,3.3
U0679,Piliç Topkapı,7,3.2
U0680,Düğün Çorbası,10,3.0
U0680,Orman Kebabı,1,3.4
U0680,Ezogelin Çorbası,13,3.8
U0680,Ispanak Yemeği,8,3.6
U0680,İskender Kebap,15,4.0
U0680,Izgara Balık,10,4.2
U0680,Tavuk Sote,11,4.2
U0680,Fırın Tavuk,6,4.7
U0680,Mantar Çorbası,4,3.1
U0680,Ton Balıklı Salata,1,4.0
U0680,Patates Salatası,2,3.3
U0680,Hamsi Tava,3,3.4
U0680,Aşure,9,4.7
U0680,Sigara Böreği,2,4.3
U0680,Tas Kebabı,9,3.7
U0680,Pırasa Yemeği,9,4.2
U0680,Domates Çorbası,13,4.9
U0680,Mercimek Köftesi,3,4.5
U0681,Kuru Fasulye,2,4.2
U0681,Revani,7,3.7
U0681,Orman Kebabı,6,4.6
U0681,Rus Salatası,6,4.2
U0681,Patates Salatası,5,3.7
U0681,Mantar Çorbası,5,3.8
U0681,Çoban Salata,3,4.1
U0681,Piliç Topkapı,15,3.1
U0681,Nohut,10,4.6
U0681,Sütlaç,1,3.7
U0681,Ispanak Yemeği,9,3.2
U0681,İmambayıldı,15,4.5
U0681,Düğün Çorbası,15,3.1
U0681,Ton Balıklı Salata,10,4.8
U0682,Orman Kebabı,6,4.3
U0682,Patates Salatası,12,4.8
U0682,Et Sote,6,3.6
U0682,Karnıyarık,9,4.8
U0682,Tas Kebabı,5,3.6
U0682,Piliç Topkapı,9,4.6
U0682,Mercimek Köftesi,12,4.9
U0682,Mercimek Çorbası,7,4.3
U0682,Zeytinyağlı Taze Fasulye,13,3.3
U0682,Tarhana Çorbası,15,4.0
U0682,Pirinç Pilavı,10,4.3
U0682,Zeytinyağlı Sarma,1,4.7
U0683,Sigara Böreği,5,3.8
U0683,Tavuk Döner,10,4.2
U0683,Et Döner,3,4.3
U0683,Hamsi Tava,13,3.7
U0683,Kemalpaşa,2,3.7
U0683,Makarna,10,4.0
U0683,Karnıyarık,5,3.4
U0683,Ispanak Yemeği,14,4.2
U0683,Izgara Balık,14,4.3
U0683,İmambayıldı,13,3.3
U0683,Tavukgöğsü,15,3.9
U0683,Düğün Çorbası,3,3.1
U0683,Ezogelin Çorbası,1,3.8
U0683,Domates Çorbası,13,4.6
U0683,Kazandibi,14,4.6
U0684,Düğün Çorbası,14,3.2
U0684,Orman Kebabı,2,3.1
U0684,Sigara Böreği,1,4.7
U0684,Sütlaç,15,3.2
U0684,Ton Balıklı Salata,15,4.4
U0684,Tas Kebabı,9,5.0
U0684,Mercimek Köftesi,14,4.5
U0684,Fırın Tavuk,9,4.9
U0684,Kuru Fasulye,13,4.1
U0684,Su Böreği,15,4.1
U0684,Sebze Graten,13,3.3
U0684,Sezar Salata,11,4.2
U0684,Aşure,4,3.9
U0684,Profiterol,7,3.9
U0684,Nohut,4,3.6
U0685,İskender Kebap,6,4.9
U0685,Kuru Fasulye,3,4.0
U0685,Aşure,9,4.7
U0685,Tarhana Çorbası,7,4.3
U0685,Orman Kebabı,10,4.0
U0685,Zeytinyağlı Sarma,12,4.9
U0685,Ispanak Yemeği,15,3.7
U0685,Tavuk Şiş,11,3.6
U0685,Izgara Balık,4,4.1
U0686,Patates Kızartması,12,3.9
U0686,Sigara Böreği,10,3.4
U0686,Tavuk Döner,6,4.1
U0686,Nohut,14,4.6
U0686,Ton Balıklı Salata,7,3.1
U0686,Su Böreği,3,3.2
U0686,Gavurdağı Salata,12,3.9
U0686,Et Döner,4,4.7
U0686,Ispanak Yemeği,9,4.6
U0686,Makarna,14,3.9
U0686,Tavuk Şiş,13,4.5
U0686,Tavuk Suyu Çorbası,2,4.2
U0686,Orman Kebabı,2,3.5
U0686,Mantar Çorbası,6,3.7
U0686,Kuru Fasulye,13,3.8
U0686,Aşure,2,3.1
U0686,Fırın Tavuk,1,3.9
U0686,Ezogelin Çorbası,7,3.2
U0686,Sebze Graten,13,3.9
U0687,Zeytinyağlı Enginar,15,3.4
U0687,Pırasa Yemeği,1,3.2
U0687,Pirinç Pilavı,10,3.3
U0687,Mantar Çorbası,7,3.7
U0687,Et Döner,14,3.5
U0687,Tavuk Döner,12,3.0
U0688,Mantar Çorbası,1,3.2
U0688,Bulgur Pilavı,15,4.4
U0688,Kadınbudu Köfte,14,4.0
U0688,Ezogelin Çorbası,2,3.8
U0688,Et Döner,6,3.3
U0688,Tavukgöğsü,11,4.9
U0689,Köfte,15,3.4
U0689,Mercimek Çorbası,2,4.8
U0689,Güllaç,10,5.0
U0689,Aşure,7,3.0
U0689,Patates Kızartması,6,3.3
U0689,Yayla Çorbası,8,4.0
U0689,Tavuk Sote,6,4.9
U0689,Ezogelin Çorbası,11,5.0
U0689,Kadınbudu Köfte,9,3.5
U0689,Et Döner,2,4.7
U0689,Fırın Tavuk,2,3.1
U0689,Zeytinyağlı Sarma,1,3.7
U0689,Nohut,8,3.2
U0689,Sebze Graten,1,4.3
U0689,Rus Salatası,5,3.9
U0689,Revani,3,3.3
U0690,Kemalpaşa,4,4.5
U0690,Yayla Çorbası,9,3.7
U0690,Gavurdağı Salata,8,4.3
U0690,Köfte,13,3.8
U0690,Mevsim Salata,11,4.7
U0690,İrmik Helvası,8,3.5
U0690,Tavuk Suyu Çorbası,12,4.0
U0690,Rus Salatası,8,4.7
U0690,Fırın Tavuk,5,3.6
U0690,Izgara Balık,6,3.7
U0690,Sigara Böreği,8,4.0
U0690,Düğün Çorbası,9,3.5
U0690,Makarna,13,3.0
U0690,Tavuk Döner,12,3.8
U0690,Orman Kebabı,8,3.6
U0690,Tavukgöğsü,11,4.4
U0691,Kemalpaşa,13,3.1
U0691,Kadınbudu Köfte,6,4.8
U0691,Aşure,9,4.2
U0691,Sebze Graten,10,3.1
U0691,Karnıyarık,8,4.0
U0691,Güllaç,2,3.9
U0691,Bulgur Pilavı,6,4.0
U0691,Zeytinyağlı Sarma,9,3.0
U0691,Patates Püresi,12,4.3
U0691,Izgara Balık,10,3.1
U0691,Mevsim Salata,6,4.4
U0691,Pırasa Yemeği,6,3.6
U0692,Düğün Çorbası,1,4.4
U0692,Tavuk Suyu Çorbası,6,4.7
U0692,Tarhana Çorbası,12,4.7
U0692,Et Sote,14,3.6
U0692,Hamsi Tava,8,4.9
U0692,Su Böreği,15,3.3
U0692,Sebze Graten,9,3.9
U0692,Kazandibi,3,4.8
U0692,Sigara Böreği,6,4.3
U0692,İmambayıldı,4,4.2
U0692,Mercimek Çorbası,8,4.9
U0692,Pırasa Yemeği,1,4.8
U0692,Domates Çorbası,8,4.0
U0693,Patates Salatası,14,4.7
U0693,Pırasa Yemeği,2,4.8
U0693,Zeytinyağlı Sarma,5,3.9
U0693,Yayla Çorbası,15,4.8
U0693,Köfte,15,4.5
U0693,Baklava,6,4.9
U0693,Kuru Fasulye,2,3.8
U0693,Kazandibi,15,4.8
U0693,Makarna,7,4.7
U0693,Mercimek Köftesi,15,4.7
U0694,Düğün Çorbası,6,4.1
U0694,Revani,2,3.3
U0694,Piliç Topkapı,3,3.3
U0694,Baklava,15,4.6
U0694,Mercimek Köftesi,7,3.3
U0694,Hamsi Tava,15,4.2
U0694,Pirinç Pilavı,9,4.4
U0694,İmambayıldı,13,3.2
U0694,Köfte,11,4.2
U0694,Domates Çorbası,9,4.3
U0694,Pırasa Yemeği,6,3.6
U0694,Sigara Böreği,7,4.6
U0694,Profiterol,4,3.4
U0694,Patates Kızartması,6,4.9
U0694,Et Döner,5,4.2
U0694,Sütlaç,3,4.5
U0694,Çoban Salata,13,3.7
U0694,Güllaç,14,4.0
U0694,Et Sote,2,3.2
U0695,Et Döner,8,3.6
U0695,Kazandibi,12,4.3
U0695,Güllaç,13,4.2
U0695,Izgara Balık,13,3.9
U0695,Zeytinyağlı Enginar,12,4.6
U0695,Patates Püresi,8,4.8
U0695,Mantar Çorbası,8,4.9
U0695,Hamsi Tava,6,3.8
U0695,Kadınbudu Köfte,14,3.2
U0695,Kuru Fasulye,15,4.3
U0695,Piliç Topkapı,10,4.3
U0695,Su Böreği,12,4.5
U0695,Domates Çorbası,4,4.4
U0695,Kemalpaşa,2,4.4
U0695,Karnıyarık,5,4.9
U0695,Gavurdağı Salata,5,3.4
U0695,Tarhana Çorbası,13,3.5
U0695,Tas Kebabı,9,4.3
U0696,Güllaç,1,3.4
U0696,Patates Püresi,15,3.5
U0696,Kemalpaşa,7,3.3
U0696,Zeytinyağlı Sarma,9,3.7
U0696,Pırasa Yemeği,11,3.2
U0696,Zeytinyağlı Enginar,11,4.7
U0696,Tas Kebabı,1,3.9
U0696,Et Döner,5,3.1
U0696,Hamsi Tava,12,4.1
U0696,Mevsim Salata,6,4.8
U0696,Mantar Çorbası,2,4.3
U0696,Nohut,6,4.3
U0696,Kazandibi,2,4.1
U0696,Orman Kebabı,2,4.4
U0696,Tavuk Şiş,5,4.7
U0696,Kadınbudu Köfte,4,3.5
U0696,Karnıyarık,3,4.8
U0696,Zeytinyağlı Taze Fasulye,6,3.2
U0696,Düğün Çorbası,13,4.4
U0696,Tavuk Sote,9,3.6
U0697,Sezar Salata,12,3.9
U0697,Zeytinyağlı Sarma,10,3.5
U0697,Su Böreği,2,3.6
U0697,Tavuk Suyu Çorbası,13,4.8
U0697,Izgara Balık,2,4.8
U0697,Köfte,3,3.2
U0697,Güllaç,6,3.2
U0697,Pırasa Yemeği,4,4.7
U0697,Et Sote,1,3.4
U0697,Sebze Graten,4,3.0
U0697,İmambayıldı,7,3.8
U0697,Bulgur Pilavı,6,4.1
U0697,Ton Balıklı Salata,2,4.5
U0698,Sezar Salata,7,3.2
U0698,Yayla Çorbası,2,4.6
U0698,Revani,3,4.7
U0698,Tavuk Şiş,14,3.9
U0698,Baklava,1,4.3
U0698,Bulgur Pilavı,4,3.3
U0698,Sigara Böreği,2,4.1
U0698,Izgara Balık,15,3.6
U0699,Sigara Böreği,5,4.4
U0699,Makarna,13,4.6
U0699,Düğün Çorbası,10,3.7
U0699,Sebze Graten,10,3.1
U0699,Ispanak Yemeği,9,3.1
U0699,Tavuk Döner,4,4.0
U0699,Zeytinyağlı Taze Fasulye,11,3.7
U0699,Revani,5,3.8
U0699,Tarhana Çorbası,9,4.4
U0699,Profiterol,11,3.3
U0699,Tas Kebabı,12,3.2
U0699,Tavukgöğsü,9,5.0
U0700,Revani,7,3.7
U0700,Kuru Fasulye,4,3.8
U0700,Düğün Çorbası,3,4.9
U0700,Patates Püresi,11,4.1
U0700,Tavukgöğsü,9,4.4
U0700,Kadınbudu Köfte,14,4.1
U0700,Patates Salatası,1,4.9
U0700,Tavuk Döner,8,4.5
U0701,Izgara Balık,4,4.6
U0701,Mercimek Çorbası,2,4.8
U0701,Ton Balıklı Salata,7,4.2
U0701,Orman Kebabı,12,4.6
U0701,Gavurdağı Salata,11,4.3
U0701,Yayla Çorbası,15,3.0
U0701,Tas Kebabı,6,3.3
U0701,Piliç Topkapı,8,3.3
U0701,Karnıyarık,1,4.5
U0701,Çoban Salata,5,4.5
U0701,Bulgur Pilavı,12,4.0
U0701,Baklava,7,3.8
U0701,Pirinç Pilavı,11,4.4
U0701,Zeytinyağlı Taze Fasulye,5,3.6
U0701,Zeytinyağlı Enginar,1,4.0
U0701,Sütlaç,3,4.4
U0702,Sezar Salata,14,3.4
U0702,Köfte,9,3.6
U0702,Su Böreği,11,4.2
U0702,Mantar Çorbası,8,3.7
U0702,Aşure,9,4.4
U0702,Patates Püresi,14,4.6
U0703,Tavuk Şiş,8,4.5
U0703,Profiterol,9,4.3
U0703,Kuru Fasulye,1,3.1
U0703,Et Sote,11,4.8
U0703,Bulgur Pilavı,12,4.9
U0703,Tarhana Çorbası,9,4.7
U0703,Kazandibi,9,4.6
U0703,Kadınbudu Köfte,5,4.3
U0703,Baklava,15,3.3
U0703,Revani,5,4.6
U0703,Yayla Çorbası,13,3.4
U0703,Pirinç Pilavı,15,3.7
U0703,Tavuk Döner,1,4.7
U0703,Fırın Tavuk,7,3.1
U0703,Makarna,9,3.4
U0703,Sebze Graten,9,4.6
U0704,Nohut,12,4.9
U0704,Rus Salatası,13,4.6
U0704,Domates Çorbası,12,4.1
U0704,Kuru Fasulye,8,4.0
U0704,Tavuk Suyu Çorbası,2,3.1
U0704,Mercimek Çorbası,2,4.7
U0704,Profiterol,4,4.7
U0704,Zeytinyağlı Sarma,13,3.4
U0704,Kemalpaşa,13,4.8
U0704,Köfte,2,4.0
U0705,Orman Kebabı,4,3.2
U0705,Fırın Tavuk,2,4.8
U0705,Zeytinyağlı Sarma,8,3.6
U0705,Et Döner,15,3.6
U0705,Sezar Salata,9,4.8
U0705,Tavuk Döner,15,4.9
U0705,Aşure,6,4.4
U0705,Ispanak Yemeği,1,4.4
U0705,Mantar Çorbası,4,5.0
U0705,Revani,15,4.8
U0705,Et Sote,2,4.1
U0705,Kuru Fasulye,12,4.0
U0705,Hamsi Tava,9,4.1
U0705,Kazandibi,8,4.4
U0705,Tavuk Şiş,12,3.7
U0705,Bulgur Pilavı,4,4.1
U0705,Tavuk Sote,7,3.4
U0706,Köfte,11,3.5
U0706,Hamsi Tava,2,3.1
U0706,Patates Kızartması,7,4.5
U0706,Çoban Salata,1,3.3
U0706,Tavuk Döner,15,5.0
U0706,Gavurdağı Salata,7,3.6
U0706,Pırasa Yemeği,4,4.4
U0706,Baklava,14,4.3
U0706,Orman Kebabı,2,4.3
U0706,Profiterol,1,3.9
U0706,Kazandibi,3,4.7
U0706,Su Böreği,3,4.5
U0706,Ton Balıklı Salata,8,3.1
U0706,Zeytinyağlı Sarma,10,3.9
U0707,Et Sote,12,3.8
U0707,Mercimek Köftesi,8,4.4
U0707,Kazandibi,12,3.2
U0707,Ispanak Yemeği,14,3.6
U0707,Kemalpaşa,7,4.8
U0707,İmambayıldı,1,4.2
U0707,Su Böreği,12,4.1
U0707,Kuru Fasulye,11,4.6
U0707,Ezogelin Çorbası,12,4.8
U0707,Tavuk Sote,14,3.8
U0707,Tavukgöğsü,11,3.6
U0707,Bulgur Pilavı,3,3.6
U0707,Patates Kızartması,14,3.1
U0707,Rus Salatası,14,4.3
U0707,Revani,12,4.7
U0707,Çoban Salata,6,3.0
U0707,Sütlaç,5,4.0
U0708,Su Böreği,11,3.3
U0708,Zeytinyağlı Sarma,3,4.1
U0708,Aşure,13,4.6
U0708,Köfte,5,3.6
U0708,Makarna,15,4.4
U0708,Tavukgöğsü,3,4.9
U0708,Ezogelin Çorbası,15,3.2
U0708,İmambayıldı,4,4.4
U0709,Zeytinyağlı Enginar,12,4.4
U0709,Piliç Topkapı,9,4.6
U0709,İmambayıldı,9,3.4
U0709,İskender Kebap,11,3.5
U0709,Zeytinyağlı Taze Fasulye,13,4.8
U0709,Patates Kızartması,14,4.4
U0709,Fırın Tavuk,1,4.5
U0709,Rus Salatası,2,4.0
U0710,Patates Kızartması,8,3.6
U0710,Kadınbudu Köfte,1,4.9
U0710,İskender Kebap,6,3.7
U0710,Karnıyarık,7,4.0
U0710,Domates Çorbası,8,4.7
U0710,Bulgur Pilavı,7,3.6
U0710,İmambayıldı,4,4.0
U0710,Sezar Salata,5,3.3
U0710,Kazandibi,7,4.7
U0710,Düğün Çorbası,15,4.0
U0710,Kemalpaşa,14,3.1
U0710,Su Böreği,9,4.2
U0710,Hamsi Tava,14,4.2
U0710,Tavuk Sote,14,4.3
U0711,Su Böreği,14,3.8
U0711,Ezogelin Çorbası,11,3.8
U0711,Tavuk Döner,7,4.4
U0711,Aşure,7,4.8
U0711,Mercimek Çorbası,6,3.7
U0711,Zeytinyağlı Enginar,9,4.4
U0711,Sezar Salata,15,4.1
U0711,Domates Çorbası,2,3.1
U0711,Tas Kebabı,8,3.0
U0711,Pirinç Pilavı,13,4.5
U0711,Sütlaç,12,4.5
U0711,Revani,5,4.0
U0711,Pırasa Yemeği,1,3.7
U0711,Hamsi Tava,8,3.6
U0711,Sigara Böreği,10,3.4
U0711,Tavuk Suyu Çorbası,6,3.6
U0712,Karnıyarık,7,3.5
U0712,Aşure,10,3.5
U0712,Revani,3,3.3
U0712,Tavukgöğsü,11,3.9
U0712,Zeytinyağlı Sarma,11,3.0
U0712,Tavuk Şiş,5,4.3
U0712,Izgara Balık,15,3.6
U0712,Mantar Çorbası,1,4.6
U0712,Çoban Salata,3,3.3
U0712,Köfte,12,3.4
U0712,Ezogelin Çorbası,13,4.3
U0712,Ispanak Yemeği,6,4.1
U0712,Patates Püresi,8,3.2
U0712,Domates Çorbası,12,4.3
U0712,Et Döner,11,3.4
U0712,Profiterol,2,4.0
U0712,Patates Salatası,14,3.8
U0712,Mevsim Salata,9,4.8
U0712,İskender Kebap,13,4.3
U0712,Gavurdağı Salata,2,4.7
U0713,Pirinç Pilavı,5,4.2
U0713,Gavurdağı Salata,7,3.4
U0713,Sebze Graten,5,4.4
U0713,Ispanak Yemeği,13,3.9
U0713,İskender Kebap,3,3.9
U0713,Tarhana Çorbası,5,4.7
U0713,Piliç Topkapı,6,3.3
U0713,Zeytinyağlı Enginar,8,4.4
U0713,Tavuk Sote,4,4.9
U0713,Zeytinyağlı Sarma,9,5.0
U0713,Makarna,10,3.0
U0714,Sütlaç,11,3.3
U0714,Orman Kebabı,6,4.7
U0714,Hamsi Tava,8,4.4
U0714,Tarhana Çorbası,14,4.9
U0714,Mercimek Çorbası,13,4.0
U0714,Gavurdağı Salata,4,4.7
U0714,Piliç Topkapı,15,4.5
U0714,Sezar Salata,1,3.4
U0714,Kadınbudu Köfte,6,4.1
U0714,Zeytinyağlı Enginar,6,4.0
U0715,Tavukgöğsü,2,4.1
U0715,Bulgur Pilavı,8,3.1
U0715,Ezogelin Çorbası,12,4.4
U0715,Zeytinyağlı Taze Fasulye,15,4.5
U0715,Revani,2,3.0
U0715,Nohut,14,3.6
U0715,Profiterol,9,3.7
U0715,Ton Balıklı Salata,15,4.0
U0715,Pırasa Yemeği,6,4.8
U0715,Tavuk Suyu Çorbası,8,3.6
U0716,Tavuk Sote,1,3.8
U0716,Kadınbudu Köfte,1,3.4
U0716,Patates Kızartması,8,4.9
U0716,Güllaç,7,3.9
U0716,Tavuk Suyu Çorbası,14,4.3
U0716,Hamsi Tava,5,4.6
U0716,Gavurdağı Salata,3,3.2
U0716,Yayla Çorbası,6,3.1
U0716,Ispanak Yemeği,12,4.4
U0717,Fırın Tavuk,14,4.8
U0717,Mevsim Salata,9,4.2
U0717,Tarhana Çorbası,5,3.4
U0717,Pirinç Pilavı,6,4.7
U0717,Sütlaç,10,4.3
U0717,Domates Çorbası,8,3.1
U0717,Sigara Böreği,1,3.7
U0717,Karnıyarık,12,4.5
U0717,Sezar Salata,1,3.9
U0717,Patates Püresi,4,3.2
U0717,Tavuk Döner,1,4.9
U0717,Gavurdağı Salata,15,3.7
U0717,Revani,6,5.0
U0718,Tarhana Çorbası,15,4.2
U0718,Gavurdağı Salata,11,3.0
U0718,Mercimek Köftesi,1,3.7
U0718,Rus Salatası,12,4.3
U0718,Patates Salatası,5,3.2
U0718,Kuru Fasulye,12,4.1
U0718,Düğün Çorbası,14,4.7
U0718,Et Döner,6,4.9
U0718,Hamsi Tava,1,3.6
U0718,Tas Kebabı,8,3.0
U0718,Tavukgöğsü,9,3.6
U0718,İskender Kebap,13,4.4
U0718,Baklava,11,3.8
U0718,Zeytinyağlı Taze Fasulye,3,4.5
U0718,Makarna,4,3.6
U0718,Aşure,11,3.2
U0719,Tarhana Çorbası,8,4.8
U0719,Makarna,3,4.9
U0719,Tas Kebabı,2,4.8
U0719,Mercimek Çorbası,14,3.9
U0719,Orman Kebabı,10,4.9
U0719,Mevsim Salata,5,3.6
U0719,Profiterol,11,3.2
U0719,Ezogelin Çorbası,5,3.7
U0719,Et Sote,8,4.6
U0719,Ton Balıklı Salata,13,3.6
U0719,Mantar Çorbası,14,3.7
U0719,Patates Salatası,15,3.0
U0720,Zeytinyağlı Taze Fasulye,5,4.9
U0720,Zeytinyağlı Enginar,6,4.2
U0720,Domates Çorbası,1,4.2
U0720,İskender Kebap,10,4.8
U0720,Tas Kebabı,11,4.7
U0720,Tavuk Şiş,9,3.9
U0720,İmambayıldı,1,4.5
U0720,Sebze Graten,10,3.4
U0720,Kadınbudu Köfte,2,3.8
U0720,Düğün Çorbası,14,4.0
U0720,Ezogelin Çorbası,7,4.1
U0720,Gavurdağı Salata,5,4.6
U0720,Mevsim Salata,3,4.3
U0720,Mercimek Çorbası,5,4.8
U0720,Sütlaç,6,4.2
U0720,Hamsi Tava,8,4.7
U0720,Patates Püresi,2,3.4
U0720,Tavuk Suyu Çorbası,6,3.0
U0720,Et Döner,8,4.4
U0720,Zeytinyağlı Sarma,8,3.4
U0721,Patates Salatası,8,4.4
U0721,Patates Kızartması,5,3.3
U0721,Nohut,1,3.3
U0721,Sigara Böreği,15,4.8
U0721,Profiterol,14,5.0
U0721,Mantar Çorbası,12,3.6
U0721,Pırasa Yemeği,6,4.3
U0721,Tavukgöğsü,6,4.7
U0721,Karnıyarık,1,3.4
U0721,Hamsi Tava,4,4.2
U0721,Düğün Çorbası,1,3.3
U0721,Mercimek Köftesi,6,4.9
U0721,Mercimek Çorbası,1,3.8
U0721,Tavuk Suyu Çorbası,4,3.7
U0722,Sebze Graten,13,3.8
U0722,Kadınbudu Köfte,12,4.5
U0722,Patates Püresi,14,4.7
U0722,Makarna,1,4.9
U0722,Pirinç Pilavı,3,4.8
U0723,İrmik Helvası,4,3.1
U0723,Mercimek Köftesi,8,3.3
U0723,Mevsim Salata,6,4.4
U0723,Aşure,2,4.8
U0723,Patates Kızartması,4,4.8
U0723,Revani,5,4.3
U0723,Zeytinyağlı Taze Fasulye,6,4.3
U0723,Et Sote,13,3.4
U0723,Tavukgöğsü,11,3.5
U0723,Tavuk Şiş,9,4.2
U0723,Profiterol,7,3.3
U0723,Tavuk Sote,11,3.7
U0723,Çoban Salata,1,4.3
U0723,Tarhana Çorbası,12,4.1
U0723,Makarna,5,3.8
U0723,Hamsi Tava,13,3.8
U0723,Nohut,2,3.1
U0723,Yayla Çorbası,2,3.9
U0724,Çoban Salata,14,3.2
U0724,Zeytinyağlı Enginar,7,4.4
U0724,Karnıyarık,9,3.9
U0724,Mantar Çorbası,8,3.5
U0724,İmambayıldı,3,3.8
U0724,Sigara Böreği,10,4.1
U0724,Kemalpaşa,5,3.9
U0724,Pırasa Yemeği,14,4.6
U0724,Aşure,8,3.4
U0724,Tarhana Çorbası,5,5.0
U0724,Gavurdağı Salata,2,4.4
U0724,Tavuk Sote,6,3.3
U0724,Kazandibi,12,4.0
U0724,Hamsi Tava,12,3.6
U0724,Mercimek Çorbası,15,3.5
U0724,Tavuk Suyu Çorbası,2,3.3
U0724,Tavuk Döner,15,3.3
U0724,Tas Kebabı,13,3.6
U0724,Pirinç Pilavı,10,5.0
U0724,Patates Püresi,10,4.5
U0725,Tas Kebabı,11,4.5
U0725,Domates Çorbası,2,4.6
U0725,Mercimek Köftesi,8,4.6
U0725,Sigara Böreği,3,4.3
U0725,Pırasa Yemeği,7,3.7
U0726,Piliç Topkapı,11,4.5
U0726,Izgara Balık,4,4.8
U0726,Fırın Tavuk,3,4.8
U0726,Düğün Çorbası,14,3.1
U0726,Mercimek Çorbası,13,5.0
U0726,Gavurdağı Salata,15,4.6
U0726,Baklava,3,4.9
U0726,Patates Püresi,12,3.7
U0726,Patates Kızartması,5,4.0
U0726,Tavuk Suyu Çorbası,9,4.1
U0726,İskender Kebap,6,3.3
U0727,İskender Kebap,5,3.4
U0727,Rus Salatası,9,4.3
U0727,Baklava,6,3.2
U0727,Ispanak Yemeği,1,4.7
U0727,Düğün Çorbası,10,3.1
U0727,Tarhana Çorbası,1,5.0
U0727,Mantar Çorbası,2,3.5
U0727,Mevsim Salata,13,5.0
U0727,Gavurdağı Salata,15,3.3
U0727,İrmik Helvası,13,4.4
U0727,Fırın Tavuk,12,4.7
U0728,Karnıyarık,5,4.9
U0728,Güllaç,8,4.2
U0728,Hamsi Tava,11,4.8
U0728,Ezogelin Çorbası,9,4.8
U0728,Kadınbudu Köfte,11,3.1
U0728,Zeytinyağlı Taze Fasulye,13,3.8
U0729,Ispanak Yemeği,10,4.0
U0729,Bulgur Pilavı,13,4.5
U0729,Ezogelin Çorbası,10,4.2
U0729,Mantar Çorbası,11,4.6
U0729,Pırasa Yemeği,3,3.9
U0729,Profiterol,15,3.4
U0729,İmambayıldı,2,3.5
U0729,Izgara Balık,10,4.3
U0730,Ton Balıklı Salata,8,4.6
U0730,İmambayıldı,14,4.0
U0730,Ispanak Yemeği,15,4.9
U0730,Bulgur Pilavı,5,3.8
U0730,Fırın Tavuk,7,4.0
U0730,Sütlaç,11,3.7
U0730,Pırasa Yemeği,12,3.9
U0730,Gavurdağı Salata,2,3.4
U0730,Et Sote,14,5.0
U0730,Tas Kebabı,7,3.2
U0731,Rus Salatası,11,3.2
U0731,İrmik Helvası,2,3.5
U0731,Sigara Böreği,8,3.6
U0731,Mantar Çorbası,10,3.6
U0731,Karnıyarık,12,4.5
U0732,Güllaç,1,4.2
U0732,Revani,6,4.7
U0732,Mantar Çorbası,5,4.8
U0732,Et Döner,3,4.6
U0732,Tavuk Şiş,13,3.8
U0732,Ispanak Yemeği,13,3.8
U0732,Makarna,15,3.7
U0732,İrmik Helvası,2,4.9
U0732,Tavuk Sote,4,3.9
U0732,Karnıyarık,1,3.6
U0732,Tavukgöğsü,11,4.0
U0732,Patates Püresi,7,4.5
U0732,Zeytinyağlı Sarma,6,3.3
U0733,İrmik Helvası,11,4.1
U0733,Rus Salatası,13,4.0
U0733,Mantar Çorbası,6,4.5
U0733,Karnıyarık,11,3.7
U0733,Patates Kızartması,14,3.7
U0733,Baklava,1,3.3
U0733,Gavurdağı Salata,13,3.1
U0733,Mercimek Köftesi,8,4.9
U0734,Kuru Fasulye,7,4.1
U0734,İrmik Helvası,3,4.3
U0734,Patates Kızartması,11,4.5
U0734,İmambayıldı,15,4.5
U0734,Sezar Salata,6,4.4
U0734,Ezogelin Çorbası,14,3.6
U0734,Kadınbudu Köfte,7,3.7
U0735,Rus Salatası,14,4.9
U0735,Aşure,5,3.9
U0735,Kuru Fasulye,2,3.7
U0735,Mantar Çorbası,9,3.5
U0735,Mercimek Köftesi,14,4.7
U0735,Et Döner,2,3.2
U0735,Tas Kebabı,13,4.6
U0735,Bulgur Pilavı,10,3.6
U0735,Patates Salatası,14,3.5
U0736,Fırın Tavuk,13,3.2
U0736,Sütlaç,12,3.5
U0736,Profiterol,1,4.1
U0736,Sebze Graten,6,4.9
U0736,Gavurdağı Salata,13,5.0
U0736,Tarhana Çorbası,5,4.9
U0736,Baklava,11,3.3
U0736,Makarna,7,4.1
U0736,Nohut,12,4.3
U0736,Sigara Böreği,3,4.1
U0736,Tavuk Suyu Çorbası,5,4.5
U0736,Aşure,4,3.7
U0736,Güllaç,7,3.2
U0736,Düğün Çorbası,2,4.5
U0736,İrmik Helvası,12,3.8
U0736,İmambayıldı,2,3.2
U0736,Domates Çorbası,11,3.5
U0736,Ezogelin Çorbası,8,3.6
U0736,Tavukgöğsü,6,3.2
U0736,Su Böreği,5,4.3
U0737,Kazandibi,8,3.6
U0737,Mantar Çorbası,3,3.2
U0737,Zeytinyağlı Taze Fasulye,8,4.1
U0737,Fırın Tavuk,7,3.9
U0737,Mercimek Çorbası,7,4.1
U0737,İmambayıldı,1,3.3
U0737,Ezogelin Çorbası,3,3.1
U0737,Makarna,14,3.7
U0737,Gavurdağı Salata,3,4.2
U0737,Domates Çorbası,15,3.9
U0737,Hamsi Tava,1,3.7
U0737,Pırasa Yemeği,3,4.7
U0737,Tavuk Döner,5,4.1
U0737,Sebze Graten,2,4.1
U0737,Tavukgöğsü,3,4.9
U0737,Revani,10,4.0
U0737,Sezar Salata,1,3.6
U0737,Kadınbudu Köfte,11,3.0
U0737,Et Sote,2,3.8
U0737,Aşure,15,5.0
U0738,Köfte,2,3.0
U0738,Aşure,13,4.8
U0738,İskender Kebap,7,3.8
U0738,Mevsim Salata,15,3.2
U0738,Kemalpaşa,14,4.0
U0738,Tavukgöğsü,6,3.2
U0738,Tavuk Suyu Çorbası,5,4.0
U0738,Nohut,4,4.5
U0738,Tavuk Sote,2,3.3
U0738,Yayla Çorbası,6,4.0
U0738,Ton Balıklı Salata,11,3.0
U0738,Kuru Fasulye,2,4.1
U0738,Orman Kebabı,15,4.7
U0738,Makarna,8,3.4
U0739,Düğün Çorbası,9,3.6
U0739,Ton Balıklı Salata,5,3.6
U0739,Tas Kebabı,12,4.9
U0739,Tavukgöğsü,8,4.8
U0739,Karnıyarık,14,4.1
U0739,Zeytinyağlı Sarma,13,3.3
U0739,Rus Salatası,6,3.0
U0739,Köfte,2,3.4
U0740,Patates Salatası,6,4.6
U0740,Patates Püresi,14,3.1
U0740,İskender Kebap,12,4.6
U0740,Tavuk Sote,10,4.6
U0740,Patates Kızartması,1,4.5
U0740,Bulgur Pilavı,2,4.7
U0740,Izgara Balık,13,4.7
U0740,Sebze Graten,6,4.0
U0740,Aşure,3,3.9
U0740,Kadınbudu Köfte,14,3.2
U0740,Sigara Böreği,9,3.6
U0740,Tavukgöğsü,14,4.4
U0740,Ispanak Yemeği,10,3.5
U0740,Kemalpaşa,3,3.9
U0740,Zeytinyağlı Sarma,4,3.1
U0740,Gavurdağı Salata,12,3.9
U0741,Kadınbudu Köfte,6,4.6
U0741,Patates Kızartması,4,4.7
U0741,Ispanak Yemeği,1,3.7
U0741,Et Döner,2,4.6
U0741,Kemalpaşa,15,4.2
U0741,Bulgur Pilavı,15,4.7
U0741,Su Böreği,12,3.4
U0741,Kuru Fasulye,14,3.1
U0741,Tas Kebabı,1,3.9
U0741,Tavuk Şiş,7,4.8
U0741,Gavurdağı Salata,13,3.9
U0742,Yayla Çorbası,3,3.5
U0742,Kazandibi,1,3.1
U0742,Bulgur Pilavı,12,3.6
U0742,Düğün Çorbası,1,3.4
U0742,Tarhana Çorbası,13,4.4
U0742,Profiterol,15,4.6
U0742,Kemalpaşa,4,3.6
U0742,İrmik Helvası,7,4.1
U0742,Ezogelin Çorbası,5,4.4
U0742,Revani,8,3.2
U0742,Gavurdağı Salata,5,3.3
U0742,Karnıyarık,2,3.1
U0742,İskender Kebap,8,3.6
U0742,Tavuk Şiş,4,4.5
U0742,Hamsi Tava,8,3.6
U0742,Ispanak Yemeği,3,3.7
U0742,Aşure,1,4.3
U0742,Tavuk Döner,11,4.7
U0742,Patates Salatası,10,3.2
U0742,Zeytinyağlı Sarma,14,5.0
U0743,Köfte,14,3.6
U0743,Karnıyarık,8,4.6
U0743,Piliç Topkapı,4,4.0
U0743,Revani,15,4.6
U0743,Düğün Çorbası,1,3.5
U0743,Su Böreği,1,4.7
U0743,Zeytinyağlı Enginar,2,3.3
U0743,Sebze Graten,2,4.5
U0743,Tavuk Şiş,8,3.7
U0743,Izgara Balık,4,4.2
U0743,Zeytinyağlı Taze Fasulye,14,4.8
U0743,Baklava,6,3.1
U0743,Et Sote,6,3.4
U0743,Patates Salatası,12,4.8
U0743,Kuru Fasulye,10,3.6
U0743,Patates Kızartması,7,4.5
U0743,Mercimek Çorbası,14,4.5
U0743,Mantar Çorbası,3,3.5
U0744,Düğün Çorbası,15,4.3
U0744,Gavurdağı Salata,14,4.1
U0744,Baklava,2,4.0
U0744,Et Sote,2,4.3
U0744,Revani,15,3.2
U0744,İmambayıldı,13,3.3
U0744,Domates Çorbası,14,4.9
U0744,Tavukgöğsü,14,3.9
U0744,Tarhana Çorbası,8,4.6
U0744,Kemalpaşa,6,3.1
U0744,Tas Kebabı,8,4.2
U0744,Ton Balıklı Salata,12,3.5
U0744,Zeytinyağlı Sarma,6,4.6
U0744,Ispanak Yemeği,10,4.3
U0745,Tas Kebabı,6,3.3
U0745,Tavuk Sote,9,3.9
U0745,Düğün Çorbası,5,3.6
U0745,Orman Kebabı,9,4.7
U0745,Patates Kızartması,6,3.8
U0745,Patates Salatası,8,4.3
U0745,Sebze Graten,1,4.6
U0745,Ispanak Yemeği,14,4.9
U0745,Profiterol,2,4.2
U0745,Kadınbudu Köfte,13,3.2
U0745,Makarna,5,4.3
U0745,Aşure,8,3.5
U0745,Zeytinyağlı Enginar,5,4.9
U0745,Çoban Salata,10,3.9
U0745,Mercimek Çorbası,9,4.8
U0745,Tavuk Döner,3,4.0
U0745,Pırasa Yemeği,11,3.1
U0746,Zeytinyağlı Enginar,13,4.0
U0746,İskender Kebap,14,3.9
U0746,Pirinç Pilavı,3,3.6
U0746,Aşure,2,4.6
U0746,Tavukgöğsü,11,4.8
U0746,Çoban Salata,11,4.2
U0746,Sezar Salata,3,3.2
U0746,Patates Salatası,1,4.2
U0746,Tarhana Çorbası,15,4.2
U0746,Güllaç,10,4.7
U0746,Orman Kebabı,7,4.2
U0746,Pırasa Yemeği,11,3.9
U0746,Tavuk Döner,15,3.8
U0746,Mevsim Salata,12,3.4
U0746,Mercimek Çorbası,10,4.1
U0746,Tavuk Şiş,12,4.3
U0746,Fırın Tavuk,11,4.7
U0746,Tas Kebabı,12,3.1
U0746,Revani,9,3.8
U0747,Kazandibi,10,4.9
U0747,Tavuk Şiş,2,4.3
U0747,Orman Kebabı,9,4.0
U0747,Rus Salatası,9,3.4
U0747,Düğün Çorbası,9,3.2
U0748,Orman Kebabı,7,3.1
U0748,Ton Balıklı Salata,12,4.3
U0748,Nohut,13,3.5
U0748,Izgara Balık,7,3.1
U0748,Kazandibi,13,3.7
U0748,Patates Püresi,10,3.6
U0748,Zeytinyağlı Taze Fasulye,4,3.6
U0748,Ispanak Yemeği,3,3.2
U0748,Patates Kızartması,3,3.9
U0748,Karnıyarık,15,4.2
U0748,Güllaç,14,4.1
U0748,İmambayıldı,7,4.1
U0749,Ispanak Yemeği,15,5.0
U0749,Tavuk Sote,9,4.8
U0749,Bulgur Pilavı,3,3.4
U0749,Tarhana Çorbası,14,4.0
U0749,Nohut,6,3.0
U0750,Yayla Çorbası,8,3.4
U0750,Sigara Böreği,2,3.3
U0750,Sütlaç,13,4.9
U0750,Kazandibi,2,3.2
U0750,Sebze Graten,3,3.5
U0750,Izgara Balık,9,3.5
U0750,Nohut,3,4.1
U0750,Makarna,10,4.0
U0750,Bulgur Pilavı,13,3.3
U0750,Mantar Çorbası,3,4.7
U0750,Profiterol,12,3.9
U0750,Piliç Topkapı,12,4.2
U0751,Revani,11,3.4
U0751,Aşure,7,3.3
U0751,Nohut,3,3.7
U0751,Sütlaç,15,5.0
U0751,Mercimek Çorbası,12,4.2
U0751,Mantar Çorbası,7,3.5
U0751,Pırasa Yemeği,9,4.1
U0751,Domates Çorbası,5,3.5
U0751,Köfte,14,3.9
U0751,Ton Balıklı Salata,3,3.2
U0751,Kuru Fasulye,4,3.5
U0751,Tavuk Suyu Çorbası,3,4.4
U0751,Tavuk Sote,12,4.1
U0751,Zeytinyağlı Enginar,3,4.2
U0751,Tas Kebabı,8,3.1
U0751,Izgara Balık,14,4.6
U0751,Kazandibi,8,3.6
U0751,Ispanak Yemeği,2,3.2
U0751,Sebze Graten,15,4.1
U0752,Çoban Salata,7,4.3
U0752,Patates Kızartması,2,3.5
U0752,İmambayıldı,9,3.2
U0752,Pırasa Yemeği,7,3.1
U0752,Tavuk Sote,3,3.1
U0752,Et Döner,8,4.2
U0753,Mercimek Çorbası,2,3.6
U0753,Tarhana Çorbası,8,3.2
U0753,Tas Kebabı,10,4.9
U0753,Kazandibi,3,4.8
U0753,Sezar Salata,15,3.6
U0753,Köfte,10,3.3
U0753,Makarna,1,4.8
U0754,Güllaç,2,4.9
U0754,Tas Kebabı,12,3.1
U0754,Sebze Graten,13,3.9
U0754,Mevsim Salata,1,4.6
U0754,Tarhana Çorbası,3,3.2
U0754,Yayla Çorbası,9,4.2
U0754,Düğün Çorbası,7,4.0
U0754,Kemalpaşa,13,3.3
U0754,Hamsi Tava,13,4.8
U0754,Mercimek Çorbası,7,3.5
U0754,Domates Çorbası,6,3.9
U0754,Tavuk Sote,5,3.3
U0754,Tavuk Suyu Çorbası,14,4.8
U0754,Tavuk Döner,15,4.3
U0754,Kazandibi,7,4.6
U0754,Baklava,13,3.2
U0755,Yayla Çorbası,3,4.6
U0755,Nohut,5,4.0
U0755,Ton Balıklı Salata,9,4.1
U0755,Hamsi Tava,12,3.2
U0755,Domates Çorbası,6,4.0
U0755,Zeytinyağlı Enginar,5,3.9
U0756,Mercimek Köftesi,13,4.5
U0756,Aşure,7,3.3
U0756,Zeytinyağlı Taze Fasulye,5,4.1
U0756,Kuru Fasulye,1,3.8
U0756,Et Sote,13,4.8
U0756,Tas Kebabı,6,4.4
U0756,Kazandibi,11,3.6
U0756,Mevsim Salata,10,3.6
U0756,Sezar Salata,6,4.6
U0756,Ton Balıklı Salata,15,3.1
U0756,Revani,6,3.9
U0756,Nohut,4,4.5
U0756,Ezogelin Çorbası,12,5.0
U0756,Pırasa Yemeği,9,3.8
U0756,Patates Salatası,3,4.2
U0756,Mantar Çorbası,1,4.4
U0756,Piliç Topkapı,11,4.9
U0757,Sigara Böreği,7,4.5
U0757,Hamsi Tava,5,4.1
U0757,Çoban Salata,2,4.4
U0757,Baklava,4,3.2
U0757,Makarna,12,4.5
U0757,Mantar Çorbası,2,4.6
U0758,Sebze Graten,4,4.2
U0758,Sezar Salata,11,4.4
U0758,Kuru Fasulye,3,3.8
U0758,Pırasa Yemeği,11,4.4
U0758,Patates Salatası,2,3.4
U0759,Çoban Salata,9,3.7
U0759,Profiterol,6,4.3
U0759,Tarhana Çorbası,12,3.3
U0759,Karnıyarık,3,3.2
U0759,Sezar Salata,5,3.1
U0759,Tas Kebabı,2,5.0
U0759,Patates Salatası,15,4.2
U0759,Orman Kebabı,9,4.7
U0759,Köfte,14,4.5
U0759,Kemalpaşa,7,4.6
U0760,Nohut,1,3.1
U0760,Çoban Salata,4,4.4
U0760,Fırın Tavuk,14,4.8
U0760,Karnıyarık,10,4.8
U0760,Kemalpaşa,13,4.0
U0760,Ispanak Yemeği,3,4.9
U0761,Tavukgöğsü,8,3.6
U0761,Mantar Çorbası,8,4.4
U0761,Düğün Çorbası,5,3.5
U0761,Fırın Tavuk,3,3.2
U0761,Ispanak Yemeği,3,3.9
U0761,Mevsim Salata,6,3.6
U0761,Patates Püresi,7,4.0
U0762,Bulgur Pilavı,1,3.7
U0762,Tavukgöğsü,7,3.7
U0762,Sigara Böreği,12,4.6
U0762,Tavuk Suyu Çorbası,12,3.6
U0762,Ezogelin Çorbası,10,3.2
U0762,Güllaç,13,4.8
U0762,Mevsim Salata,12,4.0
U0762,Tavuk Şiş,15,5.0
U0762,Patates Kızartması,11,4.2
U0762,Köfte,6,3.5
U0762,Kazandibi,10,3.3
U0762,Revani,12,3.7
U0762,Sebze Graten,6,3.7
U0762,İmambayıldı,3,3.2
U0762,Aşure,12,3.4
U0762,Su Böreği,4,4.1
U0762,Tas Kebabı,12,4.6
U0762,Piliç Topkapı,12,4.5
U0762,Profiterol,4,4.4
U0762,Mercimek Çorbası,9,3.7
U0763,Fırın Tavuk,11,4.8
U0763,Kuru Fasulye,13,4.9
U0763,İrmik Helvası,13,3.6
U0763,Kadınbudu Köfte,7,3.6
U0763,Tavuk Şiş,9,4.4
U0763,Tarhana Çorbası,15,4.9
U0763,Hamsi Tava,10,3.4
U0763,Izgara Balık,7,3.3
U0763,Karnıyarık,13,4.2
U0763,Mevsim Salata,3,4.5
U0764,Baklava,9,4.3
U0764,Aşure,9,4.0
U0764,Çoban Salata,7,4.0
U0764,Patates Püresi,14,3.6
U0764,Izgara Balık,4,3.3
U0764,Nohut,1,3.1
U0764,Yayla Çorbası,8,4.9
U0764,Gavurdağı Salata,4,4.5
U0764,Et Döner,2,3.4
U0764,Ispanak Yemeği,11,4.5
U0764,İskender Kebap,8,3.6
U0764,Patates Salatası,6,4.1
U0764,Güllaç,2,4.6
U0764,Tarhana Çorbası,1,3.9
U0765,Mevsim Salata,7,3.6
U0765,Mantar Çorbası,11,3.9
U0765,Karnıyarık,2,4.9
U0765,Tavuk Şiş,3,4.5
U0765,Makarna,8,4.1
U0765,Kemalpaşa,15,4.3
U0765,Tarhana Çorbası,2,3.4
U0765,Et Sote,7,4.4
U0765,Nohut,5,5.0
U0766,Sigara Böreği,15,3.7
U0766,Tas Kebabı,2,4.2
U0766,Baklava,10,3.2
U0766,Profiterol,11,4.9
U0766,Bulgur Pilavı,1,3.4
U0766,Zeytinyağlı Enginar,1,4.4
U0766,Tarhana Çorbası,1,3.3
U0766,Mantar Çorbası,12,3.7
U0766,Mevsim Salata,14,4.0
U0766,Patates Püresi,8,4.8
U0766,Ispanak Yemeği,15,4.8
U0766,İskender Kebap,7,3.4
U0766,Kuru Fasulye,15,4.0
U0766,Mercimek Köftesi,14,4.6
U0766,Pırasa Yemeği,2,3.0
U0766,Su Böreği,11,3.0
U0767,Düğün Çorbası,15,3.8
U0767,Sebze Graten,10,4.4
U0767,Pırasa Yemeği,3,3.0
U0767,Tavuk Suyu Çorbası,8,3.8
U0767,Aşure,2,4.3
U0767,Baklava,4,3.6
U0767,Fırın Tavuk,7,3.1
U0767,Rus Salatası,13,4.1
U0767,Su Böreği,11,4.3
U0767,Izgara Balık,1,4.0
U0767,Bulgur Pilavı,9,4.5
U0768,Güllaç,8,4.8
U0768,Orman Kebabı,15,3.1
U0768,Baklava,14,4.2
U0768,Kuru Fasulye,9,3.4
U0768,Mantar Çorbası,3,3.8
U0768,İrmik Helvası,11,4.5
U0768,Revani,8,4.4
U0768,Tas Kebabı,11,3.5
U0768,Zeytinyağlı Enginar,10,3.5
U0769,Mercimek Köftesi,10,4.4
U0769,Tas Kebabı,10,4.7
U0769,İskender Kebap,11,3.7
U0769,Bulgur Pilavı,13,4.8
U0769,Nohut,8,3.2
U0769,Mantar Çorbası,6,4.8
U0769,Zeytinyağlı Taze Fasulye,6,5.0
U0769,Zeytinyağlı Enginar,15,3.1
U0770,Kazandibi,1,4.2
U0770,Aşure,13,4.8
U0770,Gavurdağı Salata,11,4.2
U0770,İskender Kebap,5,3.9
U0770,Tavuk Suyu Çorbası,5,3.1
U0770,Et Sote,10,4.5
U0770,Çoban Salata,3,3.3
U0770,İrmik Helvası,11,4.1
U0770,Tarhana Çorbası,9,3.3
U0770,İmambayıldı,2,4.9
U0770,Orman Kebabı,10,3.7
U0770,Piliç Topkapı,5,3.6
U0770,Karnıyarık,12,3.2
U0770,Rus Salatası,11,3.5
U0770,Güllaç,10,4.4
U0770,Profiterol,5,4.1
U0770,Tavuk Döner,13,3.9
U0770,Mercimek Köftesi,2,4.4
U0771,İmambayıldı,6,4.0
U0771,Patates Kızartması,3,4.6
U0771,Su Böreği,2,4.5
U0771,İrmik Helvası,1,4.2
U0771,Düğün Çorbası,4,4.6
U0771,İskender Kebap,12,3.2
U0771,Zeytinyağlı Enginar,12,3.2
U0771,Tavuk Sote,5,4.6
U0771,Ezogelin Çorbası,2,3.5
U0771,Pırasa Yemeği,9,3.8
U0771,Çoban Salata,7,4.1
U0771,Kazandibi,7,4.4
U0771,Baklava,13,3.2
U0771,Revani,6,4.3
U0771,Rus Salatası,7,3.9
U0771,Kemalpaşa,11,3.7
U0771,Sigara Böreği,15,4.2
U0772,Çoban Salata,13,4.0
U0772,Domates Çorbası,6,4.3
U0772,Güllaç,2,3.3
U0772,Zeytinyağlı Taze Fasulye,13,4.2
U0772,İrmik Helvası,9,4.1
U0772,Tavuk Suyu Çorbası,4,3.7
U0772,Pirinç Pilavı,15,4.8
U0773,Aşure,1,3.1
U0773,Zeytinyağlı Sarma,14,4.4
U0773,Nohut,12,4.6
U0773,Ton Balıklı Salata,9,3.0
U0773,Pırasa Yemeği,12,4.3
U0773,Tavuk Döner,11,4.4
U0773,Hamsi Tava,1,4.2
U0773,Piliç Topkapı,9,3.6
U0773,Kuru Fasulye,6,3.3
U0773,İrmik Helvası,2,4.3
U0773,Kemalpaşa,6,3.2
U0773,Et Sote,13,3.7
U0773,Mercimek Çorbası,3,3.5
U0773,Yayla Çorbası,9,3.0
U0773,Mantar Çorbası,3,4.6
U0773,Izgara Balık,14,3.6
U0773,Zeytinyağlı Taze Fasulye,8,4.6
U0773,Ispanak Yemeği,9,3.2
U0773,Mercimek Köftesi,7,3.1
U0773,İskender Kebap,8,3.3
U0774,Su Böreği,4,4.5
U0774,Mercimek Çorbası,6,4.6
U0774,Ispanak Yemeği,12,4.0
U0774,Ezogelin Çorbası,3,4.5
U0774,Revani,5,4.2
U0774,Zeytinyağlı Taze Fasulye,11,5.0
U0774,Sebze Graten,13,3.6
U0774,Güllaç,1,4.1
U0774,İrmik Helvası,4,4.0
U0774,Düğün Çorbası,2,3.4
U0774,Izgara Balık,6,4.8
U0774,Tavuk Suyu Çorbası,14,4.5
U0775,Pırasa Yemeği,4,3.6
U0775,Bulgur Pilavı,1,3.6
U0775,Sebze Graten,10,3.9
U0775,Patates Püresi,1,3.1
U0775,Nohut,15,3.4
U0776,Revani,11,3.6
U0776,Sebze Graten,10,4.1
U0776,Fırın Tavuk,13,3.9
U0776,Aşure,15,3.8
U0776,Hamsi Tava,6,4.6
U0777,Bulgur Pilavı,15,3.3
U0777,Orman Kebabı,2,3.6
U0777,Nohut,2,3.1
U0777,Et Döner,13,3.4
U0777,Baklava,7,3.9
U0777,Ezogelin Çorbası,6,4.8
U0777,Patates Püresi,2,4.1
U0777,Pırasa Yemeği,15,4.9
U0777,Ton Balıklı Salata,5,3.3
U0777,Tas Kebabı,5,4.9
U0777,Zeytinyağlı Taze Fasulye,8,3.8
U0777,Tavuk Sote,12,3.1
U0777,İskender Kebap,1,3.5
U0777,Rus Salatası,5,3.1
U0777,Piliç Topkapı,5,4.4
U0777,Zeytinyağlı Sarma,3,4.2
U0777,Tavuk Şiş,10,3.4
U0778,Fırın Tavuk,2,3.3
U0778,Sigara Böreği,11,4.6
U0778,Et Döner,1,4.3
U0778,Tavuk Sote,3,3.1
U0778,Sebze Graten,13,4.3
U0778,Köfte,1,3.8
U0778,Mevsim Salata,11,4.8
U0778,Pırasa Yemeği,11,4.4
U0778,Piliç Topkapı,11,3.2
U0779,Kemalpaşa,1,4.2
U0779,Ton Balıklı Salata,1,4.4
U0779,Et Sote,7,4.1
U0779,Patates Kızartması,3,5.0
U0779,Ezogelin Çorbası,5,3.5
U0779,Zeytinyağlı Enginar,14,4.4
U0779,Aşure,5,4.1
U0779,Patates Salatası,5,3.4
U0779,Zeytinyağlı Sarma,2,3.3
U0779,Kazandibi,7,4.0
U0779,Orman Kebabı,5,3.8
U0779,Köfte,11,4.0
U0779,Revani,10,5.0
U0779,Izgara Balık,2,3.3
U0779,Ispanak Yemeği,11,3.5
U0779,Domates Çorbası,9,3.2
U0780,Rus Salatası,8,3.4
U0780,İrmik Helvası,14,4.9
U0780,Patates Kızartması,15,4.2
U0780,Köfte,9,3.2
U0780,Tavukgöğsü,11,4.9
U0780,Pirinç Pilavı,14,3.3
U0780,Fırın Tavuk,7,3.7
U0780,Çoban Salata,10,3.6
U0780,Gavurdağı Salata,8,3.2
U0780,Ispanak Yemeği,3,3.3
U0780,Tavuk Döner,6,4.0
U0780,Güllaç,13,4.7
U0780,Kadınbudu Köfte,3,3.3
U0780,Orman Kebabı,11,4.6
U0780,Domates Çorbası,14,4.4
U0780,Kemalpaşa,6,4.5
U0780,Et Sote,15,4.6
U0780,Bulgur Pilavı,4,3.3
U0780,Mantar Çorbası,3,3.1
U0781,Izgara Balık,7,4.4
U0781,Kazandibi,2,3.8
U0781,Tavuk Döner,13,4.4
U0781,Sezar Salata,12,3.7
U0781,Bulgur Pilavı,9,3.9
U0781,Kuru Fasulye,4,4.4
U0781,Patates Kızartması,12,4.4
U0781,Tarhana Çorbası,13,3.7
U0781,Tavuk Şiş,3,3.7
U0781,Hamsi Tava,14,3.2
U0781,Tavuk Sote,11,3.8
U0781,Revani,6,3.6
U0781,İrmik Helvası,7,4.0
U0781,Köfte,3,4.7
U0781,İskender Kebap,3,4.9
U0781,Pırasa Yemeği,5,4.0
U0781,Domates Çorbası,8,3.2
U0781,Mantar Çorbası,13,3.4
U0782,Pirinç Pilavı,12,4.0
U0782,Patates Kızartması,4,4.6
U0782,Kazandibi,7,3.9
U0782,Su Böreği,13,3.5
U0782,Köfte,15,3.6
U0782,Tavuk Suyu Çorbası,14,3.1
U0782,Hamsi Tava,12,3.7
U0782,Kuru Fasulye,9,4.1
U0782,Güllaç,5,4.1
U0782,Domates Çorbası,14,3.6
U0782,Sütlaç,4,3.4
U0782,Mercimek Çorbası,2,3.7
U0783,Karnıyarık,8,4.0
U0783,Zeytinyağlı Sarma,11,4.6
U0783,Güllaç,2,3.1
U0783,Mercimek Köftesi,12,3.6
U0783,Patates Salatası,14,3.2
U0783,Düğün Çorbası,6,4.0
U0783,Kemalpaşa,4,4.5
U0783,Zeytinyağlı Taze Fasulye,11,3.0
U0783,Aşure,14,4.3
U0783,Fırın Tavuk,15,3.6
U0783,Makarna,11,4.9
U0783,Et Döner,3,4.8
U0783,Ezogelin Çorbası,13,4.2
U0783,Bulgur Pilavı,8,3.3
U0784,Köfte,11,3.8
U0784,Ispanak Yemeği,12,4.7
U0784,Patates Kızartması,3,4.2
U0784,Sebze Graten,9,3.4
U0784,Tavuk Şiş,11,4.0
U0784,Patates Püresi,3,4.1
U0784,Izgara Balık,1,3.2
U0784,Su Böreği,3,4.6
U0784,Sezar Salata,10,4.1
U0784,İskender Kebap,1,3.3
U0784,Tavuk Suyu Çorbası,4,3.5
U0784,Tarhana Çorbası,3,4.5
U0784,İrmik Helvası,11,4.3
U0784,Yayla Çorbası,10,4.5
U0784,Tavukgöğsü,6,3.4
U0784,Aşure,10,3.8
U0784,Profiterol,15,4.2
U0784,Sigara Böreği,2,4.6
U0784,Piliç Topkapı,14,4.3
U0784,Zeytinyağlı Sarma,11,5.0
U0785,Zeytinyağlı Taze Fasulye,1,4.0
U0785,İskender Kebap,10,3.3
U0785,Makarna,15,4.2
U0785,Mercimek Köftesi,3,3.2
U0785,Ton Balıklı Salata,2,4.9
U0785,Kazandibi,10,3.3
U0785,Tarhana Çorbası,9,3.8
U0785,Domates Çorbası,13,3.0
U0785,Piliç Topkapı,15,3.3
U0786,Et Sote,6,4.1
U0786,İrmik Helvası,2,3.2
U0786,Zeytinyağlı Sarma,14,3.3
U0786,Ispanak Yemeği,15,3.5
U0786,Sebze Graten,7,3.9
U0786,Makarna,15,3.6
U0786,Yayla Çorbası,15,4.0
U0786,Orman Kebabı,11,3.4
U0786,Patates Püresi,2,3.0
U0786,Tavuk Suyu Çorbası,3,3.9
U0786,Tarhana Çorbası,11,4.9
U0786,Sezar Salata,9,3.1
U0786,Pirinç Pilavı,3,3.1
U0786,Tas Kebabı,2,4.0
U0786,Piliç Topkapı,14,4.4
U0786,Kemalpaşa,11,3.4
U0787,Mantar Çorbası,7,4.0
U0787,Nohut,13,4.1
U0787,Baklava,10,4.7
U0787,Tavuk Döner,13,4.9
U0787,Düğün Çorbası,1,4.1
U0787,Makarna,8,4.8
U0787,Mercimek Çorbası,3,4.3
U0787,Köfte,13,4.6
U0788,Sütlaç,9,4.2
U0788,Et Döner,8,3.8
U0788,Tavuk Döner,7,4.3
U0788,Çoban Salata,15,3.2
U0788,Sigara Böreği,8,3.9
U0788,Kadınbudu Köfte,9,3.3
U0788,Zeytinyağlı Enginar,5,3.8
U0788,Sezar Salata,8,3.0
U0788,Revani,4,4.2
U0788,Ispanak Yemeği,11,3.8
U0788,Düğün Çorbası,8,4.6
U0788,Et Sote,14,4.9
U0788,Güllaç,9,3.6
U0788,Tavuk Sote,8,4.8
U0788,Pirinç Pilavı,15,4.8
U0789,Mercimek Köftesi,13,3.9
U0789,Tavuk Döner,11,4.5
U0789,Sigara Böreği,11,3.7
U0789,Fırın Tavuk,1,4.5
U0789,Çoban Salata,9,5.0
U0789,Hamsi Tava,9,4.3
U0789,Mantar Çorbası,10,4.4
U0789,Revani,8,4.8
U0790,Güllaç,11,3.2
U0790,Ispanak Yemeği,10,3.3
U0790,Su Böreği,2,3.5
U0790,Nohut,1,4.4
U0790,Tavuk Döner,4,4.9
U0790,Karnıyarık,12,3.7
U0790,Ton Balıklı Salata,2,5.0
U0790,Patates Püresi,3,4.9
U0790,Aşure,8,3.4
U0791,Izgara Balık,6,4.8
U0791,Orman Kebabı,15,3.3
U0791,Patates Kızartması,1,4.3
U0791,Piliç Topkapı,8,4.2
U0791,Sezar Salata,15,4.7
U0791,Tavuk Sote,12,3.4
U0791,Pirinç Pilavı,12,4.6
U0792,Karnıyarık,15,4.9
U0792,Pirinç Pilavı,11,3.9
U0792,Tavuk Şiş,4,3.1
U0792,Patates Kızartması,5,3.1
U0792,Zeytinyağlı Enginar,13,4.6
U0792,Mantar Çorbası,10,4.2
U0792,Sigara Böreği,13,4.2
U0792,Mercimek Çorbası,10,4.8
U0792,Yayla Çorbası,15,3.8
U0792,Nohut,1,3.7
U0792,İrmik Helvası,7,4.8
U0792,Sebze Graten,3,3.3
U0793,Piliç Topkapı,7,4.7
U0793,Tavuk Döner,6,3.5
U0793,Makarna,13,4.1
U0793,Tas Kebabı,7,4.3
U0793,Sezar Salata,7,3.8
U0793,Baklava,1,4.9
U0793,Kazandibi,12,4.1
U0793,Tavuk Suyu Çorbası,14,4.2
U0793,Ezogelin Çorbası,8,3.3
U0793,Patates Kızartması,12,3.9
U0793,Mantar Çorbası,10,3.1
U0794,İrmik Helvası,2,4.0
U0794,Zeytinyağlı Sarma,3,3.3
U0794,Zeytinyağlı Enginar,12,3.5
U0794,Fırın Tavuk,14,3.5
U0794,Mantar Çorbası,9,4.9
U0794,Kuru Fasulye,13,3.7
U0794,Yayla Çorbası,4,4.4
U0794,Kemalpaşa,7,3.6
U0794,Tavukgöğsü,8,3.2
U0794,Orman Kebabı,11,3.8
U0795,Makarna,3,3.4
U0795,Mevsim Salata,7,3.0
U0795,Zeytinyağlı Sarma,5,3.3
U0795,Pirinç Pilavı,3,4.9
U0795,Zeytinyağlı Taze Fasulye,10,3.8
U0795,Tarhana Çorbası,4,4.0
U0795,Kazandibi,3,4.3
U0795,Su Böreği,6,4.0
U0795,Düğün Çorbası,6,4.5
U0795,Patates Kızartması,8,4.4
U0795,Çoban Salata,9,3.6
U0795,Domates Çorbası,1,4.5
U0795,Yayla Çorbası,4,3.4
U0795,Sezar Salata,12,4.0
U0795,Et Sote,14,3.8
U0796,Düğün Çorbası,7,4.6
U0796,Orman Kebabı,1,4.3
U0796,Sigara Böreği,13,3.8
U0796,Tavuk Döner,4,3.1
U0796,Zeytinyağlı Sarma,13,4.3
U0796,Kadınbudu Köfte,12,4.2
U0797,Mevsim Salata,11,3.2
U0797,Sigara Böreği,15,4.2
U0797,İmambayıldı,4,3.0
U0797,Patates Püresi,3,3.2
U0797,İskender Kebap,11,4.6
U0797,Yayla Çorbası,1,4.0
U0797,Bulgur Pilavı,4,3.5
U0797,Fırın Tavuk,12,4.6
U0797,Zeytinyağlı Taze Fasulye,2,4.3
U0797,Kuru Fasulye,1,3.2
U0797,Patates Kızartması,7,4.1
U0797,Sebze Graten,10,4.4
U0797,Ton Balıklı Salata,3,5.0
U0797,Profiterol,10,4.7
U0797,Ispanak Yemeği,7,4.4
U0797,Sezar Salata,12,4.8
U0797,Kazandibi,4,4.7
U0797,Orman Kebabı,13,4.9
U0797,Karnıyarık,10,4.6
U0797,Mercimek Köftesi,14,4.5
U0798,Rus Salatası,10,4.1
U0798,İrmik Helvası,11,3.1
U0798,Tavukgöğsü,7,4.1
U0798,Bulgur Pilavı,6,3.1
U0798,Tavuk Döner,1,3.9
U0798,Kemalpaşa,10,4.9
U0798,Kuru Fasulye,10,4.5
U0798,Izgara Balık,1,4.8
U0798,Mercimek Çorbası,3,4.8
U0798,Tavuk Suyu Çorbası,6,4.4
U0798,Zeytinyağlı Taze Fasulye,4,3.8
U0799,Ispanak Yemeği,15,4.3
U0799,Makarna,3,4.5
U0799,Pirinç Pilavı,2,3.8
U0799,Ton Balıklı Salata,13,3.1
U0799,Patates Kızartması,14,4.6
U0799,Mevsim Salata,1,3.4
U0799,Güllaç,8,4.7
U0799,Zeytinyağlı Taze Fasulye,3,4.7
U0799,Sütlaç,1,4.3
U0799,İmambayıldı,12,4.7
U0799,Mercimek Köftesi,14,3.4
U0799,İskender Kebap,13,4.5
U0799,Köfte,6,5.0
U0799,Kazandibi,13,3.6
U0799,Sigara Böreği,15,4.5
U0799,Karnıyarık,15,4.5
U0799,Piliç Topkapı,6,4.4
U0799,Hamsi Tava,8,4.2
U0799,Tavuk Sote,2,3.9
U0800,Nohut,3,3.4
U0800,Mercimek Çorbası,10,3.3
U0800,Tavuk Suyu Çorbası,9,3.5
U0800,Izgara Balık,14,4.1
U0800,Güllaç,3,4.2
U0800,Tavukgöğsü,9,3.2
U0800,Sigara Böreği,9,3.8
U0800,Köfte,3,4.4
U0800,Tavuk Şiş,8,5.0
U0800,Et Döner,10,3.2
U0800,Tas Kebabı,8,4.0
U0800,Sezar Salata,6,4.6
U0800,Zeytinyağlı Enginar,14,3.5
U0800,Makarna,14,3.8
U0801,Zeytinyağlı Enginar,12,4.3
U0801,Bulgur Pilavı,10,4.6
U0801,Fırın Tavuk,11,3.0
U0801,Aşure,14,4.2
U0801,Et Sote,11,4.3
U0802,Patates Püresi,7,3.9
U0802,Patates Salatası,6,3.7
U0802,Ispanak Yemeği,12,4.6
U0802,Nohut,5,4.3
U0802,Sebze Graten,4,3.3
U0802,Tavuk Şiş,1,4.9
U0802,Kazandibi,2,3.5
U0802,Profiterol,6,4.5
U0802,Pirinç Pilavı,10,3.9
U0802,Kuru Fasulye,8,3.2
U0802,Tavukgöğsü,6,4.9
U0803,Ezogelin Çorbası,8,4.8
U0803,Revani,4,3.9
U0803,Baklava,3,4.1
U0803,Köfte,8,4.3
U0803,Mevsim Salata,14,5.0
U0803,İmambayıldı,8,4.5
U0803,Rus Salatası,7,3.5
U0803,Patates Salatası,14,4.8
U0803,Zeytinyağlı Enginar,2,3.1
U0803,Fırın Tavuk,10,3.6
U0803,Yayla Çorbası,4,5.0
U0803,Çoban Salata,3,3.5
U0803,Sezar Salata,1,5.0
U0803,Zeytinyağlı Taze Fasulye,7,4.5
U0803,Karnıyarık,10,3.7
U0803,Et Sote,4,3.1
U0804,Pirinç Pilavı,12,3.3
U0804,Profiterol,10,4.1
U0804,Revani,15,3.0
U0804,Fırın Tavuk,9,3.5
U0804,Ispanak Yemeği,14,4.6
U0804,Mercimek Köftesi,8,3.3
U0804,Zeytinyağlı Sarma,14,3.5
U0805,Mevsim Salata,4,4.6
U0805,Ispanak Yemeği,4,4.5
U0805,Sigara Böreği,5,5.0
U0805,Fırın Tavuk,12,4.3
U0805,Mercimek Köftesi,13,4.7
U0805,Makarna,15,3.0
U0806,Karnıyarık,11,4.8
U0806,Revani,13,4.5
U0806,Ispanak Yemeği,1,3.7
U0806,Aşure,9,4.1
U0806,Tavuk Suyu Çorbası,1,4.4
U0806,Mantar Çorbası,15,5.0
U0807,Domates Çorbası,11,3.3
U0807,Tavuk Şiş,8,4.2
U0807,Tavuk Sote,9,3.5
U0807,Et Sote,10,3.8
U0807,Izgara Balık,12,4.6
U0807,İmambayıldı,12,4.4
U0807,Rus Salatası,15,4.1
U0807,İrmik Helvası,3,3.3
U0807,Güllaç,7,4.6
U0807,Su Böreği,2,3.1
U0808,Mercimek Köftesi,3,4.2
U0808,Tavuk Sote,6,3.3
U0808,Patates Salatası,5,3.5
U0808,Orman Kebabı,8,3.9
U0808,Sebze Graten,5,4.4
U0809,Karnıyarık,10,3.1
U0809,Su Böreği,7,3.2
U0809,Sigara Böreği,14,4.0
U0809,Ezogelin Çorbası,2,3.1
U0809,Tavuk Sote,2,4.7
U0810,İrmik Helvası,4,4.1
U0810,Hamsi Tava,3,3.3
U0810,İskender Kebap,5,4.7
U0810,Baklava,15,4.6
U0810,Mercimek Çorbası,4,4.6
U0810,Tavuk Şiş,14,4.4
U0810,Orman Kebabı,10,4.2
U0810,Tarhana Çorbası,15,3.9
U0810,Düğün Çorbası,14,5.0
U0810,Profiterol,2,3.0
U0810,Zeytinyağlı Sarma,7,4.4
U0810,Ezogelin Çorbası,2,3.6
U0810,Kazandibi,8,5.0
U0810,Sebze Graten,10,4.4
U0811,Pirinç Pilavı,8,4.2
U0811,Izgara Balık,2,3.5
U0811,Patates Kızartması,8,3.9
U0811,Mevsim Salata,6,3.4
U0811,Köfte,9,4.4
U0811,Tavuk Şiş,8,4.7
U0811,Su Böreği,9,4.1
U0811,Tas Kebabı,2,3.2
U0811,Sütlaç,15,3.1
U0811,Zeytinyağlı Taze Fasulye,4,4.5
U0811,Karnıyarık,5,3.8
U0811,Nohut,7,4.5
U0811,Bulgur Pilavı,4,3.5
U0811,İmambayıldı,9,4.2
U0811,Baklava,7,4.1
U0811,Domates Çorbası,6,4.7
U0812,Kazandibi,12,4.3
U0812,Pırasa Yemeği,14,3.5
U0812,Sebze Graten,9,3.8
U0812,Rus Salatası,1,3.4
U0812,Mantar Çorbası,7,3.5
U0812,Baklava,9,3.0
U0812,Hamsi Tava,7,3.7
U0812,Orman Kebabı,3,4.4
U0812,Güllaç,2,4.9
U0813,Makarna,3,4.0
U0813,Pırasa Yemeği,10,4.7
U0813,Tavuk Sote,9,4.1
U0813,Sigara Böreği,8,4.4
U0813,Kadınbudu Köfte,10,4.2
U0813,Et Döner,15,3.2
U0813,Bulgur Pilavı,10,4.6
U0814,Hamsi Tava,8,3.8
U0814,Ispanak Yemeği,12,4.8
U0814,Gavurdağı Salata,8,3.8
U0814,Et Sote,6,3.2
U0814,Bulgur Pilavı,3,3.3
U0814,Tavuk Döner,3,4.7
U0814,Nohut,12,4.9
U0814,Patates Kızartması,13,4.8
U0814,Sebze Graten,11,4.6
U0814,Yayla Çorbası,6,3.6
U0815,Kuru Fasulye,5,4.4
U0815,Rus Salatası,1,4.7
U0815,Güllaç,1,4.5
U0815,Karnıyarık,4,3.2
U0815,Et Sote,13,4.5
U0815,Aşure,13,4.3
U0815,Bulgur Pilavı,8,4.7
U0815,Kazandibi,3,4.8
U0815,Tas Kebabı,10,4.6
U0815,Zeytinyağlı Enginar,9,4.5
U0815,Et Döner,11,3.9
U0815,Tarhana Çorbası,5,3.9
U0815,Mevsim Salata,5,3.5
U0815,Pirinç Pilavı,6,3.7
U0815,Kemalpaşa,1,3.7
U0816,Kadınbudu Köfte,7,4.1
U0816,İmambayıldı,9,5.0
U0816,Ispanak Yemeği,1,3.3
U0816,Tas Kebabı,15,3.7
U0816,Zeytinyağlı Taze Fasulye,15,3.9
U0816,Zeytinyağlı Sarma,4,3.2
U0817,Köfte,14,4.8
U0817,Güllaç,14,3.4
U0817,İmambayıldı,5,4.2
U0817,Zeytinyağlı Enginar,14,4.9
U0817,Kazandibi,12,3.8
U0817,Rus Salatası,8,3.7
U0817,Ton Balıklı Salata,11,3.4
U0817,Pirinç Pilavı,14,4.0
U0817,Kemalpaşa,12,3.6
U0817,Mevsim Salata,5,4.5
U0818,Patates Püresi,7,4.0
U0818,Izgara Balık,15,3.6
U0818,Köfte,1,4.5
U0818,Fırın Tavuk,11,3.0
U0818,Tavuk Suyu Çorbası,13,3.3
U0818,Mantar Çorbası,4,3.2
U0818,Karnıyarık,13,4.4
U0818,Sebze Graten,1,4.9
U0818,Kazandibi,5,3.5
U0818,Domates Çorbası,14,3.3
U0818,İrmik Helvası,2,4.4
U0818,Sezar Salata,2,3.4
U0819,Et Döner,2,4.4
U0819,Hamsi Tava,11,3.8
U0819,Rus Salatası,11,4.4
U0819,İmambayıldı,10,3.8
U0819,Et Sote,9,4.8
U0819,Aşure,14,5.0
U0819,Tavuk Döner,7,3.9
U0819,Yayla Çorbası,12,3.8
U0819,Makarna,5,4.9
U0819,Orman Kebabı,13,4.6
U0819,Pirinç Pilavı,4,3.3
U0819,Zeytinyağlı Sarma,14,3.5
U0820,Kazandibi,4,3.7
U0820,Sütlaç,9,4.7
U0820,Nohut,1,4.1
U0820,Mercimek Köftesi,8,4.3
U0820,Baklava,3,4.6
U0820,Güllaç,10,3.8
U0820,Mevsim Salata,10,4.8
U0820,Tavuk Döner,15,4.9
U0820,Fırın Tavuk,6,3.8
U0820,Ezogelin Çorbası,3,4.2
U0820,Rus Salatası,10,4.2
U0820,Ispanak Yemeği,15,3.7
U0820,İrmik Helvası,9,3.3
U0820,Ton Balıklı Salata,8,3.2
U0820,Izgara Balık,5,4.5
U0820,Orman Kebabı,15,3.8
U0820,Mantar Çorbası,15,3.5
U0820,Tas Kebabı,13,3.4
U0820,Kadınbudu Köfte,15,4.4
U0820,Sebze Graten,11,3.1
U0821,İrmik Helvası,12,3.5
U0821,Mantar Çorbası,10,4.4
U0821,Güllaç,4,4.4
U0821,Sigara Böreği,12,3.6
U0821,Zeytinyağlı Taze Fasulye,1,3.8
U0821,Düğün Çorbası,8,3.6
U0821,İskender Kebap,5,3.6
U0821,Piliç Topkapı,15,4.2
U0821,Pırasa Yemeği,14,4.3
U0821,Domates Çorbası,11,3.7
U0821,Sütlaç,1,3.8
U0821,Yayla Çorbası,1,3.9
U0821,Et Sote,9,4.0
U0821,Tavuk Şiş,15,3.2
U0822,Tavukgöğsü,12,4.7
U0822,Pırasa Yemeği,7,4.4
U0822,Hamsi Tava,3,3.4
U0822,Karnıyarık,14,3.3
U0822,Profiterol,10,3.4
U0822,Mercimek Çorbası,11,4.1
U0822,Ispanak Yemeği,11,4.4
U0822,İskender Kebap,1,3.8
U0822,Revani,6,4.3
U0822,Zeytinyağlı Taze Fasulye,13,3.0
U0822,Tavuk Suyu Çorbası,3,4.6
U0822,Sebze Graten,14,4.6
U0822,Ton Balıklı Salata,5,4.4
U0822,Makarna,7,3.7
U0822,Mevsim Salata,2,3.8
U0822,İrmik Helvası,5,3.3
U0822,Çoban Salata,12,4.8
U0823,Tavuk Şiş,7,4.8
U0823,Sezar Salata,11,3.9
U0823,İrmik Helvası,4,4.4
U0823,Patates Salatası,9,4.4
U0823,Zeytinyağlı Taze Fasulye,15,4.5
U0823,Tavuk Sote,8,3.9
U0823,Mercimek Çorbası,13,3.5
U0823,Et Döner,5,3.6
U0823,Pirinç Pilavı,14,3.4
U0824,Bulgur Pilavı,10,3.4
U0824,Tavuk Sote,9,4.5
U0824,Kadınbudu Köfte,13,3.2
U0824,Revani,15,3.2
U0824,İskender Kebap,3,3.6
U0824,Gavurdağı Salata,13,4.6
U0824,Zeytinyağlı Sarma,13,4.1
U0824,Ton Balıklı Salata,11,3.3
U0824,Kazandibi,4,3.1
U0824,Makarna,13,3.6
U0824,Kemalpaşa,9,3.2
U0824,Aşure,12,4.8
U0824,Tavuk Şiş,14,3.8
U0824,İrmik Helvası,15,3.4
U0824,Yayla Çorbası,15,3.3
U0824,Tavukgöğsü,1,3.6
U0825,Tavuk Suyu Çorbası,14,4.6
U0825,Düğün Çorbası,15,3.5
U0825,İrmik Helvası,7,3.6
U0825,Çoban Salata,9,4.0
U0825,Baklava,12,3.2
U0825,Tavuk Sote,13,3.9
U0825,Yayla Çorbası,14,3.4
U0825,Mercimek Çorbası,6,4.5
U0825,Ispanak Yemeği,13,4.4
U0825,Mercimek Köftesi,13,4.5
U0825,İmambayıldı,4,4.2
U0825,Zeytinyağlı Enginar,4,3.4
U0825,Su Böreği,8,3.5
U0825,Köfte,9,4.6
U0825,Pırasa Yemeği,6,3.5
U0825,Revani,7,4.2
U0826,İmambayıldı,13,3.1
U0826,Zeytinyağlı Sarma,12,4.8
U0826,Pirinç Pilavı,9,4.5
U0826,Düğün Çorbası,6,3.9
U0826,Zeytinyağlı Taze Fasulye,3,4.9
U0826,Patates Salatası,1,3.1
U0826,Nohut,2,3.2
U0826,Pırasa Yemeği,6,4.6
U0826,İrmik Helvası,9,5.0
U0826,Ezogelin Çorbası,8,3.7
U0826,Köfte,5,3.4
U0826,Aşure,10,4.5
U0826,Et Döner,13,4.9
U0827,Yayla Çorbası,1,4.7
U0827,Rus Salatası,7,3.6
U0827,Profiterol,4,3.7
U0827,Tavuk Sote,12,3.1
U0827,Zeytinyağlı Taze Fasulye,14,4.5
U0827,Makarna,2,3.6
U0827,Zeytinyağlı Sarma,15,4.0
U0827,İskender Kebap,11,3.2
U0827,Kadınbudu Köfte,8,4.1
U0827,Izgara Balık,5,4.7
U0827,Et Döner,13,3.7
U0827,Pırasa Yemeği,6,3.5
U0827,Aşure,12,4.7
U0827,Et Sote,15,4.2
U0827,Karnıyarık,7,3.1
U0827,Sütlaç,15,5.0
U0827,Sigara Böreği,5,3.7
U0827,Patates Salatası,6,3.1
U0828,Pırasa Yemeği,6,3.8
U0828,Fırın Tavuk,12,3.6
U0828,Et Sote,3,3.0
U0828,Kazandibi,4,3.9
U0828,Tavuk Şiş,1,4.9
U0828,Piliç Topkapı,5,3.4
U0828,Kadınbudu Köfte,5,4.4
U0828,Patates Salatası,4,3.0
U0828,Patates Kızartması,6,3.4
U0828,Izgara Balık,1,4.5
U0828,Düğün Çorbası,8,3.6
U0828,Güllaç,12,4.7
U0828,Çoban Salata,7,3.5
U0828,Nohut,15,4.5
U0828,Hamsi Tava,2,3.4
U0829,Yayla Çorbası,9,3.8
U0829,Mercimek Köftesi,9,4.9
U0829,Et Sote,4,3.7
U0829,Güllaç,10,3.1
U0829,Düğün Çorbası,12,4.8
U0829,Çoban Salata,8,3.1
U0829,Revani,8,3.9
U0829,Patates Kızartması,11,4.7
U0829,Sebze Graten,2,3.5
U0829,Su Böreği,11,3.8
U0830,Nohut,6,4.7
U0830,Bulgur Pilavı,7,3.8
U0830,Pirinç Pilavı,5,4.6
U0830,İskender Kebap,13,3.3
U0830,Domates Çorbası,12,4.2
U0830,Mercimek Çorbası,15,4.6
U0830,Yayla Çorbası,6,4.0
U0830,Baklava,4,3.5
U0830,Su Böreği,2,5.0
U0830,Patates Salatası,3,4.9
U0830,Mevsim Salata,12,3.8
U0830,Ton Balıklı Salata,12,3.0
U0830,Tavuk Sote,10,4.5
U0830,Sezar Salata,6,3.6
U0830,Çoban Salata,13,3.7
U0830,Tavukgöğsü,1,3.4
U0830,Kadınbudu Köfte,2,4.9
U0830,Mantar Çorbası,11,3.2
U0831,Köfte,7,3.6
U0831,Sezar Salata,11,4.2
U0831,Tavuk Sote,13,3.8
U0831,Mercimek Köftesi,10,4.7
U0831,Pırasa Yemeği,1,4.3
U0831,Piliç Topkapı,9,3.6
U0832,Çoban Salata,10,4.6
U0832,Mercimek Köftesi,3,4.0
U0832,İskender Kebap,9,3.6
U0832,Tas Kebabı,2,4.7
U0832,Sigara Böreği,10,4.8
U0832,Zeytinyağlı Sarma,13,4.4
U0832,Zeytinyağlı Enginar,8,5.0
U0832,Su Böreği,6,4.8
U0833,Köfte,15,4.1
U0833,Sigara Böreği,4,3.4
U0833,Et Döner,9,3.6
U0833,Baklava,6,3.8
U0833,Karnıyarık,11,4.6
U0833,Aşure,5,4.5
U0833,Nohut,12,4.7
U0833,Patates Kızartması,1,3.9
U0833,Gavurdağı Salata,5,4.8
U0833,İrmik Helvası,3,3.7
U0833,Tavuk Döner,8,4.5
U0833,Kazandibi,2,4.3
U0834,Tas Kebabı,10,4.3
U0834,Pirinç Pilavı,7,3.2
U0834,Sütlaç,6,4.9
U0834,Orman Kebabı,2,3.5
U0834,Kadınbudu Köfte,4,4.0
U0834,Hamsi Tava,4,4.5
U0834,Zeytinyağlı Taze Fasulye,5,3.9
U0834,Mercimek Köftesi,5,3.6
U0834,Nohut,12,4.2
U0834,Rus Salatası,7,4.0
U0834,Su Böreği,8,3.7
U0834,Köfte,1,4.8
U0834,Tavuk Suyu Çorbası,7,4.3
U0834,Ezogelin Çorbası,4,4.1
U0835,Bulgur Pilavı,5,3.8
U0835,Köfte,10,4.7
U0835,Düğün Çorbası,9,4.8
U0835,Patates Salatası,15,3.5
U0835,İrmik Helvası,8,4.5
U0835,Zeytinyağlı Taze Fasulye,2,3.3
U0835,Güllaç,4,4.1
U0835,Tavuk Şiş,2,3.6
U0835,Tavuk Döner,15,3.9
U0835,Patates Kızartması,8,3.0
U0835,İskender Kebap,11,4.4
U0835,Karnıyarık,8,4.9
U0835,Mercimek Köftesi,11,3.3
U0835,Aşure,15,4.2
U0835,Izgara Balık,1,3.2
U0835,Pırasa Yemeği,13,4.7
U0835,Mercimek Çorbası,7,3.6
U0835,Zeytinyağlı Sarma,11,3.8
U0836,Tavuk Şiş,9,4.1
U0836,Kazandibi,2,4.9
U0836,Piliç Topkapı,7,4.4
U0836,Baklava,2,4.5
U0836,Domates Çorbası,13,3.5
U0836,Kuru Fasulye,8,3.2
U0836,Pırasa Yemeği,1,3.9
U0836,Patates Püresi,8,3.3
U0836,Zeytinyağlı Taze Fasulye,7,4.5
U0836,Makarna,9,3.2
U0836,Mevsim Salata,1,3.8
U0836,Yayla Çorbası,14,4.3
U0836,Izgara Balık,3,4.1
U0836,Nohut,3,4.5
U0836,Patates Salatası,4,4.9
U0836,Hamsi Tava,6,3.3
U0836,Tarhana Çorbası,12,3.9
U0837,Pırasa Yemeği,7,3.5
U0837,Zeytinyağlı Taze Fasulye,13,4.2
U0837,Su Böreği,14,3.0
U0837,Tavuk Suyu Çorbası,11,4.3
U0837,Kuru Fasulye,6,3.3
U0837,İmambayıldı,13,4.0
U0838,Patates Püresi,6,4.9
U0838,Et Döner,6,3.3
U0838,Sütlaç,4,4.1
U0838,Orman Kebabı,1,3.0
U0838,Mantar Çorbası,1,3.5
U0838,Kadınbudu Köfte,9,4.9
U0838,Çoban Salata,11,4.2
U0838,Patates Salatası,1,4.3
U0838,Izgara Balık,14,4.4
U0838,Tavuk Döner,4,3.3
U0839,Izgara Balık,13,4.5
U0839,Sezar Salata,11,3.7
U0839,İskender Kebap,12,4.0
U0839,Çoban Salata,11,4.2
U0839,Zeytinyağlı Sarma,6,5.0
U0839,Nohut,3,3.4
U0839,Hamsi Tava,11,4.4
U0839,Makarna,7,4.4
U0839,Et Döner,3,3.3
U0839,Et Sote,10,4.0
U0839,Mantar Çorbası,4,4.7
U0839,Tavuk Döner,4,3.2
U0839,Düğün Çorbası,2,4.4
U0839,İrmik Helvası,9,3.7
U0839,Pırasa Yemeği,3,3.5
U0839,İmambayıldı,2,4.2
U0840,Bulgur Pilavı,10,4.2
U0840,Kadınbudu Köfte,6,4.9
U0840,İmambayıldı,14,4.4
U0840,Pırasa Yemeği,15,5.0
U0840,Izgara Balık,13,3.7
U0840,Et Döner,3,4.1
U0840,Zeytinyağlı Sarma,9,4.7
U0840,Karnıyarık,10,4.4
U0840,Patates Püresi,7,3.2
U0840,Profiterol,11,4.6
U0840,Sezar Salata,11,3.7
U0840,İskender Kebap,6,3.4
U0841,Tarhana Çorbası,8,3.7
U0841,Tavuk Döner,14,4.8
U0841,Ton Balıklı Salata,6,4.6
U0841,Ezogelin Çorbası,11,3.8
U0841,Profiterol,8,4.3
U0841,Ispanak Yemeği,15,4.2
U0841,Köfte,7,3.6
U0841,Tavuk Şiş,9,4.2
U0841,Et Döner,2,4.7
U0841,İmambayıldı,7,3.2
U0841,Makarna,9,4.3
U0841,Aşure,8,4.8
U0841,Revani,11,3.1
U0841,Kemalpaşa,6,3.3
U0841,Kazandibi,1,4.9
U0841,Baklava,14,4.6
U0841,Zeytinyağlı Sarma,13,3.7
U0841,Sebze Graten,12,3.1
U0841,Karnıyarık,3,4.3
U0841,Patates Salatası,1,3.2
U0842,Karnıyarık,15,3.1
U0842,Güllaç,11,4.8
U0842,Rus Salatası,1,4.5
U0842,Makarna,10,3.5
U0842,Kuru Fasulye,8,4.9
U0842,Nohut,15,4.7
U0842,Kemalpaşa,13,4.4
U0842,Pirinç Pilavı,14,4.4
U0842,Domates Çorbası,13,4.0
U0843,Aşure,3,3.2
U0843,İskender Kebap,15,4.9
U0843,Bulgur Pilavı,2,3.8
U0843,Baklava,9,3.5
U0843,Tavuk Döner,9,3.5
U0843,Su Böreği,13,3.7
U0843,Zeytinyağlı Enginar,7,4.7
U0843,Makarna,11,5.0
U0843,Ispanak Yemeği,4,3.1
U0843,Fırın Tavuk,8,4.9
U0844,Sezar Salata,11,4.8
U0844,Domates Çorbası,8,3.2
U0844,İmambayıldı,12,4.5
U0844,Fırın Tavuk,12,4.4
U0844,Ispanak Yemeği,10,3.9
U0844,Zeytinyağlı Enginar,9,3.6
U0844,İrmik Helvası,3,4.5
U0844,Mercimek Köftesi,12,4.5
U0844,Çoban Salata,8,4.3
U0844,Karnıyarık,11,3.1
U0844,Pirinç Pilavı,4,3.8
U0844,Patates Püresi,1,3.5
U0844,Et Döner,9,4.5
U0844,Zeytinyağlı Taze Fasulye,13,4.2
U0844,Tavuk Sote,3,3.9
U0845,Domates Çorbası,8,4.4
U0845,Profiterol,3,4.0
U0845,Rus Salatası,11,4.6
U0845,Hamsi Tava,6,4.1
U0845,Piliç Topkapı,13,4.0
U0846,Tas Kebabı,6,3.2
U0846,Izgara Balık,2,5.0
U0846,Patates Salatası,7,3.8
U0846,Tavuk Suyu Çorbası,3,3.4
U0846,Mantar Çorbası,7,4.6
U0846,Pirinç Pilavı,15,3.1
U0846,Tavuk Döner,2,3.8
U0846,Sezar Salata,4,3.2
U0846,Makarna,12,3.6
U0846,Sebze Graten,10,4.3
U0847,Et Sote,15,4.8
U0847,Su Böreği,1,3.6
U0847,Domates Çorbası,12,3.4
U0847,Piliç Topkapı,1,4.6
U0847,Patates Püresi,9,3.2
U0847,Tavuk Suyu Çorbası,5,3.6
U0847,Tavuk Sote,12,4.6
U0847,Mercimek Köftesi,14,4.5
U0847,Bulgur Pilavı,12,4.9
U0847,Hamsi Tava,4,3.2
U0847,Zeytinyağlı Sarma,9,3.4
U0847,Sigara Böreği,5,3.1
U0847,Güllaç,13,4.4
U0847,Izgara Balık,5,3.2
U0847,Ton Balıklı Salata,6,4.5
U0847,Ezogelin Çorbası,15,4.2
U0848,Sütlaç,2,4.8
U0848,Zeytinyağlı Taze Fasulye,8,4.1
U0848,Köfte,3,4.8
U0848,Tavuk Şiş,13,3.9
U0848,Profiterol,13,4.5
U0848,Nohut,9,3.0
U0849,Aşure,7,4.4
U0849,Pirinç Pilavı,9,3.4
U0849,Bulgur Pilavı,12,3.7
U0849,Makarna,10,3.6
U0849,İmambayıldı,12,4.2
U0849,Et Döner,13,4.8
U0849,Hamsi Tava,10,4.2
U0849,Revani,7,4.7
U0850,Tavuk Döner,11,3.4
U0850,İskender Kebap,7,4.4
U0850,Orman Kebabı,5,4.5
U0850,Güllaç,14,3.7
U0850,Kazandibi,6,3.6
U0850,Kadınbudu Köfte,15,3.2
U0850,Mevsim Salata,12,4.0
U0850,Zeytinyağlı Enginar,13,3.5
U0850,Yayla Çorbası,12,4.3
U0850,İrmik Helvası,4,3.8
U0850,Nohut,8,4.4
U0850,Düğün Çorbası,7,4.1
U0850,Ton Balıklı Salata,13,3.0
U0850,Et Döner,2,5.0
U0850,Ispanak Yemeği,11,3.4
U0850,Sigara Böreği,7,5.0
U0851,Düğün Çorbası,14,3.1
U0851,Tavuk Döner,13,4.8
U0851,Revani,13,3.2
U0851,Güllaç,6,3.9
U0851,Ispanak Yemeği,13,3.6
U0851,Çoban Salata,14,3.8
U0851,Hamsi Tava,15,3.7
U0851,Köfte,11,3.0
U0851,Tavuk Suyu Çorbası,10,4.1
U0851,Domates Çorbası,3,3.3
U0851,Kemalpaşa,5,4.2
U0851,Rus Salatası,8,4.9
U0852,Revani,3,4.2
U0852,Et Döner,7,3.5
U0852,Et Sote,12,4.6
U0852,İmambayıldı,6,4.9
U0852,Gavurdağı Salata,8,4.2
U0852,Patates Kızartması,14,3.7
U0852,Zeytinyağlı Sarma,7,3.4
U0852,Yayla Çorbası,7,4.5
U0852,Çoban Salata,12,5.0
U0852,Nohut,3,3.4
U0852,Sezar Salata,1,3.2
U0852,Kemalpaşa,10,3.2
U0852,Mercimek Çorbası,3,4.4
U0852,Domates Çorbası,2,3.2
U0852,Tavuk Döner,8,3.6
U0852,Sigara Böreği,10,4.5
U0852,Tavuk Suyu Çorbası,11,3.0
U0853,İrmik Helvası,13,3.6
U0853,Zeytinyağlı Sarma,6,4.1
U0853,Orman Kebabı,2,3.7
U0853,Mantar Çorbası,11,4.0
U0853,Zeytinyağlı Taze Fasulye,1,3.6
U0853,Köfte,6,4.7
U0853,Fırın Tavuk,8,4.1
U0853,Ezogelin Çorbası,2,3.4
U0853,Zeytinyağlı Enginar,10,3.4
U0853,Et Döner,14,4.1
U0853,Kemalpaşa,15,3.2
U0853,Kazandibi,4,3.6
U0853,Pırasa Yemeği,14,3.5
U0853,Tavukgöğsü,15,4.5
U0853,Mercimek Köftesi,10,5.0
U0853,Sütlaç,3,3.9
U0853,Nohut,14,3.7
U0854,Patates Salatası,7,3.2
U0854,Yayla Çorbası,10,5.0
U0854,Tavukgöğsü,15,3.6
U0854,Köfte,11,4.7
U0854,Et Döner,3,4.9
U0854,Sebze Graten,1,4.1
U0854,Sezar Salata,9,4.6
U0854,İskender Kebap,12,3.5
U0854,Bulgur Pilavı,10,3.6
U0854,Pirinç Pilavı,3,3.9
U0854,Çoban Salata,11,4.1
U0854,Sigara Böreği,15,4.5
U0854,Nohut,8,3.1
U0854,Ton Balıklı Salata,10,4.4
U0854,Ezogelin Çorbası,1,3.9
U0854,Kemalpaşa,3,3.6
U0854,Mercimek Köftesi,10,4.0
U0854,Tavuk Şiş,11,4.6
U0855,Zeytinyağlı Taze Fasulye,10,4.5
U0855,Et Döner,7,3.4
U0855,Mevsim Salata,2,3.6
U0855,Hamsi Tava,8,4.1
U0855,Profiterol,8,4.5
U0855,Et Sote,14,3.2
U0855,Sezar Salata,3,4.2
U0855,Zeytinyağlı Enginar,11,4.0
U0855,Baklava,6,3.4
U0855,Mantar Çorbası,4,3.2
U0855,İrmik Helvası,2,4.8
U0855,Su Böreği,11,4.8
U0855,Ispanak Yemeği,11,4.6
U0855,Mercimek Köftesi,7,4.8
U0855,Patates Salatası,8,3.1
U0856,Mercimek Çorbası,4,3.1
U0856,Pirinç Pilavı,12,3.2
U0856,Karnıyarık,4,4.3
U0856,Tavuk Sote,3,3.8
U0856,İmambayıldı,11,4.9
U0856,Tavukgöğsü,10,4.2
U0856,Bulgur Pilavı,13,4.7
U0857,Sigara Böreği,13,3.9
U0857,Pırasa Yemeği,6,3.2
U0857,Tavuk Sote,5,4.4
U0857,Patates Püresi,13,3.1
U0857,Nohut,10,4.3
U0857,Zeytinyağlı Enginar,14,3.2
U0857,Kemalpaşa,1,3.6
U0857,Profiterol,7,4.0
U0857,İskender Kebap,3,4.8
U0857,Orman Kebabı,12,3.9
U0857,Güllaç,13,4.5
U0857,Tavuk Şiş,8,3.1
U0857,Tavuk Suyu Çorbası,10,4.4
U0858,Tavuk Suyu Çorbası,8,3.1
U0858,Düğün Çorbası,11,4.9
U0858,Profiterol,1,3.2
U0858,Kazandibi,12,4.5
U0858,Et Döner,14,4.2
U0858,Zeytinyağlı Sarma,1,4.9
U0858,Patates Kızartması,1,3.5
U0859,Aşure,9,3.9
U0859,Tarhana Çorbası,12,4.7
U0859,Tavuk Sote,9,3.0
U0859,Izgara Balık,15,4.3
U0859,Bulgur Pilavı,5,3.6
U0859,Ton Balıklı Salata,11,4.1
U0859,Ispanak Yemeği,8,4.2
U0859,Su Böreği,3,4.0
U0859,Rus Salatası,13,5.0
U0859,İrmik Helvası,10,3.7
U0859,Profiterol,9,3.7
U0859,Kemalpaşa,11,4.8
U0859,Nohut,5,4.4
U0859,Fırın Tavuk,6,3.3
U0859,Sezar Salata,8,4.9
U0860,Tavuk Sote,7,3.2
U0860,Köfte,6,4.4
U0860,Profiterol,1,4.1
U0860,Orman Kebabı,7,4.6
U0860,Çoban Salata,6,3.6
U0860,Zeytinyağlı Sarma,10,3.3
U0860,Zeytinyağlı Taze Fasulye,1,4.5
U0860,Et Döner,9,4.2
U0860,Sezar Salata,8,4.0
U0860,Mercimek Köftesi,6,4.6
U0860,Aşure,10,3.3
U0860,Mevsim Salata,9,4.8
U0860,Su Böreği,8,3.8
U0860,Pırasa Yemeği,4,4.8
U0860,Makarna,2,4.0
U0861,Su Böreği,10,4.5
U0861,Karnıyarık,1,4.9
U0861,Kemalpaşa,14,4.8
U0861,Sezar Salata,4,4.2
U0861,Tavuk Suyu Çorbası,10,3.6
U0862,Kazandibi,1,3.7
U0862,Nohut,9,4.8
U0862,Düğün Çorbası,3,4.8
U0862,Et Sote,2,3.7
U0862,Pirinç Pilavı,3,4.5
U0862,Zeytinyağlı Enginar,14,4.4
U0862,Tarhana Çorbası,13,5.0
U0862,Zeytinyağlı Sarma,11,4.1
U0862,Sigara Böreği,9,4.2
U0862,Revani,12,3.5
U0862,Patates Salatası,12,4.1
U0862,Profiterol,1,4.3
U0862,Hamsi Tava,12,3.7
U0862,Kemalpaşa,11,3.7
U0862,Kuru Fasulye,11,3.9
U0862,Pırasa Yemeği,9,4.1
U0862,Güllaç,13,3.2
U0863,Tavukgöğsü,14,3.9
U0863,Et Sote,11,3.0
U0863,Mantar Çorbası,11,4.5
U0863,Mevsim Salata,10,4.9
U0863,Kazandibi,14,4.4
U0863,Güllaç,10,4.7
U0863,Ezogelin Çorbası,9,4.7
U0864,Ton Balıklı Salata,4,3.8
U0864,Et Sote,11,4.3
U0864,İskender Kebap,1,3.6
U0864,Çoban Salata,1,4.3
U0864,Hamsi Tava,13,3.4
U0864,Sütlaç,2,4.0
U0865,Tavuk Suyu Çorbası,14,4.1
U0865,Sebze Graten,2,4.9
U0865,Orman Kebabı,7,3.4
U0865,Ispanak Yemeği,9,4.1
U0865,Et Sote,4,4.8
U0865,Rus Salatası,6,4.6
U0865,Patates Püresi,13,4.0
U0865,Düğün Çorbası,7,4.2
U0865,Makarna,12,3.1
U0865,Zeytinyağlı Taze Fasulye,7,4.9
U0865,Karnıyarık,3,4.9
U0865,Yayla Çorbası,7,3.5
U0865,Sezar Salata,3,3.9
U0865,Pirinç Pilavı,10,3.4
U0866,Et Döner,12,4.2
U0866,Gavurdağı Salata,9,3.9
U0866,Çoban Salata,10,3.5
U0866,Tavuk Sote,5,4.1
U0866,Karnıyarık,14,4.5
U0866,Hamsi Tava,12,3.8
U0866,Baklava,3,3.7
U0866,Aşure,5,4.8
U0866,Kadınbudu Köfte,6,4.8
U0866,Profiterol,9,3.4
U0866,Izgara Balık,15,4.1
U0866,Pırasa Yemeği,8,3.7
U0866,Sebze Graten,4,4.0
U0866,Patates Salatası,5,4.8
U0867,Bulgur Pilavı,10,3.5
U0867,Pirinç Pilavı,4,4.5
U0867,Izgara Balık,15,4.6
U0867,Patates Kızartması,14,4.3
U0867,Ton Balıklı Salata,13,4.5
U0867,Tavuk Suyu Çorbası,1,3.4
U0867,Mercimek Köftesi,8,3.1
U0867,Pırasa Yemeği,9,3.1
U0867,Zeytinyağlı Taze Fasulye,12,4.2
U0867,Kadınbudu Köfte,7,4.2
U0867,Düğün Çorbası,14,4.4
U0867,Mantar Çorbası,14,4.2
U0867,Hamsi Tava,11,4.9
U0867,Kazandibi,13,4.3
U0867,Yayla Çorbası,1,4.2
U0867,Et Döner,2,4.2
U0867,Patates Salatası,2,3.5
U0867,Karnıyarık,5,4.8
U0868,Baklava,4,4.1
U0868,Pirinç Pilavı,15,3.2
U0868,Zeytinyağlı Enginar,14,4.1
U0868,Bulgur Pilavı,14,3.5
U0868,Revani,6,4.8
U0868,Tarhana Çorbası,5,3.8
U0868,Ispanak Yemeği,3,3.0
U0868,Tavuk Şiş,3,4.5
U0868,Mercimek Köftesi,14,3.1
U0868,Patates Salatası,6,3.3
U0868,Çoban Salata,1,4.2
U0868,Düğün Çorbası,1,3.3
U0868,Nohut,2,3.8
U0868,Su Böreği,3,4.9
U0868,Sebze Graten,11,3.0
U0868,Tas Kebabı,11,4.1
U0868,Kadınbudu Köfte,1,4.6
U0868,Pırasa Yemeği,2,4.1
U0869,Piliç Topkapı,7,4.6
U0869,Pırasa Yemeği,7,4.6
U0869,Patates Kızartması,11,3.0
U0869,Domates Çorbası,3,4.8
U0869,Aşure,5,4.0
U0869,Sütlaç,8,4.4
U0869,Izgara Balık,12,3.7
U0870,Pırasa Yemeği,3,4.3
U0870,Zeytinyağlı Enginar,11,4.8
U0870,Mercimek Köftesi,2,3.2
U0870,Kadınbudu Köfte,8,3.7
U0870,Sebze Graten,8,3.7
U0871,Tarhana Çorbası,2,3.3
U0871,Çoban Salata,1,4.3
U0871,Hamsi Tava,14,4.2
U0871,Revani,7,4.9
U0871,İskender Kebap,8,3.3
U0871,Rus Salatası,6,3.4
U0871,Et Sote,6,3.8
U0872,Tarhana Çorbası,2,3.2
U0872,Mevsim Salata,15,3.5
U0872,Nohut,10,4.5
U0872,Profiterol,9,3.4
U0872,Karnıyarık,12,3.9
U0873,Pırasa Yemeği,11,4.3
U0873,Güllaç,12,4.3
U0873,Baklava,11,4.8
U0873,Tavuk Şiş,15,3.3
U0873,Tavuk Döner,11,4.4
U0873,Sezar Salata,7,4.8
U0873,Düğün Çorbası,12,5.0
U0873,Ton Balıklı Salata,6,4.2
U0873,Zeytinyağlı Sarma,4,4.3
U0873,Sigara Böreği,5,3.4
U0873,Profiterol,15,4.0
U0873,İrmik Helvası,4,4.1
U0873,Et Döner,13,4.5
U0874,Aşure,5,4.3
U0874,Güllaç,3,4.6
U0874,Kazandibi,10,4.8
U0874,Tavuk Sote,6,3.5
U0874,Pirinç Pilavı,11,4.8
U0874,Profiterol,12,4.0
U0874,Gavurdağı Salata,6,4.8
U0875,Zeytinyağlı Taze Fasulye,5,4.8
U0875,İskender Kebap,10,4.0
U0875,Çoban Salata,9,4.2
U0875,Tavuk Şiş,13,3.2
U0875,Piliç Topkapı,6,4.5
U0875,Et Döner,4,4.1
U0875,Domates Çorbası,15,3.1
U0875,Sigara Böreği,7,3.9
U0875,Köfte,9,4.7
U0875,Düğün Çorbası,8,4.8
U0875,Pirinç Pilavı,1,4.5
U0875,Aşure,9,3.3
U0876,Kadınbudu Köfte,12,4.9
U0876,Bulgur Pilavı,15,3.3
U0876,Tavuk Döner,9,3.4
U0876,Aşure,2,4.4
U0876,İmambayıldı,10,4.5
U0876,Zeytinyağlı Sarma,1,5.0
U0877,Piliç Topkapı,13,3.9
U0877,Sütlaç,1,3.2
U0877,Köfte,15,3.4
U0877,Tavuk Döner,2,4.2
U0877,Ezogelin Çorbası,10,3.8
U0877,Çoban Salata,5,3.5
U0877,Hamsi Tava,12,4.6
U0877,Kuru Fasulye,5,4.1
U0877,İmambayıldı,2,4.1
U0877,Mercimek Çorbası,5,4.0
U0877,Sezar Salata,7,3.5
U0878,Sigara Böreği,9,4.0
U0878,Sezar Salata,6,4.2
U0878,Tas Kebabı,6,4.4
U0878,Pırasa Yemeği,9,4.6
U0878,Pirinç Pilavı,5,4.4
U0878,Izgara Balık,1,4.9
U0878,Nohut,9,4.3
U0878,Zeytinyağlı Enginar,9,4.6
U0878,Tavuk Sote,5,4.6
U0878,Tavuk Şiş,14,3.2
U0878,Tavuk Suyu Çorbası,1,3.3
U0878,Hamsi Tava,2,4.2
U0878,Mercimek Çorbası,3,4.1
U0878,Tavuk Döner,11,4.7
U0878,Mercimek Köftesi,1,3.5
U0878,Orman Kebabı,15,4.4
U0878,Rus Salatası,4,3.4
U0879,Patates Salatası,14,3.9
U0879,İskender Kebap,12,3.4
U0879,Piliç Topkapı,13,3.6
U0879,Tavuk Suyu Çorbası,14,3.9
U0879,Sütlaç,14,3.4
U0879,Gavurdağı Salata,8,3.9
U0879,Patates Püresi,15,4.6
U0880,Tarhana Çorbası,10,3.4
U0880,Tas Kebabı,13,3.4
U0880,Hamsi Tava,11,4.9
U0880,Tavuk Şiş,5,3.2
U0880,Tavuk Sote,13,3.9
U0880,Ton Balıklı Salata,15,4.1
U0881,Tavukgöğsü,12,3.1
U0881,Yayla Çorbası,14,4.7
U0881,İskender Kebap,2,4.2
U0881,Nohut,12,3.6
U0881,Profiterol,4,4.2
U0881,Patates Salatası,4,4.4
U0881,Domates Çorbası,2,3.3
U0881,Tavuk Suyu Çorbası,11,3.5
U0881,Et Döner,12,4.6
U0881,Kuru Fasulye,10,3.0
U0881,Et Sote,8,4.3
U0881,Su Böreği,11,4.5
U0881,Rus Salatası,7,3.7
U0881,Ispanak Yemeği,4,4.4
U0881,Patates Püresi,9,4.5
U0881,Karnıyarık,11,4.3
U0882,Bulgur Pilavı,2,3.6
U0882,Fırın Tavuk,7,4.3
U0882,Ezogelin Çorbası,1,4.5
U0882,Kadınbudu Köfte,14,4.1
U0882,Kemalpaşa,3,4.5
U0882,Makarna,4,3.7
U0882,Profiterol,10,3.5
U0882,Orman Kebabı,10,4.6
U0882,Hamsi Tava,2,4.8
U0882,Gavurdağı Salata,15,3.2
U0882,Yayla Çorbası,2,3.4
U0882,Ton Balıklı Salata,9,4.5
U0882,Güllaç,11,4.4
U0882,Çoban Salata,4,3.6
U0882,Mantar Çorbası,1,3.9
U0882,Tavuk Döner,7,4.1
U0882,Düğün Çorbası,12,4.0
U0883,Su Böreği,3,3.1
U0883,Zeytinyağlı Taze Fasulye,5,3.9
U0883,Zeytinyağlı Enginar,6,4.5
U0883,Patates Kızartması,1,4.7
U0883,Kazandibi,12,4.5
U0883,Sezar Salata,11,3.2
U0883,Güllaç,7,4.1
U0883,Çoban Salata,12,3.3
U0884,Ton Balıklı Salata,9,3.6
U0884,Nohut,2,3.5
U0884,Mantar Çorbası,13,3.5
U0884,Kemalpaşa,5,4.8
U0884,Köfte,4,3.8
U0884,Izgara Balık,15,3.8
U0884,Patates Kızartması,12,3.1
U0885,Mercimek Çorbası,15,3.4
U0885,Zeytinyağlı Sarma,3,3.7
U0885,Zeytinyağlı Enginar,13,3.2
U0885,Ton Balıklı Salata,12,3.0
U0885,Mevsim Salata,2,4.3
U0885,Kadınbudu Köfte,4,3.3
U0885,İskender Kebap,13,4.5
U0885,Çoban Salata,3,4.1
U0885,Nohut,6,3.0
U0885,Baklava,5,3.9
U0885,Patates Salatası,3,3.3
U0885,Et Döner,9,3.4
U0885,Pırasa Yemeği,9,4.9
U0885,Karnıyarık,9,3.3
U0885,Sezar Salata,4,3.5
U0886,Kazandibi,9,4.3
U0886,Rus Salatası,13,4.6
U0886,Gavurdağı Salata,12,4.0
U0886,Patates Kızartması,14,4.1
U0886,Mevsim Salata,1,4.4
U0886,Patates Püresi,3,3.7
U0886,Kuru Fasulye,1,4.5
U0886,Domates Çorbası,10,4.8
U0886,Çoban Salata,15,4.4
U0886,Kadınbudu Köfte,7,3.4
U0886,Nohut,15,4.0
U0886,Sütlaç,5,4.2
U0886,Karnıyarık,13,3.9
U0886,Izgara Balık,5,4.0
U0886,Hamsi Tava,1,4.6
U0886,Düğün Çorbası,5,3.2
U0886,Mantar Çorbası,3,3.8
U0887,Kadınbudu Köfte,9,4.2
U0887,Baklava,8,4.6
U0887,Patates Püresi,4,4.6
U0887,Fırın Tavuk,2,3.3
U0887,Ezogelin Çorbası,12,4.5
U0887,Tavuk Döner,5,3.1
U0887,İmambayıldı,14,3.7
U0887,Aşure,12,4.0
U0887,Et Sote,8,4.1
U0887,Yayla Çorbası,4,3.7
U0887,Piliç Topkapı,11,3.8
U0887,Tarhana Çorbası,4,3.3
U0887,Çoban Salata,13,3.3
U0887,Profiterol,7,3.2
U0887,Patates Kızartması,10,3.9
U0887,Karnıyarık,12,3.4
U0888,Ezogelin Çorbası,4,4.7
U0888,Pirinç Pilavı,1,4.2
U0888,Mercimek Köftesi,11,4.1
U0888,Yayla Çorbası,8,4.5
U0888,İrmik Helvası,14,3.1
U0888,Tarhana Çorbası,12,3.6
U0888,İmambayıldı,9,4.8
U0888,Nohut,7,3.9
U0888,Tavuk Şiş,11,3.2
U0888,Bulgur Pilavı,8,4.0
U0888,Mercimek Çorbası,3,3.2
U0888,Zeytinyağlı Enginar,4,3.1
U0888,İskender Kebap,6,4.1
U0889,Et Sote,9,5.0
U0889,Ezogelin Çorbası,7,4.2
U0889,Tavuk Sote,9,3.6
U0889,Mercimek Köftesi,6,4.0
U0889,Köfte,7,4.0
U0889,Tas Kebabı,8,3.9
U0889,Kazandibi,4,3.1
U0889,Patates Salatası,10,4.6
U0889,İmambayıldı,4,4.5
U0889,Pırasa Yemeği,1,4.0
U0890,Orman Kebabı,13,4.2
U0890,Mercimek Köftesi,2,4.6
U0890,Kuru Fasulye,11,3.4
U0890,Mercimek Çorbası,15,3.3
U0890,İmambayıldı,8,4.7
U0890,Fırın Tavuk,7,4.7
U0890,Profiterol,1,3.0
U0890,Patates Kızartması,15,3.2
U0890,İrmik Helvası,12,3.7
U0890,Et Döner,11,3.5
U0890,Tas Kebabı,10,4.6
U0891,Bulgur Pilavı,13,3.7
U0891,Domates Çorbası,2,3.3
U0891,Ispanak Yemeği,4,4.9
U0891,Tavuk Döner,14,4.4
U0891,Hamsi Tava,12,3.7
U0891,Ezogelin Çorbası,3,3.8
U0891,Revani,4,4.6
U0891,Tavuk Şiş,8,4.0
U0892,Izgara Balık,5,3.5
U0892,İmambayıldı,13,3.1
U0892,Patates Püresi,1,3.5
U0892,Mantar Çorbası,9,4.5
U0892,Bulgur Pilavı,15,4.7
U0892,Mevsim Salata,1,3.3
U0892,Köfte,5,3.4
U0892,Tavuk Şiş,4,4.3
U0892,Fırın Tavuk,10,4.0
U0892,Tavuk Döner,14,3.5
U0892,Kadınbudu Köfte,5,4.7
U0892,Zeytinyağlı Enginar,2,4.7
U0892,Tas Kebabı,14,4.8
U0892,Nohut,3,3.9
U0892,Güllaç,15,3.4
U0892,Kazandibi,9,3.6
U0892,Yayla Çorbası,8,3.5
U0892,Aşure,6,3.5
U0892,Pırasa Yemeği,13,4.4
U0892,Tavukgöğsü,13,3.8
U0893,Karnıyarık,13,3.6
U0893,Makarna,5,4.4
U0893,Fırın Tavuk,14,4.2
U0893,Tavuk Sote,7,4.1
U0893,Yayla Çorbası,12,4.2
U0893,Mevsim Salata,6,3.8
U0893,Izgara Balık,1,4.1
U0893,İmambayıldı,12,3.3
U0894,Zeytinyağlı Enginar,9,3.0
U0894,Ezogelin Çorbası,8,3.0
U0894,Orman Kebabı,4,5.0
U0894,Tavuk Döner,1,3.5
U0894,Fırın Tavuk,13,3.2
U0894,Karnıyarık,4,4.0
U0894,Ispanak Yemeği,4,5.0
U0894,Köfte,11,4.3
U0894,Tavukgöğsü,6,4.6
U0894,İmambayıldı,14,4.1
U0894,Baklava,7,3.8
U0894,Mantar Çorbası,7,3.9
U0894,Tas Kebabı,3,3.8
U0895,Aşure,13,4.9
U0895,Köfte,1,4.8
U0895,Rus Salatası,5,4.4
U0895,Patates Kızartması,4,3.6
U0895,Piliç Topkapı,14,3.1
U0895,Revani,13,4.8
U0896,Sütlaç,6,4.1
U0896,Sezar Salata,12,3.6
U0896,Aşure,8,3.1
U0896,Ispanak Yemeği,7,3.2
U0896,Kazandibi,7,3.7
U0896,Tavuk Suyu Çorbası,10,4.0
U0896,Patates Salatası,6,4.8
U0896,Mercimek Çorbası,8,4.5
U0896,Ezogelin Çorbası,7,4.2
U0897,Kadınbudu Köfte,7,3.7
U0897,Patates Püresi,10,4.3
U0897,Tas Kebabı,1,3.9
U0897,Aşure,11,4.5
U0897,Piliç Topkapı,13,4.9
U0897,Karnıyarık,9,3.8
U0897,Baklava,6,4.0
U0897,Et Döner,5,4.8
U0897,Tavukgöğsü,13,4.2
U0897,Mercimek Çorbası,13,4.9
U0897,Ton Balıklı Salata,8,4.9
U0897,İrmik Helvası,13,3.7
U0897,Mantar Çorbası,13,4.0
U0897,Sezar Salata,4,4.1
U0897,Ispanak Yemeği,8,3.5
U0897,Rus Salatası,12,4.5
U0897,Fırın Tavuk,13,4.8
U0897,Gavurdağı Salata,13,4.9
U0898,Hamsi Tava,15,4.9
U0898,Pırasa Yemeği,4,3.3
U0898,Rus Salatası,2,4.1
U0898,Mantar Çorbası,12,3.8
U0898,Baklava,2,3.3
U0898,İrmik Helvası,13,3.0
U0898,Tavukgöğsü,6,4.7
U0898,Sütlaç,12,3.3
U0898,Izgara Balık,7,5.0
U0898,Zeytinyağlı Sarma,4,3.2
U0898,Köfte,5,4.4
U0898,Mercimek Köftesi,1,3.6
U0898,Domates Çorbası,1,3.2
U0898,Çoban Salata,4,3.9
U0898,Patates Püresi,10,4.9
U0898,Ispanak Yemeği,7,3.2
U0898,Bulgur Pilavı,1,3.5
U0898,Yayla Çorbası,7,4.3
U0898,Profiterol,2,3.2
U0899,Makarna,10,3.7
U0899,Mercimek Köftesi,13,3.4
U0899,Zeytinyağlı Taze Fasulye,4,5.0
U0899,Bulgur Pilavı,1,3.1
U0899,Tavuk Sote,4,4.0
U0899,Fırın Tavuk,11,4.3
U0899,Sütlaç,3,4.1
U0899,Sezar Salata,2,3.9
U0899,Çoban Salata,6,3.4
U0899,Zeytinyağlı Sarma,1,3.2
U0899,Köfte,4,4.0
U0899,Tavuk Şiş,13,3.9
U0899,Patates Kızartması,4,3.3
U0899,Kadınbudu Köfte,6,4.8
U0900,Karnıyarık,14,4.3
U0900,Sezar Salata,14,3.5
U0900,Gavurdağı Salata,7,4.1
U0900,Aşure,14,4.6
U0900,Tavuk Suyu Çorbası,10,3.4
U0900,Zeytinyağlı Taze Fasulye,3,4.2
U0900,Kuru Fasulye,8,3.4
U0900,Makarna,6,4.2
U0900,Köfte,12,3.2
U0900,Patates Salatası,15,4.0
U0900,Baklava,11,3.5
U0900,Zeytinyağlı Enginar,2,5.0
U0900,Mercimek Çorbası,7,4.6
U0901,Fırın Tavuk,11,3.3
U0901,Ton Balıklı Salata,8,4.9
U0901,Mercimek Çorbası,10,4.7
U0901,Piliç Topkapı,3,3.7
U0901,Profiterol,8,4.6
U0901,Güllaç,13,3.8
U0902,Domates Çorbası,1,4.8
U0902,Ton Balıklı Salata,10,3.0
U0902,Tarhana Çorbası,2,4.3
U0902,Hamsi Tava,10,3.4
U0902,Kemalpaşa,13,4.7
U0902,Baklava,11,3.3
U0902,İskender Kebap,7,4.9
U0902,Tas Kebabı,5,4.7
U0903,Zeytinyağlı Enginar,15,3.1
U0903,İskender Kebap,1,3.5
U0903,Tas Kebabı,14,3.8
U0903,Mevsim Salata,13,4.9
U0903,Gavurdağı Salata,14,4.6
U0903,Kazandibi,15,3.4
U0903,Fırın Tavuk,5,4.8
U0903,Yayla Çorbası,2,3.5
U0904,Güllaç,6,3.9
U0904,Karnıyarık,14,3.7
U0904,Ezogelin Çorbası,14,3.7
U0904,Tavuk Suyu Çorbası,12,3.0
U0904,Patates Kızartması,6,4.6
U0904,Yayla Çorbası,7,3.2
U0904,Aşure,8,3.9
U0904,Tavuk Şiş,7,4.7
U0904,Su Böreği,15,4.8
U0904,Mevsim Salata,5,4.8
U0904,Tarhana Çorbası,6,3.3
U0904,Kadınbudu Köfte,4,3.4
U0904,Sigara Böreği,4,4.8
U0905,İrmik Helvası,2,4.9
U0905,Hamsi Tava,13,3.9
U0905,Yayla Çorbası,13,4.0
U0905,Nohut,4,3.7
U0905,Aşure,11,4.8
U0905,Tavuk Suyu Çorbası,14,3.1
U0905,Mevsim Salata,8,5.0
U0905,Ispanak Yemeği,7,4.7
U0905,Çoban Salata,1,4.1
U0905,Patates Kızartması,5,4.1
U0905,Tavukgöğsü,12,3.2
U0905,Mercimek Çorbası,3,4.6
U0905,Sebze Graten,5,3.4
U0905,Sezar Salata,10,3.4
U0905,Köfte,10,4.7
U0905,Tavuk Sote,11,4.9
U0905,Kadınbudu Köfte,15,4.2
U0905,Et Döner,8,3.8
U0905,Mercimek Köftesi,3,3.9
U0905,Profiterol,7,3.3
U0906,Orman Kebabı,15,3.7
U0906,Domates Çorbası,7,3.1
U0906,Nohut,12,4.7
U0906,Kuru Fasulye,3,3.6
U0906,Hamsi Tava,7,4.5
U0906,Aşure,7,5.0
U0906,İmambayıldı,15,3.1
U0906,Sezar Salata,6,3.5
U0906,Tavuk Sote,12,4.1
U0906,Karnıyarık,14,3.0
U0907,Gavurdağı Salata,11,3.1
U0907,Mevsim Salata,5,4.2
U0907,Hamsi Tava,9,3.9
U0907,Zeytinyağlı Sarma,15,4.6
U0907,Tas Kebabı,8,3.4
U0907,Profiterol,4,4.8
U0907,Tavukgöğsü,14,4.8
U0907,İmambayıldı,1,4.8
U0907,Revani,7,3.1
U0908,Güllaç,1,4.0
U0908,Revani,2,3.3
U0908,Kazandibi,7,3.6
U0908,Karnıyarık,12,3.5
U0908,Tavuk Döner,7,4.7
U0908,Sütlaç,15,4.6
U0908,Tavukgöğsü,14,3.2
U0908,Et Sote,9,3.5
U0908,Zeytinyağlı Taze Fasulye,2,4.9
U0908,Köfte,3,3.1
U0908,Sezar Salata,9,3.4
U0908,Tarhana Çorbası,12,3.2
U0908,Tavuk Sote,9,4.4
U0908,Su Böreği,7,3.4
U0908,Ton Balıklı Salata,15,3.2
U0908,Tavuk Şiş,9,3.7
U0909,Nohut,14,4.5
U0909,Su Böreği,5,3.0
U0909,Rus Salatası,1,4.1
U0909,Domates Çorbası,13,4.3
U0909,Pirinç Pilavı,6,4.7
U0909,Et Döner,3,3.6
U0909,Patates Kızartması,10,4.5
U0909,Tas Kebabı,12,3.3
U0909,Ton Balıklı Salata,11,4.1
U0909,Et Sote,2,3.2
U0909,Mevsim Salata,8,3.1
U0909,Sigara Böreği,10,3.2
U0909,Aşure,15,4.2
U0909,Revani,2,4.1
U0909,Tavuk Şiş,1,4.5
U0909,Ispanak Yemeği,6,3.3
U0909,Yayla Çorbası,1,4.9
U0909,İskender Kebap,13,3.4
U0910,Yayla Çorbası,6,3.9
U0910,Mantar Çorbası,3,3.3
U0910,Zeytinyağlı Sarma,4,4.9
U0910,Et Döner,11,4.6
U0910,Sezar Salata,7,3.4
U0910,Köfte,4,3.4
U0910,Pirinç Pilavı,13,4.7
U0910,Bulgur Pilavı,4,4.8
U0910,Güllaç,4,4.7
U0910,İmambayıldı,14,4.4
U0910,Fırın Tavuk,2,4.1
U0910,Tavuk Şiş,13,4.4
U0910,Kemalpaşa,13,3.5
U0910,Ton Balıklı Salata,1,4.0
U0910,Karnıyarık,14,3.0
U0911,Mercimek Köftesi,4,4.6
U0911,Tavukgöğsü,2,3.2
U0911,Sebze Graten,1,4.3
U0911,Bulgur Pilavı,12,3.7
U0911,Yayla Çorbası,4,4.9
U0911,Zeytinyağlı Enginar,2,4.4
U0911,Sezar Salata,14,3.8
U0911,Gavurdağı Salata,7,4.8
U0911,Tas Kebabı,13,3.6
U0912,Bulgur Pilavı,13,4.8
U0912,Kazandibi,14,3.0
U0912,Fırın Tavuk,7,3.3
U0912,Tavuk Sote,15,4.5
U0912,Et Döner,1,3.9
U0912,Aşure,7,3.6
U0912,Profiterol,15,3.1
U0912,Sütlaç,6,3.8
U0912,Patates Püresi,13,4.3
U0912,Sigara Böreği,10,3.1
U0912,Mantar Çorbası,5,4.1
U0912,Patates Kızartması,8,3.5
U0913,Makarna,10,4.5
U0913,Izgara Balık,7,4.4
U0913,Tavuk Suyu Çorbası,5,3.8
U0913,Hamsi Tava,6,4.7
U0913,Gavurdağı Salata,11,3.6
U0913,Patates Kızartması,11,4.7
U0913,Patates Salatası,7,3.4
U0913,Zeytinyağlı Sarma,5,4.0
U0913,Tavukgöğsü,14,3.4
U0913,Kemalpaşa,14,4.2
U0914,Zeytinyağlı Sarma,1,3.8
U0914,Et Döner,15,4.4
U0914,Tavuk Döner,9,3.3
U0914,Baklava,11,3.8
U0914,Sütlaç,11,3.9
U0914,Köfte,11,3.4
U0915,İrmik Helvası,3,5.0
U0915,Zeytinyağlı Enginar,11,4.9
U0915,Sebze Graten,6,4.0
U0915,Ton Balıklı Salata,6,3.7
U0915,Mantar Çorbası,1,3.6
U0915,Sigara Böreği,13,4.7
U0916,Patates Püresi,9,3.4
U0916,Sezar Salata,10,3.3
U0916,Fırın Tavuk,2,3.4
U0916,Patates Salatası,7,3.2
U0916,Pırasa Yemeği,13,4.9
U0916,Revani,12,4.4
U0916,Ezogelin Çorbası,4,3.7
U0916,Zeytinyağlı Sarma,14,3.7
U0916,Yayla Çorbası,12,3.8
U0916,Sebze Graten,2,3.7
U0916,Patates Kızartması,7,3.9
U0916,Tavuk Şiş,6,4.7
U0916,Karnıyarık,10,4.0
U0916,Ispanak Yemeği,13,4.5
U0916,Et Döner,3,3.1
U0916,Güllaç,12,4.0
U0916,Ton Balıklı Salata,3,4.6
U0916,Aşure,4,4.9
U0917,Tavuk Suyu Çorbası,12,4.6
U0917,Fırın Tavuk,3,4.5
U0917,Et Sote,1,4.7
U0917,Patates Püresi,7,4.4
U0917,Nohut,15,4.7
U0917,Çoban Salata,14,3.9
U0918,Bulgur Pilavı,9,4.5
U0918,Hamsi Tava,1,4.9
U0918,Et Döner,1,4.0
U0918,İskender Kebap,3,3.0
U0918,Pirinç Pilavı,7,4.5
U0918,Ispanak Yemeği,1,4.8
U0918,Tavukgöğsü,13,4.3
U0918,Nohut,3,4.5
U0918,Piliç Topkapı,3,3.0
U0918,Yayla Çorbası,2,3.6
U0918,Kemalpaşa,6,4.0
U0918,Sebze Graten,9,3.6
U0918,Zeytinyağlı Taze Fasulye,6,3.3
U0918,Rus Salatası,1,4.2
U0918,Düğün Çorbası,6,3.1
U0918,Sigara Böreği,5,4.0
U0918,Ezogelin Çorbası,7,4.0
U0918,Sütlaç,1,3.3
U0918,Izgara Balık,14,3.1
U0919,Domates Çorbası,9,4.0
U0919,Tavuk Suyu Çorbası,11,3.7
U0919,Karnıyarık,8,4.0
U0919,Revani,2,3.5
U0919,Et Döner,13,3.3
U0919,Patates Püresi,10,4.9
U0919,Tavukgöğsü,5,4.1
U0919,Kemalpaşa,1,3.0
U0920,Tavuk Döner,6,3.7
U0920,Gavurdağı Salata,6,4.2
U0920,Mercimek Çorbası,5,3.6
U0920,Mercimek Köftesi,2,3.5
U0920,Sigara Böreği,12,3.1
U0920,Aşure,14,4.9
U0920,Fırın Tavuk,1,4.6
U0920,Pırasa Yemeği,14,3.7
U0920,Makarna,4,4.7
U0920,Su Böreği,2,4.6
U0920,Kadınbudu Köfte,10,3.5
U0920,Bulgur Pilavı,14,3.6
U0920,Ispanak Yemeği,15,4.1
U0920,Güllaç,6,5.0
U0920,Profiterol,8,4.9
U0920,Sebze Graten,5,4.8
U0920,Köfte,14,3.3
U0920,Izgara Balık,1,4.0
U0921,Sigara Böreği,1,3.0
U0921,Tavukgöğsü,8,4.1
U0921,Et Sote,12,4.7
U0921,Ezogelin Çorbası,3,4.9
U0921,Et Döner,3,4.3
U0921,İskender Kebap,12,3.8
U0921,Rus Salatası,2,4.9
U0921,Baklava,3,4.0
U0921,Revani,12,4.2
U0921,Profiterol,5,3.5
U0922,Makarna,5,3.5
U0922,Düğün Çorbası,6,4.0
U0922,Bulgur Pilavı,2,4.0
U0922,Tarhana Çorbası,11,4.8
U0922,Izgara Balık,4,4.8
U0922,Orman Kebabı,9,3.6
U0922,Hamsi Tava,1,3.3
U0922,Tas Kebabı,1,4.8
U0922,Rus Salatası,8,4.5
U0922,Aşure,1,3.1
U0922,Domates Çorbası,5,4.7
U0922,Ezogelin Çorbası,10,3.8
U0923,Çoban Salata,5,3.2
U0923,Zeytinyağlı Enginar,3,4.7
U0923,Tavuk Sote,7,3.5
U0923,İmambayıldı,11,4.0
U0923,Nohut,15,3.6
U0923,Domates Çorbası,6,3.4
U0923,Pirinç Pilavı,3,4.1
U0923,Tavuk Suyu Çorbası,9,3.8
U0923,Et Sote,5,3.9
U0923,Rus Salatası,10,4.2
U0923,Sebze Graten,12,3.4
U0923,Pırasa Yemeği,1,4.2
U0923,İskender Kebap,6,3.9
U0923,Profiterol,1,3.7
U0923,Sezar Salata,5,3.0
U0923,Sütlaç,15,4.6
U0923,Kadınbudu Köfte,1,4.4
U0923,Mantar Çorbası,12,4.8
U0923,Mercimek Köftesi,10,3.6
U0924,Köfte,6,3.8
U0924,Profiterol,7,4.9
U0924,Sigara Böreği,1,3.4
U0924,Mevsim Salata,11,4.9
U0924,Aşure,10,3.2
U0924,Kazandibi,14,4.0
U0924,Ezogelin Çorbası,10,4.3
U0924,Nohut,12,3.0
U0924,Pirinç Pilavı,11,3.7
U0924,Bulgur Pilavı,7,3.3
U0924,Patates Püresi,11,4.8
U0925,Tarhana Çorbası,5,4.7
U0925,Patates Kızartması,1,3.1
U0925,Baklava,14,3.6
U0925,Kadınbudu Köfte,4,4.8
U0925,Kazandibi,13,3.8
U0925,Pirinç Pilavı,9,3.2
U0926,Tas Kebabı,8,3.3
U0926,Kadınbudu Köfte,15,3.6
U0926,Güllaç,14,4.2
U0926,Pirinç Pilavı,8,4.7
U0926,Tavuk Şiş,4,3.1
U0926,Makarna,11,4.9
U0926,Orman Kebabı,6,3.7
U0926,Fırın Tavuk,2,4.4
U0926,Tarhana Çorbası,13,3.7
U0926,Et Sote,8,4.3
U0926,Sebze Graten,12,4.0
U0926,Et Döner,8,4.8
U0926,İrmik Helvası,14,4.1
U0926,Ispanak Yemeği,3,4.3
U0926,Yayla Çorbası,8,3.2
U0926,Mantar Çorbası,12,4.9
U0926,Rus Salatası,5,5.0
U0926,Zeytinyağlı Enginar,3,3.3
U0927,Kadınbudu Köfte,1,3.9
U0927,Baklava,7,4.1
U0927,Makarna,12,3.8
U0927,Köfte,10,3.7
U0927,Rus Salatası,8,3.7
U0927,Izgara Balık,12,3.6
U0927,Zeytinyağlı Enginar,6,4.7
U0927,İrmik Helvası,10,4.6
U0927,Tavuk Sote,15,3.1
U0927,Et Döner,11,3.7
U0927,Profiterol,3,4.0
U0927,Fırın Tavuk,1,3.7
U0927,Revani,7,4.1
U0928,Karnıyarık,13,4.6
U0928,İrmik Helvası,13,4.1
U0928,Profiterol,11,3.4
U0928,Pirinç Pilavı,9,3.2
U0928,Tavuk Döner,13,3.1
U0928,İmambayıldı,2,3.9
U0928,Tas Kebabı,14,3.8
U0928,Tavuk Şiş,1,3.5
U0928,Yayla Çorbası,7,4.8
U0928,Ton Balıklı Salata,11,4.5
U0928,Tarhana Çorbası,6,4.9
U0928,Pırasa Yemeği,15,3.9
U0928,Düğün Çorbası,6,3.8
U0928,Mevsim Salata,2,4.8
U0928,Sezar Salata,4,4.9
U0928,Aşure,9,3.7
U0929,Güllaç,1,3.2
U0929,Ispanak Yemeği,12,3.5
U0929,Bulgur Pilavı,10,4.1
U0929,Et Sote,12,4.4
U0929,Su Böreği,5,4.5
U0929,Orman Kebabı,3,3.4
U0929,Baklava,13,4.9
U0929,Revani,8,4.5
U0929,Domates Çorbası,6,4.5
U0929,Piliç Topkapı,1,4.6
U0929,Aşure,2,3.1
U0929,Patates Kızartması,12,3.6
U0929,Mercimek Köftesi,7,3.8
U0929,Zeytinyağlı Taze Fasulye,9,3.7
U0929,Patates Püresi,8,3.7
U0929,Fırın Tavuk,7,4.5
U0929,Tavuk Suyu Çorbası,9,4.4
U0930,Kazandibi,14,3.9
U0930,Fırın Tavuk,10,3.6
U0930,Düğün Çorbası,9,3.8
U0930,Karnıyarık,13,4.0
U0930,Patates Salatası,11,4.6
U0930,Su Böreği,12,4.6
U0930,Hamsi Tava,13,3.6
U0930,Tavuk Şiş,7,4.0
U0930,Kemalpaşa,11,3.1
U0930,Pirinç Pilavı,11,3.2
U0930,Izgara Balık,15,5.0
U0930,Mercimek Çorbası,5,3.2
U0930,Mevsim Salata,9,4.4
U0931,Köfte,14,3.2
U0931,Patates Salatası,7,4.9
U0931,Güllaç,9,4.1
U0931,Yayla Çorbası,4,4.7
U0931,Nohut,14,3.3
U0931,Et Döner,10,4.6
U0931,Mercimek Çorbası,11,4.1
U0931,Tas Kebabı,11,4.1
U0931,Makarna,14,3.1
U0931,Çoban Salata,4,3.9
U0932,Domates Çorbası,6,4.2
U0932,Gavurdağı Salata,8,4.3
U0932,Sigara Böreği,12,4.1
U0932,Su Böreği,12,4.2
U0932,İskender Kebap,7,4.9
U0932,İmambayıldı,12,3.8
U0932,İrmik Helvası,10,4.3
U0933,Kadınbudu Köfte,4,3.7
U0933,Rus Salatası,2,4.4
U0933,Zeytinyağlı Taze Fasulye,11,4.2
U0933,Baklava,9,4.9
U0933,Tas Kebabı,8,3.8
U0933,Hamsi Tava,14,3.8
U0933,Sezar Salata,11,4.7
U0933,Orman Kebabı,8,4.6
U0933,Mercimek Çorbası,1,4.0
U0933,Tarhana Çorbası,12,4.0
U0933,Tavuk Döner,2,3.1
U0933,Mantar Çorbası,6,3.5
U0933,Su Böreği,15,3.4
U0934,Fırın Tavuk,11,4.8
U0934,Domates Çorbası,14,3.3
U0934,Tavuk Döner,15,4.0
U0934,Zeytinyağlı Enginar,9,4.1
U0934,Sütlaç,9,3.3
U0934,Kadınbudu Köfte,10,4.5
U0934,Tavuk Suyu Çorbası,14,3.3
U0934,İmambayıldı,15,4.3
U0934,Nohut,9,4.1
U0934,Tavuk Şiş,8,3.1
U0934,Mercimek Çorbası,7,4.5
U0934,Mercimek Köftesi,11,3.2
U0934,Baklava,11,4.4
U0934,Piliç Topkapı,15,3.1
U0934,Sezar Salata,9,4.4
U0934,Bulgur Pilavı,10,4.4
U0934,Sigara Böreği,1,3.6
U0934,Su Böreği,8,3.1
U0934,Makarna,14,4.2
U0934,Rus Salatası,4,4.8
U0935,Mercimek Çorbası,2,4.6
U0935,Köfte,6,4.6
U0935,Mantar Çorbası,9,3.8
U0935,Revani,7,3.2
U0935,Hamsi Tava,2,3.3
U0935,Zeytinyağlı Enginar,10,4.5
U0935,Piliç Topkapı,13,3.1
U0935,Izgara Balık,10,3.6
U0936,Revani,13,4.4
U0936,Aşure,5,3.7
U0936,Gavurdağı Salata,3,4.7
U0936,Patates Salatası,8,3.4
U0936,Patates Püresi,15,4.4
U0936,Tavuk Sote,10,3.2
U0936,Sebze Graten,7,5.0
U0936,Kadınbudu Köfte,14,4.6
U0936,Tavuk Suyu Çorbası,13,3.9
U0936,Rus Salatası,14,4.9
U0936,Et Döner,12,4.2
U0936,Hamsi Tava,3,3.1
U0937,Düğün Çorbası,6,4.4
U0937,Patates Salatası,1,4.3
U0937,Fırın Tavuk,7,4.4
U0937,Çoban Salata,11,4.4
U0937,Köfte,4,3.6
U0937,Zeytinyağlı Sarma,10,3.3
U0937,Makarna,3,4.3
U0937,Profiterol,4,4.5
U0937,Tavuk Şiş,4,3.7
U0938,Sezar Salata,10,4.3
U0938,Tavuk Sote,8,3.4
U0938,Makarna,10,3.6
U0938,Bulgur Pilavı,7,4.5
U0938,Pirinç Pilavı,7,3.1
U0938,Piliç Topkapı,8,4.6
U0938,Ton Balıklı Salata,13,4.6
U0938,Köfte,10,3.5
U0938,Tavuk Şiş,7,3.9
U0938,Tavuk Suyu Çorbası,3,4.1
U0938,Orman Kebabı,5,5.0
U0938,Su Böreği,10,4.5
U0938,İmambayıldı,14,3.3
U0938,İskender Kebap,2,4.1
U0938,Ispanak Yemeği,12,3.2
U0939,Patates Salatası,4,4.0
U0939,Tavuk Döner,7,4.6
U0939,Sebze Graten,14,4.6
U0939,Aşure,15,3.8
U0939,Tas Kebabı,14,4.6
U0939,Patates Kızartması,5,3.1
U0939,İrmik Helvası,3,4.4
U0939,İskender Kebap,15,3.7
U0939,Sütlaç,14,4.0
U0939,Çoban Salata,8,4.8
U0939,Zeytinyağlı Enginar,6,4.2
U0939,Makarna,11,3.8
U0939,Sigara Böreği,8,4.3
U0939,Mercimek Çorbası,13,4.3
U0939,Orman Kebabı,2,4.2
U0939,Zeytinyağlı Taze Fasulye,1,4.3
U0939,Zeytinyağlı Sarma,13,4.0
U0940,Zeytinyağlı Enginar,9,4.5
U0940,Patates Salatası,7,3.4
U0940,Patates Püresi,6,4.5
U0940,Ezogelin Çorbası,4,3.3
U0940,Patates Kızartması,7,4.6
U0940,Tavuk Suyu Çorbası,4,3.7
U0940,Sütlaç,3,4.2
U0940,Tavuk Döner,8,3.9
U0940,Pirinç Pilavı,7,4.8
U0940,Hamsi Tava,1,3.3
U0940,İmambayıldı,5,3.4
U0940,Bulgur Pilavı,12,3.8
U0940,İskender Kebap,3,3.3
U0940,Makarna,1,3.2
U0940,Domates Çorbası,1,4.0
U0940,Izgara Balık,3,3.9
U0940,Mercimek Çorbası,6,4.2
U0940,Aşure,11,3.8
U0940,Profiterol,8,4.3
U0940,Ton Balıklı Salata,14,3.7
U0941,Gavurdağı Salata,7,4.8
U0941,Ton Balıklı Salata,3,4.2
U0941,Mercimek Köftesi,2,3.5
U0941,Su Böreği,9,3.3
U0941,Mercimek Çorbası,14,5.0
U0941,Et Döner,8,3.1
U0941,Ispanak Yemeği,14,3.1
U0941,Sütlaç,6,4.0
U0941,Kazandibi,3,3.2
U0941,Patates Kızartması,14,4.0
U0941,Çoban Salata,12,3.2
U0941,Rus Salatası,12,3.2
U0941,Tavuk Şiş,3,3.6
U0941,Pırasa Yemeği,13,4.1
U0941,İrmik Helvası,6,4.6
U0942,Orman Kebabı,15,4.7
U0942,Sebze Graten,15,4.8
U0942,Tavukgöğsü,9,4.9
U0942,Güllaç,10,4.4
U0942,Bulgur Pilavı,2,3.2
U0942,Sigara Böreği,5,3.8
U0942,Profiterol,3,3.6
U0942,Tavuk Sote,11,3.3
U0942,Et Sote,12,4.9
U0942,Su Böreği,11,4.3
U0942,Zeytinyağlı Enginar,6,4.1
U0943,Piliç Topkapı,13,4.5
U0943,Kuru Fasulye,5,4.1
U0943,Gavurdağı Salata,15,3.7
U0943,Tavuk Sote,7,4.6
U0943,Mantar Çorbası,15,3.0
U0943,Orman Kebabı,4,3.7
U0943,Pırasa Yemeği,4,3.9
U0943,Bulgur Pilavı,3,4.3
U0943,Zeytinyağlı Taze Fasulye,3,4.7
U0943,İmambayıldı,1,5.0
U0944,Sigara Böreği,1,4.2
U0944,Sebze Graten,9,4.2
U0944,Hamsi Tava,9,3.2
U0944,Pirinç Pilavı,1,4.5
U0944,Revani,9,3.3
U0944,Kuru Fasulye,1,3.0
U0944,Düğün Çorbası,1,4.2
U0945,Düğün Çorbası,4,3.6
U0945,Fırın Tavuk,10,3.7
U0945,Baklava,3,3.7
U0945,Patates Salatası,3,3.8
U0945,İrmik Helvası,2,4.0
U0945,Tavukgöğsü,8,4.9
U0945,Yayla Çorbası,10,3.6
U0945,Çoban Salata,4,3.1
U0945,Patates Kızartması,8,3.2
U0945,Köfte,3,4.7
U0945,Mantar Çorbası,9,4.6
U0946,Pirinç Pilavı,9,4.0
U0946,Profiterol,9,3.6
U0946,Zeytinyağlı Enginar,14,4.3
U0946,Makarna,4,3.8
U0946,Su Böreği,3,4.2
U0946,Köfte,5,4.8
U0946,Mevsim Salata,14,3.9
U0946,Revani,1,4.4
U0946,Düğün Çorbası,14,4.1
U0946,Gavurdağı Salata,2,3.4
U0946,Hamsi Tava,4,4.6
U0946,Patates Püresi,9,3.5
U0946,Kemalpaşa,2,4.5
U0946,Patates Salatası,8,4.9
U0946,Tavuk Sote,4,3.0
U0946,Sezar Salata,8,3.4
U0946,Piliç Topkapı,2,4.1
U0946,Tavuk Döner,1,3.8
U0946,Bulgur Pilavı,5,4.1
U0947,İrmik Helvası,12,4.8
U0947,İskender Kebap,8,4.3
U0947,Güllaç,10,3.8
U0947,Fırın Tavuk,6,4.8
U0947,Mevsim Salata,13,4.7
U0947,Et Sote,5,4.0
U0947,Tavuk Sote,4,4.9
U0947,Pırasa Yemeği,7,3.9
U0947,Kuru Fasulye,15,3.8
U0947,Sütlaç,8,3.4
U0947,Aşure,14,4.6
U0947,Ton Balıklı Salata,9,4.1
U0947,Ezogelin Çorbası,14,4.6
U0947,Yayla Çorbası,11,3.7
U0947,Kadınbudu Köfte,2,4.4
U0947,Zeytinyağlı Sarma,3,3.4
U0948,Aşure,10,3.9
U0948,Ispanak Yemeği,14,4.3
U0948,Profiterol,8,4.1
U0948,Mercimek Çorbası,3,3.7
U0948,Tas Kebabı,6,4.9
U0948,Kemalpaşa,1,3.1
U0948,Patates Salatası,6,3.6
U0948,Çoban Salata,3,4.8
U0948,Nohut,2,4.9
U0948,Fırın Tavuk,13,4.8
U0948,Bulgur Pilavı,5,4.1
U0948,Tavuk Şiş,13,4.2
U0948,Et Sote,9,4.7
U0948,İskender Kebap,3,4.0
U0948,Mantar Çorbası,7,3.9
U0948,Rus Salatası,3,4.2
U0948,Izgara Balık,9,3.7
U0949,Kemalpaşa,10,4.3
U0949,Tavuk Suyu Çorbası,11,4.4
U0949,Patates Püresi,14,3.1
U0949,Ton Balıklı Salata,8,3.2
U0949,Tavuk Sote,8,3.8
U0949,Düğün Çorbası,14,3.3
U0949,Revani,5,4.3
U0949,Izgara Balık,10,4.0
U0950,Piliç Topkapı,4,4.5
U0950,Kadınbudu Köfte,1,3.1
U0950,Ispanak Yemeği,11,4.6
U0950,Orman Kebabı,1,4.7
U0950,Patates Salatası,5,5.0
U0950,Fırın Tavuk,1,3.1
U0951,Ispanak Yemeği,3,4.2
U0951,Orman Kebabı,6,3.2
U0951,Tas Kebabı,1,4.2
U0951,Makarna,5,3.3
U0951,Zeytinyağlı Taze Fasulye,5,3.5
U0952,Mevsim Salata,12,4.1
U0952,Çoban Salata,8,4.5
U0952,Patates Kızartması,15,4.6
U0952,Kuru Fasulye,2,4.6
U0952,Pırasa Yemeği,7,3.2
U0952,Tas Kebabı,1,3.9
U0952,İskender Kebap,14,3.2
U0952,Tavuk Şiş,2,3.4
U0952,Kadınbudu Köfte,9,3.9
U0953,Rus Salatası,4,4.1
U0953,Güllaç,10,3.1
U0953,Tavuk Sote,11,3.8
U0953,Hamsi Tava,3,3.3
U0953,Sezar Salata,4,3.3
U0953,Kadınbudu Köfte,5,5.0
U0953,İskender Kebap,14,4.6
U0953,Zeytinyağlı Sarma,7,3.7
U0953,Patates Kızartması,12,4.5
U0953,Tavuk Şiş,5,4.1
U0953,Orman Kebabı,6,3.5
U0953,Sütlaç,10,4.8
U0953,Ton Balıklı Salata,5,3.7
U0953,Su Böreği,6,4.9
U0953,Tavuk Döner,1,3.6
U0953,Kemalpaşa,6,3.8
U0954,Kuru Fasulye,6,3.7
U0954,Izgara Balık,13,3.0
U0954,Zeytinyağlı Taze Fasulye,1,3.9
U0954,Mantar Çorbası,13,4.7
U0954,Köfte,12,4.7
U0954,Ezogelin Çorbası,5,3.6
U0954,İrmik Helvası,1,4.8
U0954,Tavuk Sote,3,3.1
U0954,İmambayıldı,8,5.0
U0954,Kadınbudu Köfte,14,3.4
U0955,Mantar Çorbası,12,3.3
U0955,Kazandibi,3,4.5
U0955,Zeytinyağlı Enginar,9,4.4
U0955,Sezar Salata,12,3.8
U0955,Patates Salatası,3,3.3
U0955,Nohut,12,4.3
U0955,Profiterol,8,4.0
U0955,İskender Kebap,4,3.2
U0955,Tavuk Şiş,9,4.0
U0955,Tavuk Sote,10,4.6
U0955,Ton Balıklı Salata,1,4.7
U0955,Orman Kebabı,4,3.2
U0955,Piliç Topkapı,11,4.1
U0955,Yayla Çorbası,2,4.7
U0955,İrmik Helvası,8,3.2
U0956,Hamsi Tava,2,4.3
U0956,İmambayıldı,7,3.9
U0956,Mantar Çorbası,14,5.0
U0956,Yayla Çorbası,12,4.6
U0956,Sebze Graten,4,3.2
U0956,Su Böreği,8,3.3
U0956,Bulgur Pilavı,3,4.8
U0956,Baklava,4,3.4
U0956,Aşure,11,4.5
U0956,Sütlaç,13,4.0
U0956,Düğün Çorbası,6,4.5
U0956,Tarhana Çorbası,6,4.2
U0956,Mercimek Köftesi,10,4.6
U0957,Tavukgöğsü,7,3.1
U0957,Yayla Çorbası,1,4.1
U0957,Hamsi Tava,13,3.0
U0957,Tavuk Suyu Çorbası,6,4.8
U0957,İskender Kebap,2,4.9
U0957,Tarhana Çorbası,9,4.2
U0957,Zeytinyağlı Enginar,13,3.2
U0957,Tavuk Sote,13,3.4
U0957,Mevsim Salata,6,3.0
U0957,Makarna,9,5.0
U0957,Fırın Tavuk,15,4.1
U0958,Sigara Böreği,9,3.1
U0958,Izgara Balık,14,4.5
U0958,Mantar Çorbası,10,4.0
U0958,Fırın Tavuk,13,4.9
U0958,Kuru Fasulye,1,4.3
U0958,Pırasa Yemeği,9,3.1
U0959,Zeytinyağlı Enginar,8,4.8
U0959,Tavuk Sote,8,4.9
U0959,Kazandibi,12,3.8
U0959,Tarhana Çorbası,4,3.6
U0959,Et Döner,6,3.9
U0959,Tavuk Şiş,7,4.2
U0959,Aşure,3,3.4
U0959,Baklava,9,3.6
U0959,Et Sote,7,3.1
U0959,Patates Püresi,14,4.9
U0959,Yayla Çorbası,15,4.6
U0959,Hamsi Tava,7,3.6
U0959,Mercimek Çorbası,11,4.7
U0959,Nohut,12,4.6
U0959,Domates Çorbası,15,4.0
U0960,Baklava,2,3.1
U0960,Güllaç,15,3.4
U0960,Zeytinyağlı Enginar,12,3.6
U0960,Pırasa Yemeği,11,3.6
U0960,Aşure,8,3.7
U0960,Patates Kızartması,14,3.9
U0960,Tas Kebabı,7,3.5
U0960,Pirinç Pilavı,13,4.7
U0960,Ispanak Yemeği,6,5.0
U0960,Orman Kebabı,6,3.2
U0960,Karnıyarık,15,4.4
U0960,Ezogelin Çorbası,10,4.8
U0960,Tavukgöğsü,14,4.2
U0960,Fırın Tavuk,12,4.8
U0960,Kemalpaşa,13,3.8
U0960,Düğün Çorbası,12,4.2
U0960,Kuru Fasulye,7,3.2
U0961,Zeytinyağlı Enginar,15,4.1
U0961,Mantar Çorbası,5,5.0
U0961,Karnıyarık,8,4.9
U0961,Sütlaç,5,3.2
U0961,Kemalpaşa,3,5.0
U0961,Sezar Salata,8,4.0
U0961,Tavuk Sote,6,3.8
U0961,Fırın Tavuk,5,4.3
U0962,Orman Kebabı,6,4.6
U0962,İrmik Helvası,5,4.9
U0962,Ezogelin Çorbası,13,4.9
U0962,Düğün Çorbası,11,3.1
U0962,Ton Balıklı Salata,14,3.9
U0962,Mercimek Çorbası,5,3.7
U0963,Profiterol,3,3.6
U0963,Pırasa Yemeği,10,4.0
U0963,Aşure,4,3.4
U0963,Köfte,3,3.4
U0963,Kazandibi,15,3.9
U0963,Pirinç Pilavı,14,3.0
U0963,Patates Salatası,14,4.7
U0963,Ispanak Yemeği,13,4.2
U0963,Mercimek Çorbası,14,3.9
U0963,İrmik Helvası,1,3.5
U0963,Ton Balıklı Salata,7,3.4
U0963,Piliç Topkapı,11,3.3
U0963,Tavuk Şiş,15,3.5
U0963,Tavukgöğsü,9,3.7
U0963,Çoban Salata,12,4.2
U0963,Patates Kızartması,9,3.1
U0964,Tarhana Çorbası,13,3.7
U0964,Rus Salatası,7,4.1
U0964,Revani,12,3.2
U0964,Baklava,12,4.0
U0964,Zeytinyağlı Enginar,14,3.5
U0964,Gavurdağı Salata,15,3.0
U0964,Ton Balıklı Salata,15,5.0
U0964,Nohut,4,4.8
U0964,Tavuk Sote,11,4.8
U0964,Tavukgöğsü,1,3.7
U0964,Kemalpaşa,1,4.5
U0964,Aşure,14,3.2
U0964,Tavuk Döner,15,4.8
U0965,Tavuk Suyu Çorbası,4,3.8
U0965,Zeytinyağlı Sarma,10,4.3
U0965,Ispanak Yemeği,14,3.2
U0965,Profiterol,11,3.2
U0965,Su Böreği,14,4.9
U0965,Zeytinyağlı Taze Fasulye,5,3.6
U0965,Bulgur Pilavı,6,3.2
U0966,Köfte,5,4.0
U0966,İmambayıldı,1,3.7
U0966,Mercimek Çorbası,8,3.3
U0966,Patates Salatası,12,3.8
U0966,İskender Kebap,3,3.9
U0966,Patates Püresi,10,3.5
U0966,Profiterol,5,4.3
U0966,Tavuk Şiş,13,4.2
U0966,Mevsim Salata,14,3.9
U0966,Gavurdağı Salata,5,3.2
U0966,Yayla Çorbası,3,3.5
U0966,Mantar Çorbası,3,3.4
U0966,Fırın Tavuk,10,3.5
U0966,Orman Kebabı,12,3.9
U0966,Tavuk Suyu Çorbası,8,3.4
U0966,Baklava,8,4.6
U0966,Sütlaç,12,3.4
U0967,Mercimek Çorbası,1,3.4
U0967,Mantar Çorbası,8,4.8
U0967,Patates Püresi,7,4.6
U0967,Bulgur Pilavı,9,4.7
U0967,Nohut,5,3.4
U0967,Et Sote,11,4.6
U0968,İrmik Helvası,1,4.3
U0968,Yayla Çorbası,13,3.6
U0968,Makarna,12,3.5
U0968,Fırın Tavuk,13,4.6
U0968,Mantar Çorbası,13,4.5
U0968,Köfte,8,3.9
U0968,Tavuk Döner,15,4.4
U0968,Patates Püresi,7,3.3
U0969,Yayla Çorbası,1,3.4
U0969,Mercimek Çorbası,9,5.0
U0969,Gavurdağı Salata,12,4.1
U0969,Ezogelin Çorbası,8,4.8
U0969,Düğün Çorbası,12,4.4
U0969,İrmik Helvası,3,3.7
U0969,Bulgur Pilavı,3,3.3
U0969,İskender Kebap,8,4.0
U0970,Tavuk Şiş,4,5.0
U0970,Bulgur Pilavı,14,3.9
U0970,Mevsim Salata,11,4.9
U0970,Nohut,11,3.5
U0970,Mercimek Çorbası,3,3.2
U0970,Izgara Balık,8,3.7
U0970,Ton Balıklı Salata,2,3.5
U0970,Mantar Çorbası,4,3.8
U0970,Orman Kebabı,1,4.1
U0970,Zeytinyağlı Sarma,9,3.7
U0970,Patates Kızartması,12,4.1
U0970,Piliç Topkapı,2,3.6
U0970,Hamsi Tava,1,4.0
U0970,Ispanak Yemeği,15,3.9
U0971,Sütlaç,9,4.6
U0971,Rus Salatası,10,3.9
U0971,İrmik Helvası,6,3.9
U0971,Hamsi Tava,7,3.6
U0971,Pirinç Pilavı,8,3.0
U0971,Ezogelin Çorbası,1,5.0
U0971,Düğün Çorbası,15,5.0
U0971,Köfte,10,5.0
U0971,Makarna,8,3.3
U0971,İmambayıldı,5,3.4
U0971,Profiterol,1,4.2
U0971,Zeytinyağlı Taze Fasulye,6,3.0
U0971,Ton Balıklı Salata,11,3.3
U0971,Et Döner,9,4.2
U0971,Et Sote,13,3.9
U0971,Patates Kızartması,9,4.6
U0971,Tavuk Suyu Çorbası,10,4.0
U0971,Mercimek Çorbası,9,4.2
U0971,Tavuk Şiş,10,4.4
U0972,Gavurdağı Salata,6,4.0
U0972,Et Döner,3,4.3
U0972,Pırasa Yemeği,13,3.8
U0972,Sigara Böreği,1,3.5
U0972,Baklava,9,4.9
U0972,Sütlaç,5,4.7
U0973,Patates Kızartması,14,4.3
U0973,Patates Püresi,15,3.4
U0973,Mantar Çorbası,12,3.6
U0973,Mercimek Köftesi,6,4.2
U0973,Piliç Topkapı,15,4.2
U0973,Bulgur Pilavı,5,3.6
U0973,Nohut,12,3.6
U0973,Ton Balıklı Salata,7,4.9
U0973,Kazandibi,7,3.1
U0973,Baklava,10,3.0
U0973,Gavurdağı Salata,3,3.1
U0973,Patates Salatası,10,4.4
U0973,Mevsim Salata,1,3.3
U0974,Yayla Çorbası,4,4.0
U0974,İskender Kebap,10,3.4
U0974,Profiterol,7,3.5
U0974,Orman Kebabı,2,4.9
U0974,Bulgur Pilavı,4,4.7
U0974,Aşure,7,3.5
U0974,Sezar Salata,5,4.4
U0974,Karnıyarık,8,4.8
U0975,Mevsim Salata,14,4.4
U0975,Güllaç,1,3.7
U0975,Tavuk Sote,6,4.0
U0975,Tavuk Suyu Çorbası,4,3.4
U0975,Hamsi Tava,13,3.2
U0975,Yayla Çorbası,14,4.3
U0975,Su Böreği,6,3.4
U0975,Kuru Fasulye,11,4.3
U0975,Kemalpaşa,7,4.6
U0975,Patates Kızartması,14,4.6
U0975,Sezar Salata,8,3.4
U0975,Tavuk Şiş,4,4.4
U0976,İmambayıldı,11,3.0
U0976,Tavukgöğsü,3,4.3
U0976,Et Sote,8,3.9
U0976,Tavuk Sote,15,3.1
U0976,Kadınbudu Köfte,4,3.0
U0976,Et Döner,4,4.3
U0976,Orman Kebabı,4,3.9
U0976,Köfte,15,3.7
U0976,Patates Püresi,14,3.2
U0977,Kadınbudu Köfte,8,3.9
U0977,Sezar Salata,8,4.8
U0977,Yayla Çorbası,14,3.7
U0977,Köfte,4,4.8
U0977,İmambayıldı,4,3.5
U0977,Kemalpaşa,14,4.8
U0977,Zeytinyağlı Sarma,5,3.0
U0978,İrmik Helvası,1,4.4
U0978,Yayla Çorbası,4,3.2
U0978,Baklava,12,3.5
U0978,Piliç Topkapı,13,4.9
U0978,Sebze Graten,12,4.0
U0979,Ezogelin Çorbası,9,3.8
U0979,Köfte,7,3.4
U0979,İmambayıldı,4,3.2
U0979,Fırın Tavuk,15,4.1
U0979,Zeytinyağlı Sarma,13,3.9
U0980,Rus Salatası,8,3.5
U0980,Zeytinyağlı Enginar,15,4.7
U0980,Zeytinyağlı Taze Fasulye,8,3.9
U0980,Makarna,2,4.6
U0980,Domates Çorbası,2,3.5
U0980,Aşure,14,4.6
U0980,Pirinç Pilavı,12,3.3
U0980,Profiterol,4,3.5
U0980,Güllaç,8,4.0
U0980,Ezogelin Çorbası,10,4.9
U0980,Zeytinyağlı Sarma,4,4.7
U0980,Tas Kebabı,3,4.8
U0980,Tavuk Şiş,6,4.8
U0980,Tarhana Çorbası,8,4.6
U0980,Mercimek Çorbası,10,3.3
U0980,Gavurdağı Salata,15,3.8
U0980,Mevsim Salata,12,4.4
U0980,Fırın Tavuk,10,3.9
U0980,Orman Kebabı,8,3.1
U0980,Çoban Salata,5,4.5
U0981,Patates Kızartması,7,4.3
U0981,Sigara Böreği,4,3.1
U0981,Izgara Balık,5,4.6
U0981,Makarna,2,4.2
U0981,Düğün Çorbası,1,4.2
U0981,Kadınbudu Köfte,10,4.1
U0981,Patates Püresi,15,3.8
U0981,Köfte,10,3.8
U0981,Kazandibi,6,3.1
U0981,Patates Salatası,13,4.9
U0981,Yayla Çorbası,5,3.9
U0981,Kuru Fasulye,10,3.6
U0981,Et Sote,7,3.6
U0981,İrmik Helvası,9,4.0
U0981,Nohut,1,4.6
U0981,Profiterol,12,3.2
U0981,Gavurdağı Salata,1,4.5
U0981,Kemalpaşa,12,3.5
U0982,Düğün Çorbası,1,3.7
U0982,Sütlaç,13,3.6
U0982,Rus Salatası,10,4.8
U0982,Tas Kebabı,9,4.9
U0982,Kazandibi,13,3.1
U0982,Patates Salatası,5,4.9
U0982,Tavuk Şiş,14,4.5
U0982,Kadınbudu Köfte,8,3.6
U0982,Aşure,4,4.9
U0982,Patates Püresi,10,4.0
U0983,Makarna,4,4.8
U0983,Mercimek Köftesi,10,4.5
U0983,Ton Balıklı Salata,12,3.5
U0983,Gavurdağı Salata,6,4.3
U0983,Sütlaç,12,4.8
U0983,Tas Kebabı,6,3.2
U0983,Fırın Tavuk,9,3.3
U0983,Domates Çorbası,13,4.7
U0983,Ezogelin Çorbası,14,3.8
U0983,Et Sote,8,3.5
U0983,Tavuk Döner,8,3.3
U0984,Pırasa Yemeği,7,4.2
U0984,Sigara Böreği,1,3.6
U0984,Kemalpaşa,4,4.1
U0984,Ispanak Yemeği,12,4.2
U0984,İrmik Helvası,9,4.3
U0984,İskender Kebap,4,3.5
U0984,Aşure,5,3.3
U0984,Gavurdağı Salata,11,4.7
U0984,Patates Püresi,12,3.9
U0984,Tavuk Döner,7,5.0
U0984,Güllaç,5,4.5
U0985,Kazandibi,14,4.4
U0985,Tavuk Döner,12,4.1
U0985,Tarhana Çorbası,3,5.0
U0985,Yayla Çorbası,15,4.4
U0985,Tavuk Suyu Çorbası,12,4.4
U0985,Mantar Çorbası,7,4.0
U0985,Zeytinyağlı Enginar,6,4.2
U0985,Sütlaç,1,3.6
U0985,Tavuk Sote,4,4.2
U0985,İskender Kebap,1,3.6
U0985,Bulgur Pilavı,6,3.4
U0985,Güllaç,7,3.1
U0985,Kemalpaşa,5,3.8
U0985,Ispanak Yemeği,1,3.5
U0986,Fırın Tavuk,4,3.1
U0986,Mercimek Köftesi,1,3.9
U0986,Kuru Fasulye,14,3.1
U0986,İskender Kebap,5,4.5
U0986,Düğün Çorbası,7,3.6
U0986,Zeytinyağlı Taze Fasulye,5,4.1
U0986,İmambayıldı,4,3.6
U0986,Su Böreği,9,4.1
U0986,Orman Kebabı,8,3.7
U0986,Ispanak Yemeği,3,4.0
U0986,Sebze Graten,12,3.2
U0986,Köfte,13,3.1
U0986,Ezogelin Çorbası,13,3.5
U0986,Piliç Topkapı,7,4.9
U0986,Karnıyarık,13,3.4
U0986,Pirinç Pilavı,8,3.5
U0986,Tavukgöğsü,1,3.7
U0986,Yayla Çorbası,1,3.3
U0986,Kazandibi,3,4.7
U0987,Su Böreği,14,4.2
U0987,Çoban Salata,4,4.5
U0987,Piliç Topkapı,14,4.6
U0987,İmambayıldı,15,3.0
U0987,Sigara Böreği,15,3.7
U0987,Pırasa Yemeği,14,4.6
U0987,Sütlaç,10,3.1
U0987,Kuru Fasulye,14,4.5
U0987,Bulgur Pilavı,12,4.5
U0987,Tas Kebabı,12,4.1
U0987,Rus Salatası,9,3.7
U0987,Kazandibi,14,4.9
U0988,Zeytinyağlı Enginar,5,4.4
U0988,Et Sote,9,3.8
U0988,Domates Çorbası,13,4.1
U0988,Köfte,7,4.8
U0988,Fırın Tavuk,14,4.8
U0989,Baklava,3,3.6
U0989,İmambayıldı,1,4.4
U0989,Mevsim Salata,15,4.1
U0989,Nohut,3,3.9
U0989,Sütlaç,2,4.7
U0989,Piliç Topkapı,14,4.1
U0989,İskender Kebap,2,4.9
U0989,Fırın Tavuk,14,3.3
U0989,Su Böreği,15,3.6
U0990,Bulgur Pilavı,6,3.8
U0990,Karnıyarık,3,3.5
U0990,İrmik Helvası,3,4.0
U0990,Profiterol,5,4.7
U0990,Tavuk Döner,12,4.3
U0990,Tas Kebabı,5,4.4
U0990,İskender Kebap,7,3.4
U0990,Zeytinyağlı Enginar,11,4.9
U0990,Revani,10,3.6
U0991,Domates Çorbası,9,4.8
U0991,Fırın Tavuk,2,3.5
U0991,Ezogelin Çorbası,9,4.4
U0991,Piliç Topkapı,10,3.6
U0991,Çoban Salata,6,3.8
U0992,Bulgur Pilavı,5,4.9
U0992,Güllaç,3,4.4
U0992,Zeytinyağlı Taze Fasulye,2,3.7
U0992,Nohut,4,3.7
U0992,Tavuk Döner,13,3.7
U0992,Sütlaç,2,3.8
U0992,Ton Balıklı Salata,5,4.2
U0992,Ezogelin Çorbası,5,4.5
U0992,Kazandibi,6,3.3
U0993,Patates Püresi,8,4.2
U0993,Et Döner,11,4.0
U0993,Nohut,11,3.5
U0993,Köfte,11,3.7
U0993,Tarhana Çorbası,10,5.0
U0993,Zeytinyağlı Sarma,11,3.8
U0993,Karnıyarık,9,4.3
U0993,Makarna,13,4.2
U0993,Ton Balıklı Salata,7,4.6
U0993,Gavurdağı Salata,13,3.8
U0993,İskender Kebap,13,3.1
U0993,Baklava,1,4.5
U0993,Tavuk Suyu Çorbası,14,4.3
U0993,Domates Çorbası,11,3.5
U0993,Tavuk Şiş,5,4.3
U0993,Mantar Çorbası,9,3.8
U0994,Mercimek Çorbası,7,4.9
U0994,Ispanak Yemeği,3,4.6
U0994,Revani,13,4.8
U0994,Tavuk Suyu Çorbası,2,3.6
U0994,Patates Kızartması,12,4.2
U0994,Kadınbudu Köfte,6,3.8
U0994,Patates Salatası,6,3.7
U0994,Kuru Fasulye,1,4.6
U0994,Zeytinyağlı Sarma,15,4.6
U0994,Köfte,15,4.0
U0995,Mantar Çorbası,15,5.0
U0995,Kuru Fasulye,9,4.7
U0995,Patates Salatası,3,3.8
U0995,Revani,9,3.3
U0995,Tas Kebabı,4,3.5
U0995,Bulgur Pilavı,5,3.0
U0995,Mercimek Köftesi,9,3.2
U0995,Rus Salatası,2,4.6
U0995,Tavuk Döner,13,3.2
U0995,Zeytinyağlı Enginar,5,3.5
U0996,Gavurdağı Salata,15,4.7
U0996,Düğün Çorbası,7,3.8
U0996,Kuru Fasulye,14,4.0
U0996,Patates Püresi,9,4.0
U0996,Pırasa Yemeği,4,3.6
U0996,Baklava,14,3.2
U0996,Piliç Topkapı,15,4.3
U0996,Yayla Çorbası,12,3.6
U0996,Sütlaç,11,4.2
U0997,Zeytinyağlı Taze Fasulye,5,4.1
U0997,Et Sote,5,4.5
U0997,Rus Salatası,14,4.3
U0997,Bulgur Pilavı,8,4.6
U0997,Tas Kebabı,10,4.6
U0997,Kuru Fasulye,14,3.8
U0997,Tarhana Çorbası,7,4.5
U0997,Ezogelin Çorbası,9,4.8
U0997,Tavuk Döner,5,3.1
U0997,Makarna,12,3.3
U0997,Ispanak Yemeği,12,3.9
U0997,Kadınbudu Köfte,1,4.8
U0997,Domates Çorbası,4,4.0
U0998,Sütlaç,13,3.3
U0998,Profiterol,1,4.1
U0998,Sigara Böreği,9,3.9
U0998,Hamsi Tava,13,4.0
U0998,Sezar Salata,14,4.6
U0998,Baklava,2,3.9
U0998,Zeytinyağlı Sarma,14,4.9
U0998,Ispanak Yemeği,3,3.8
U0998,Sebze Graten,13,4.5
U0999,Fırın Tavuk,8,4.0
U0999,Çoban Salata,4,3.2
U0999,Pirinç Pilavı,11,3.4
U0999,Mercimek Çorbası,14,3.8
U0999,Makarna,13,3.1
U0999,Tavukgöğsü,9,4.6
U0999,Orman Kebabı,8,3.6
U0999,Mantar Çorbası,12,3.9
U0999,İmambayıldı,13,4.2
U1000,Tavuk Suyu Çorbası,7,3.0
U1000,Et Sote,10,4.5
U1000,Gavurdağı Salata,13,4.7
U1000,Pırasa Yemeği,4,3.8
U1000,Tavukgöğsü,7,4.4
U1000,Güllaç,3,3.1
U1000,Mantar Çorbası,1,3.3
U1000,Zeytinyağlı Sarma,5,4.6
U1000,Mercimek Çorbası,6,4.4
U1000,Çoban Salata,15,4.4
U1000,Domates Çorbası,12,4.0
U1000,Patates Salatası,14,4.3
U1000,Yayla Çorbası,5,3.4
U1000,Baklava,2,3.3
U1000,Sütlaç,13,3.1
U1000,Sigara Böreği,15,4.5
U1001,Gavurdağı Salata,7,4.5
U1001,Kazandibi,6,3.8
U1001,Izgara Balık,11,3.2
U1001,Çoban Salata,3,4.2
U1001,Ispanak Yemeği,6,3.2
U1001,Mercimek Köftesi,2,4.6
U1001,Pırasa Yemeği,3,4.9
U1001,Fırın Tavuk,10,4.9
U1001,Zeytinyağlı Enginar,6,3.1
U1001,İmambayıldı,12,3.8
U1001,İskender Kebap,14,3.1
U1001,Tavuk Şiş,8,3.9
U1001,İrmik Helvası,1,4.9
U1001,Baklava,14,3.2
U1001,Et Sote,2,4.9
U1001,Düğün Çorbası,9,3.6
U1001,Pirinç Pilavı,7,3.5
U1001,Mercimek Çorbası,3,4.1
U1001,Et Döner,6,3.7
U1002,Bulgur Pilavı,2,4.6
U1002,Sigara Böreği,12,3.5
U1002,Mevsim Salata,8,5.0
U1002,Revani,1,4.2
U1002,Patates Salatası,4,3.3
U1002,Mercimek Çorbası,12,4.4
U1002,Kemalpaşa,12,3.9
U1002,Pırasa Yemeği,6,3.1
U1002,Fırın Tavuk,11,4.7
U1002,Tas Kebabı,3,4.6
U1002,Tavuk Sote,10,3.4
U1002,Tavuk Suyu Çorbası,14,3.4
U1002,Orman Kebabı,1,3.4
U1002,Nohut,14,4.9
U1002,Mercimek Köftesi,15,3.5
U1002,Izgara Balık,1,4.9
U1002,Köfte,9,4.4
U1002,Ezogelin Çorbası,10,4.4
U1002,Et Döner,9,4.4
U1003,Fırın Tavuk,12,4.4
U1003,İskender Kebap,14,3.6
U1003,Et Döner,7,4.5
U1003,Ton Balıklı Salata,12,3.5
U1003,Ispanak Yemeği,9,3.7
U1003,Tavuk Suyu Çorbası,2,4.8
U1003,Baklava,10,3.4
U1003,Gavurdağı Salata,11,4.0
U1003,Ezogelin Çorbası,7,4.7
U1003,Patates Püresi,7,3.4
U1003,Bulgur Pilavı,11,4.1
U1003,Karnıyarık,11,4.8
U1003,Makarna,2,4.9
U1003,Tavuk Şiş,6,3.6
U1004,Mevsim Salata,8,4.3
U1004,Mercimek Çorbası,5,4.5
U1004,Patates Püresi,6,4.4
U1004,İrmik Helvası,12,4.1
U1004,Makarna,5,3.9
U1004,Baklava,9,3.3
U1004,Mercimek Köftesi,14,4.1
U1004,Tarhana Çorbası,2,3.9
U1004,Mantar Çorbası,4,3.5
U1004,Profiterol,8,4.7
U1005,Ezogelin Çorbası,13,3.3
U1005,Baklava,11,5.0
U1005,Tavuk Sote,9,3.1
U1005,Izgara Balık,6,3.8
U1005,Tarhana Çorbası,9,4.6
U1006,Izgara Balık,15,3.2
U1006,Gavurdağı Salata,10,3.1
U1006,Et Sote,7,3.7
U1006,Zeytinyağlı Sarma,15,3.3
U1006,Ton Balıklı Salata,3,3.9
U1006,Kadınbudu Köfte,14,4.6
U1006,Aşure,13,3.9
U1006,Köfte,2,4.2
U1006,Piliç Topkapı,4,4.3
U1006,Tavuk Suyu Çorbası,12,3.3
U1006,Sütlaç,9,4.2
U1006,Profiterol,15,4.6
U1006,İskender Kebap,14,4.5
U1006,İmambayıldı,15,3.2
U1006,Zeytinyağlı Enginar,10,4.9
U1006,İrmik Helvası,8,4.9
U1006,Makarna,2,4.2
U1006,Rus Salatası,7,3.8
U1006,Kemalpaşa,8,4.5
U1006,Karnıyarık,1,3.1
U1007,Güllaç,13,4.6
U1007,İskender Kebap,9,3.5
U1007,Su Böreği,7,4.1
U1007,Sütlaç,14,4.1
U1007,Hamsi Tava,11,4.3
U1007,Köfte,3,4.6
U1007,Et Döner,12,3.2
U1007,Kazandibi,14,4.0
U1007,Izgara Balık,14,4.9
U1007,Domates Çorbası,12,4.0
U1007,Revani,15,3.2
U1008,Yayla Çorbası,2,3.8
U1008,Mantar Çorbası,9,4.4
U1008,Patates Salatası,9,3.2
U1008,Rus Salatası,5,4.2
U1008,Kemalpaşa,1,4.2
U1008,Tavukgöğsü,6,4.6
U1008,Düğün Çorbası,2,4.3
U1008,Pirinç Pilavı,8,3.0
U1008,İskender Kebap,3,3.8
U1008,Tavuk Suyu Çorbası,9,3.8
U1008,Kadınbudu Köfte,3,4.8
U1008,Mercimek Çorbası,9,4.1
U1009,Et Sote,11,5.0
U1009,Zeytinyağlı Enginar,15,4.2
U1009,Mercimek Çorbası,9,3.5
U1009,Tas Kebabı,7,3.6
U1009,Tavuk Suyu Çorbası,14,3.4
U1009,Ezogelin Çorbası,1,4.0
U1009,Bulgur Pilavı,14,4.7
U1009,Izgara Balık,15,3.3
U1009,Yayla Çorbası,1,3.9
U1009,Mercimek Köftesi,15,3.0
U1009,Kemalpaşa,1,4.5
U1009,Rus Salatası,7,4.3
U1009,Zeytinyağlı Taze Fasulye,1,5.0
U1009,Ispanak Yemeği,4,3.1
U1009,Köfte,7,4.7
U1009,Domates Çorbası,1,4.0
U1009,İskender Kebap,11,3.1
U1010,Rus Salatası,1,4.8
U1010,Tavuk Suyu Çorbası,7,3.1
U1010,Tarhana Çorbası,5,3.6
U1010,Sigara Böreği,13,4.9
U1010,Pirinç Pilavı,11,4.5
U1010,Baklava,3,4.9
U1010,İskender Kebap,8,3.5
U1010,Güllaç,13,3.4
U1010,Ezogelin Çorbası,9,4.3
U1010,Çoban Salata,6,4.9
U1010,Mercimek Köftesi,5,3.7
U1010,Profiterol,8,3.3
U1010,Nohut,9,4.2
U1010,Kuru Fasulye,2,4.4
U1010,Su Böreği,1,3.4
U1010,Makarna,4,3.2
U1010,Tavuk Şiş,7,4.6
U1010,Piliç Topkapı,2,3.7
U1011,Pırasa Yemeği,9,4.6
U1011,Karnıyarık,10,3.5
U1011,Nohut,14,4.6
U1011,İrmik Helvası,14,3.5
U1011,Ton Balıklı Salata,11,3.9
U1011,Tavuk Suyu Çorbası,14,3.1
U1011,Sigara Böreği,12,3.3
U1011,Ezogelin Çorbası,12,3.9
U1011,Tas Kebabı,13,4.6
U1011,Aşure,6,5.0
U1011,Patates Püresi,2,3.5
U1011,Zeytinyağlı Sarma,9,3.5
U1011,Tarhana Çorbası,12,4.1
U1011,Izgara Balık,11,4.0
U1012,Tavuk Sote,1,4.9
U1012,Orman Kebabı,8,3.4
U1012,Güllaç,4,3.1
U1012,Patates Püresi,7,4.6
U1012,Tavukgöğsü,14,3.5
U1012,Mevsim Salata,3,4.9
U1012,Revani,10,3.9
U1012,Tarhana Çorbası,2,4.8
U1012,Ispanak Yemeği,1,4.6
U1012,Zeytinyağlı Enginar,5,3.4
U1012,Makarna,15,3.3
U1012,Çoban Salata,9,4.6
U1012,Aşure,10,3.3
U1012,Sebze Graten,10,4.9
U1012,Patates Salatası,8,3.2
U1013,Yayla Çorbası,14,4.6
U1013,Kuru Fasulye,2,3.7
U1013,Et Sote,10,3.7
U1013,Tavuk Döner,7,4.0
U1013,Pırasa Yemeği,10,3.1
U1013,Tas Kebabı,4,3.4
U1013,Kazandibi,10,3.8
U1013,Izgara Balık,14,4.9
U1013,Düğün Çorbası,11,3.7
U1013,Kemalpaşa,1,4.2
U1013,Çoban Salata,4,4.1
U1014,Tavuk Suyu Çorbası,6,3.9
U1014,Hamsi Tava,7,4.6
U1014,Mercimek Çorbası,4,3.5
U1014,Et Döner,13,4.2
U1014,Düğün Çorbası,4,3.4
U1014,Kuru Fasulye,14,3.9
U1014,Mevsim Salata,2,4.9
U1014,İrmik Helvası,8,5.0
U1014,Kemalpaşa,12,3.8
U1014,İskender Kebap,3,4.4
U1014,Zeytinyağlı Enginar,9,4.6
U1014,Patates Püresi,3,3.6
U1014,Mercimek Köftesi,2,3.6
U1014,Izgara Balık,14,4.6
U1014,Tavuk Şiş,8,3.4
U1014,Kazandibi,13,4.1
U1015,Patates Püresi,2,3.6
U1015,Tavuk Şiş,10,4.7
U1015,Domates Çorbası,11,3.1
U1015,Mevsim Salata,11,4.9
U1015,Rus Salatası,14,4.7
U1015,Et Sote,5,3.6
U1015,Tavuk Suyu Çorbası,11,3.1
U1015,Aşure,15,4.4
U1015,Hamsi Tava,3,4.6
U1015,Izgara Balık,11,3.3
U1016,Kuru Fasulye,6,4.0
U1016,Ispanak Yemeği,14,4.9
U1016,Izgara Balık,10,4.4
U1016,Tas Kebabı,5,4.0
U1016,Mevsim Salata,13,4.8
U1016,Baklava,4,4.7
U1016,İmambayıldı,1,4.4
U1016,Bulgur Pilavı,10,4.1
U1016,Patates Kızartması,4,4.8
U1017,Köfte,2,3.4
U1017,Ezogelin Çorbası,13,4.3
U1017,Sebze Graten,3,4.3
U1017,İrmik Helvası,2,4.2
U1017,Tas Kebabı,12,5.0
U1017,Pırasa Yemeği,10,4.4
U1018,Mevsim Salata,10,3.5
U1018,Fırın Tavuk,12,3.4
U1018,Makarna,9,3.6
U1018,Su Böreği,6,4.7
U1018,Pirinç Pilavı,5,4.2
U1018,Pırasa Yemeği,6,4.5
U1018,Tas Kebabı,13,3.2
U1018,Et Sote,8,4.7
U1019,Izgara Balık,14,4.9
U1019,Piliç Topkapı,10,4.6
U1019,Tavuk Suyu Çorbası,5,3.3
U1019,Kazandibi,11,3.9
U1019,Orman Kebabı,3,4.3
U1019,Tas Kebabı,12,4.5
U1019,Düğün Çorbası,1,4.3
U1019,Ezogelin Çorbası,8,4.2
U1019,Pirinç Pilavı,15,4.4
U1019,Karnıyarık,10,3.8
U1019,Kemalpaşa,9,3.1
U1020,Tavuk Sote,14,4.2
U1020,Piliç Topkapı,3,3.2
U1020,Kuru Fasulye,14,3.5
U1020,Çoban Salata,11,3.4
U1020,Sebze Graten,6,3.2
U1020,Pırasa Yemeği,8,3.9
U1020,Kemalpaşa,7,3.1
U1020,Makarna,2,4.2
U1020,Profiterol,2,3.3
U1020,Zeytinyağlı Sarma,4,4.2
U1020,İmambayıldı,13,3.5
U1020,Ezogelin Çorbası,7,3.2
U1020,İrmik Helvası,13,4.3
U1020,Fırın Tavuk,11,4.4
U1020,Nohut,6,3.0
U1020,Kazandibi,11,3.4
U1020,Tarhana Çorbası,15,3.6
U1020,Bulgur Pilavı,11,3.1
U1020,Patates Püresi,4,5.0
U1021,Hamsi Tava,13,4.5
U1021,Sebze Graten,1,3.7
U1021,Tavuk Suyu Çorbası,7,3.5
U1021,Pırasa Yemeği,14,4.7
U1021,Orman Kebabı,11,4.6
U1021,Kemalpaşa,5,4.6
U1021,Fırın Tavuk,9,4.3
U1021,Çoban Salata,14,3.9
U1021,İrmik Helvası,7,3.1
U1021,Tas Kebabı,5,3.7
U1021,Tarhana Çorbası,14,3.4
U1021,Revani,9,4.1
U1021,Ton Balıklı Salata,13,3.8
U1021,Baklava,2,3.4
U1021,Mevsim Salata,14,3.7
U1021,Tavukgöğsü,1,4.0
U1021,Kuru Fasulye,4,4.4
U1021,Patates Kızartması,2,3.8
U1021,Zeytinyağlı Taze Fasulye,6,4.9
U1021,İmambayıldı,6,3.3
U1022,Zeytinyağlı Enginar,3,4.7
U1022,Orman Kebabı,4,4.4
U1022,Su Böreği,8,3.8
U1022,Et Sote,13,4.0
U1022,Zeytinyağlı Sarma,14,3.2
U1023,Zeytinyağlı Taze Fasulye,8,3.4
U1023,Mantar Çorbası,6,4.4
U1023,Nohut,8,4.7
U1023,Ton Balıklı Salata,7,4.4
U1023,İskender Kebap,7,4.2
U1023,Tavukgöğsü,9,3.1
U1023,Et Döner,15,3.5
U1024,Aşure,4,3.8
U1024,Su Böreği,2,3.0
U1024,Tavukgöğsü,9,4.7
U1024,Zeytinyağlı Taze Fasulye,12,4.0
U1024,Mantar Çorbası,10,4.7
U1024,İrmik Helvası,10,3.1
U1024,Ton Balıklı Salata,2,3.4
U1024,Tavuk Suyu Çorbası,2,3.9
U1024,Pırasa Yemeği,3,3.1
U1024,Orman Kebabı,7,3.2
U1024,Sigara Böreği,13,4.0
U1024,Zeytinyağlı Sarma,10,4.1
U1025,Tavuk Döner,4,3.7
U1025,Sebze Graten,14,4.6
U1025,Pırasa Yemeği,14,3.2
U1025,Aşure,1,4.6
U1025,Zeytinyağlı Enginar,15,4.5
U1025,Profiterol,13,3.2
U1025,Nohut,6,4.4
U1025,Hamsi Tava,7,4.8
U1026,Et Sote,2,3.1
U1026,Makarna,11,3.5
U1026,Ispanak Yemeği,15,3.2
U1026,Kuru Fasulye,15,4.9
U1026,Tavuk Sote,4,4.4
U1026,Su Böreği,7,4.0
U1026,Izgara Balık,8,4.6
U1026,Sütlaç,1,4.6
U1026,İrmik Helvası,9,4.9
U1026,Orman Kebabı,11,3.1
U1026,Zeytinyağlı Taze Fasulye,3,3.3
U1027,Piliç Topkapı,8,3.7
U1027,Ispanak Yemeği,12,3.7
U1027,Güllaç,12,4.5
U1027,Tavuk Sote,1,4.4
U1027,Et Döner,4,3.2
U1027,Sebze Graten,1,3.4
U1027,Mercimek Köftesi,9,3.5
U1027,İmambayıldı,1,3.2
U1027,Tas Kebabı,2,3.2
U1027,Ezogelin Çorbası,13,5.0
U1027,Domates Çorbası,4,3.9
U1027,Pirinç Pilavı,1,3.6
U1027,Köfte,11,4.2
U1028,İrmik Helvası,10,4.1
U1028,Nohut,7,4.3
U1028,Piliç Topkapı,11,4.7
U1028,Yayla Çorbası,13,3.5
U1028,Ispanak Yemeği,7,3.2
U1029,İmambayıldı,3,3.3
U1029,Kemalpaşa,13,3.2
U1029,Makarna,8,3.8
U1029,Zeytinyağlı Enginar,13,3.6
U1029,Tavuk Suyu Çorbası,5,4.6
U1029,Orman Kebabı,13,3.4
U1030,Tavuk Şiş,15,3.6
U1030,Sebze Graten,8,4.8
U1030,Çoban Salata,8,4.1
U1030,Kadınbudu Köfte,5,3.9
U1030,Kuru Fasulye,13,3.8
U1030,Fırın Tavuk,13,3.9
U1030,Zeytinyağlı Sarma,3,4.8
U1030,Tavuk Döner,9,4.8
U1030,Piliç Topkapı,14,4.4
U1030,Ton Balıklı Salata,14,4.2
U1030,İmambayıldı,6,3.2
U1030,Kazandibi,5,4.4
U1031,Sezar Salata,4,3.6
U1031,Mevsim Salata,5,3.2
U1031,Tavuk Sote,13,4.6
U1031,Sigara Böreği,11,4.5
U1031,Su Böreği,13,3.5
U1031,Baklava,12,3.0
U1031,Zeytinyağlı Taze Fasulye,14,3.5
U1031,Zeytinyağlı Enginar,4,4.5
U1031,Aşure,6,4.9
U1031,Izgara Balık,1,4.2
U1031,Pırasa Yemeği,2,3.6
U1031,Çoban Salata,14,4.9
U1031,Yayla Çorbası,11,3.4
U1031,Nohut,15,3.9
U1031,Profiterol,12,4.8
U1031,Et Sote,5,4.4
U1031,Ezogelin Çorbası,14,3.4
U1032,Et Döner,5,3.2
U1032,Mercimek Köftesi,13,3.8
U1032,Kemalpaşa,14,4.6
U1032,Ispanak Yemeği,7,3.5
U1032,Pırasa Yemeği,10,3.7
U1032,Yayla Çorbası,2,3.4
U1032,Aşure,8,3.6
U1032,Tarhana Çorbası,3,4.8
U1033,Ispanak Yemeği,4,4.3
U1033,Kadınbudu Köfte,7,4.8
U1033,Karnıyarık,4,4.9
U1033,Su Böreği,6,3.1
U1033,Et Döner,3,3.3
U1033,Domates Çorbası,13,4.9
U1034,Güllaç,4,3.7
U1034,Kemalpaşa,5,3.9
U1034,Zeytinyağlı Sarma,14,5.0
U1034,Patates Püresi,4,4.8
U1034,Hamsi Tava,3,4.8
U1034,Zeytinyağlı Taze Fasulye,9,5.0
U1034,Piliç Topkapı,10,3.1
U1034,Tavuk Suyu Çorbası,12,4.8
U1034,Patates Salatası,15,4.8
U1034,Çoban Salata,15,4.4
U1034,Köfte,15,3.3
U1034,Mercimek Köftesi,1,3.9
U1034,Zeytinyağlı Enginar,3,3.2
U1034,Aşure,6,3.8
U1034,Tas Kebabı,1,3.3
U1034,Ispanak Yemeği,5,4.3
U1034,Et Sote,14,3.3
U1034,Tavuk Döner,2,4.6
U1034,Tavuk Şiş,5,4.4
U1035,Tavuk Döner,4,3.8
U1035,Patates Kızartması,8,4.1
U1035,İmambayıldı,7,3.7
U1035,Izgara Balık,1,3.3
U1035,Kadınbudu Köfte,15,3.1
U1035,Piliç Topkapı,3,3.9
U1035,Tavuk Sote,6,5.0
U1035,Sütlaç,11,3.7
U1035,Profiterol,15,4.4
U1035,Gavurdağı Salata,8,4.4
U1035,Sigara Böreği,10,4.0
U1035,Yayla Çorbası,14,3.5
U1035,Pirinç Pilavı,14,3.9
U1036,Piliç Topkapı,5,3.6
U1036,Karnıyarık,7,4.8
U1036,Zeytinyağlı Enginar,12,4.1
U1036,Tavuk Şiş,7,3.7
U1036,Tas Kebabı,9,3.5
U1036,Gavurdağı Salata,11,4.5
U1036,Mantar Çorbası,2,4.9
U1036,Ezogelin Çorbası,11,4.3
U1036,Sezar Salata,3,3.7
U1036,Güllaç,2,4.7
U1036,Ton Balıklı Salata,7,4.2
U1036,İskender Kebap,1,4.0
U1036,Zeytinyağlı Sarma,11,3.7
U1036,Yayla Çorbası,4,4.7
U1036,Köfte,3,4.0
U1036,Baklava,5,3.1
U1036,Düğün Çorbası,7,3.8
U1037,Hamsi Tava,11,4.5
U1037,Baklava,10,4.5
U1037,Rus Salatası,13,3.8
U1037,Sigara Böreği,4,3.1
U1037,Sezar Salata,2,3.0
U1037,Tavuk Sote,5,4.8
U1038,Karnıyarık,13,4.6
U1038,Rus Salatası,14,4.4
U1038,Makarna,8,5.0
U1038,Orman Kebabı,3,3.3
U1038,Sütlaç,14,3.3
U1038,Tavuk Şiş,10,3.5
U1038,Bulgur Pilavı,2,3.9
U1038,Ispanak Yemeği,5,4.7
U1038,Zeytinyağlı Sarma,15,3.0
U1039,Patates Püresi,3,3.9
U1039,Patates Kızartması,2,3.8
U1039,Tavuk Şiş,6,4.9
U1039,Gavurdağı Salata,15,3.4
U1039,Tavuk Suyu Çorbası,6,4.0
U1039,Sezar Salata,11,4.0
U1039,Tavuk Döner,4,3.5
U1040,Zeytinyağlı Enginar,11,4.3
U1040,Düğün Çorbası,11,3.1
U1040,İrmik Helvası,5,4.8
U1040,Aşure,7,3.3
U1040,Izgara Balık,9,3.2
U1040,İmambayıldı,8,3.4
U1040,Zeytinyağlı Taze Fasulye,10,4.4
U1040,Kadınbudu Köfte,13,4.8
U1040,Orman Kebabı,4,4.0
U1040,Mercimek Köftesi,13,3.4
U1041,Kuru Fasulye,8,3.8
U1041,Tavuk Suyu Çorbası,5,3.6
U1041,Et Döner,1,4.8
U1041,Patates Püresi,1,4.5
U1041,Tavuk Sote,4,4.8
U1041,Rus Salatası,9,4.5
U1041,Ton Balıklı Salata,7,4.3
U1041,Güllaç,13,5.0
U1041,Mercimek Çorbası,3,4.2
U1041,Sebze Graten,5,4.1
U1041,Kadınbudu Köfte,7,3.0
U1041,Ispanak Yemeği,13,3.6
U1041,Çoban Salata,12,4.5
U1041,Pırasa Yemeği,3,4.6
U1041,Ezogelin Çorbası,13,4.1
U1041,Gavurdağı Salata,5,4.2
U1041,Nohut,5,3.6
U1041,Aşure,1,3.7
U1041,Bulgur Pilavı,14,3.1
U1041,Zeytinyağlı Taze Fasulye,12,4.5
U1042,Bulgur Pilavı,7,4.2
U1042,Tavukgöğsü,6,3.9
U1042,Tavuk Sote,14,3.2
U1042,Zeytinyağlı Taze Fasulye,13,4.6
U1042,Çoban Salata,4,3.3
U1042,Sebze Graten,15,4.6
U1042,Hamsi Tava,12,3.5
U1042,Köfte,3,4.5
U1042,Ispanak Yemeği,9,4.9
U1042,Sezar Salata,4,3.7
U1043,Bulgur Pilavı,13,4.0
U1043,Patates Püresi,9,4.5
U1043,Aşure,9,3.2
U1043,Kemalpaşa,13,4.9
U1043,Mercimek Çorbası,9,4.3
U1043,Nohut,11,3.0
U1043,Karnıyarık,1,3.7
U1043,Tavuk Sote,1,4.8
U1043,Tavuk Döner,9,4.7
U1043,Sezar Salata,13,4.3
U1043,Ton Balıklı Salata,8,3.2
U1043,Kadınbudu Köfte,14,3.2
U1044,Patates Kızartması,7,3.2
U1044,Zeytinyağlı Enginar,6,4.9
U1044,Tavuk Döner,9,3.8
U1044,Fırın Tavuk,10,3.5
U1044,Mercimek Çorbası,7,3.2
U1044,Et Döner,2,3.3
U1044,Izgara Balık,7,3.8
U1045,Tas Kebabı,5,4.3
U1045,Mevsim Salata,15,3.9
U1045,Tavuk Şiş,9,3.4
U1045,Su Böreği,11,3.9
U1045,Pirinç Pilavı,6,4.6
U1045,Makarna,8,4.0
U1045,Zeytinyağlı Enginar,4,4.0
U1045,Sütlaç,3,4.2
U1045,Hamsi Tava,8,4.9
U1045,Patates Kızartması,14,3.1
U1045,Nohut,12,4.4
U1046,Tavuk Sote,8,4.6
U1046,Baklava,7,3.9
U1046,İrmik Helvası,8,4.3
U1046,Makarna,3,3.1
U1046,Mercimek Köftesi,15,3.1
U1046,Kadınbudu Köfte,6,4.0
U1047,Makarna,1,4.7
U1047,Aşure,15,3.4
U1047,Sebze Graten,11,4.3
U1047,Mercimek Köftesi,14,3.2
U1047,İrmik Helvası,4,3.4
U1047,Zeytinyağlı Taze Fasulye,1,3.8
U1047,Gavurdağı Salata,15,4.7
U1047,Bulgur Pilavı,5,3.3
U1047,Fırın Tavuk,11,4.8
U1047,Rus Salatası,4,4.3
U1048,Gavurdağı Salata,2,3.5
U1048,Makarna,4,4.3
U1048,Yayla Çorbası,5,5.0
U1048,Ezogelin Çorbası,10,3.2
U1048,Kazandibi,15,3.0
U1048,Tarhana Çorbası,9,4.8
U1048,Patates Püresi,10,3.0
U1048,Zeytinyağlı Enginar,10,3.7
U1048,Düğün Çorbası,2,4.8
U1048,Et Döner,8,3.7
U1048,Tavuk Döner,4,4.2
U1048,Et Sote,1,3.3
U1048,Kadınbudu Köfte,11,4.8
U1048,Sebze Graten,1,4.2
U1048,Tavuk Şiş,2,3.5
U1048,Kuru Fasulye,13,4.8
U1048,Baklava,5,3.0
U1048,Kemalpaşa,9,4.3
U1048,Hamsi Tava,1,4.9
U1048,Rus Salatası,1,4.8
U1049,Revani,14,4.9
U1049,Pırasa Yemeği,12,4.1
U1049,Düğün Çorbası,9,3.2
U1049,Izgara Balık,15,3.7
U1049,Piliç Topkapı,13,3.4
U1049,Baklava,14,3.4
U1049,Tavuk Suyu Çorbası,2,3.2
U1049,Kadınbudu Köfte,4,3.2
U1049,Köfte,2,3.6
U1049,İmambayıldı,14,4.8
U1049,Mercimek Köftesi,6,5.0
U1049,Fırın Tavuk,5,3.9
U1049,Ezogelin Çorbası,14,4.4
U1049,Tas Kebabı,10,4.0
U1049,İskender Kebap,9,3.4
U1049,Mantar Çorbası,6,3.1
U1049,Bulgur Pilavı,8,3.7
U1049,Kemalpaşa,10,4.2
U1049,Aşure,7,3.7
U1049,Karnıyarık,1,4.2
U1050,Kadınbudu Köfte,9,3.1
U1050,Pirinç Pilavı,7,4.0
U1050,Revani,8,3.4
U1050,Tavukgöğsü,2,3.4
U1050,Sütlaç,7,4.9
U1050,Sigara Böreği,10,4.0
U1050,Makarna,12,3.7
U1050,Kazandibi,10,3.4
U1050,Domates Çorbası,11,4.7
U1050,Ezogelin Çorbası,5,3.0
U1050,Patates Salatası,6,4.9
U1050,Zeytinyağlı Taze Fasulye,14,3.9
U1051,Tavuk Şiş,6,3.5
U1051,Su Böreği,12,4.1
U1051,Patates Salatası,7,4.6
U1051,Güllaç,2,4.9
U1051,Revani,1,3.5
U1051,Zeytinyağlı Enginar,8,4.5
U1051,Gavurdağı Salata,5,4.2
U1051,Orman Kebabı,12,4.0
U1051,Tavuk Döner,2,4.9
U1051,Kadınbudu Köfte,14,4.3
U1051,Aşure,7,4.3
U1051,Mercimek Köftesi,15,4.5
U1051,Pirinç Pilavı,1,4.1
U1051,Tavukgöğsü,2,3.5
U1051,Domates Çorbası,2,3.8
U1051,Zeytinyağlı Taze Fasulye,8,4.4
U1051,Makarna,1,3.1
U1051,Patates Püresi,7,3.8
U1051,Nohut,6,3.5
U1052,Baklava,2,4.8
U1052,İmambayıldı,11,4.7
U1052,Patates Püresi,4,4.4
U1052,İskender Kebap,6,4.2
U1052,Kemalpaşa,3,4.3
U1052,Tavuk Şiş,5,3.4
U1052,Düğün Çorbası,15,3.4
U1052,Tavukgöğsü,10,3.9
U1052,Ispanak Yemeği,14,3.1
U1052,Ezogelin Çorbası,1,3.7
U1052,Su Böreği,4,4.4
U1052,Zeytinyağlı Sarma,6,4.9
U1052,Köfte,14,4.3
U1052,Pırasa Yemeği,3,3.9
U1052,Mercimek Çorbası,13,3.4
U1053,Nohut,1,3.6
U1053,Düğün Çorbası,14,3.5
U1053,Et Sote,10,4.5
U1053,Tavuk Suyu Çorbası,15,4.0
U1053,Mercimek Köftesi,7,3.8
U1053,Mevsim Salata,10,3.2
U1053,Karnıyarık,14,3.2
U1053,Tas Kebabı,6,4.0
U1053,Aşure,2,4.1
U1053,Mercimek Çorbası,6,3.7
U1053,Tarhana Çorbası,2,4.0
U1053,Su Böreği,5,3.1
U1053,Sebze Graten,5,3.8
U1053,Gavurdağı Salata,3,4.4
U1054,Patates Salatası,13,3.2
U1054,Köfte,11,3.6
U1054,Mercimek Çorbası,8,3.7
U1054,Kemalpaşa,8,3.1
U1054,Tarhana Çorbası,1,4.7
U1054,Sigara Böreği,10,3.2
U1054,Izgara Balık,15,5.0
U1055,Yayla Çorbası,6,3.9
U1055,Su Böreği,6,4.6
U1055,Kazandibi,3,4.1
U1055,Profiterol,8,3.5
U1055,Gavurdağı Salata,8,4.4
U1055,Patates Salatası,13,4.6
U1055,Çoban Salata,7,3.3
U1055,Patates Kızartması,15,5.0
U1055,Hamsi Tava,12,3.2
U1055,İmambayıldı,5,3.1
U1055,Tavuk Döner,8,4.2
U1055,Izgara Balık,11,3.1
U1055,Revani,7,4.3
U1055,Zeytinyağlı Sarma,1,4.7
U1055,Pırasa Yemeği,11,3.2
U1056,Gavurdağı Salata,7,4.2
U1056,Pırasa Yemeği,15,4.6
U1056,Patates Kızartması,8,4.0
U1056,Tavuk Sote,1,3.6
U1056,Sezar Salata,11,4.9
U1056,Mercimek Çorbası,10,3.2
U1056,Ispanak Yemeği,2,4.4
U1056,İskender Kebap,15,4.5
U1056,Piliç Topkapı,8,4.6
U1056,Tarhana Çorbası,9,4.4
U1056,Izgara Balık,7,3.7
U1056,Et Döner,13,3.1
U1056,Su Böreği,7,3.3
U1056,Ton Balıklı Salata,14,3.5
U1056,Kazandibi,6,4.2
U1057,Düğün Çorbası,10,3.6
U1057,Ispanak Yemeği,5,4.0
U1057,Orman Kebabı,1,3.0
U1057,Köfte,1,4.0
U1057,Tarhana Çorbası,13,3.3
U1057,Mevsim Salata,10,3.4
U1057,Mercimek Çorbası,2,4.3
U1057,Et Sote,11,3.8
U1057,Aşure,6,3.3
U1057,Patates Püresi,12,3.4
U1057,Revani,6,4.6
U1057,Patates Kızartması,1,4.1
U1057,Patates Salatası,5,3.3
U1057,Kemalpaşa,3,3.1
U1057,Mercimek Köftesi,3,4.0
U1057,Pirinç Pilavı,13,3.4
U1058,Güllaç,6,3.4
U1058,Tavuk Şiş,7,4.3
U1058,Kemalpaşa,4,3.3
U1058,Mercimek Köftesi,13,3.5
U1058,Köfte,7,3.6
U1058,Ezogelin Çorbası,9,3.8
U1058,Zeytinyağlı Taze Fasulye,7,4.7
U1058,Tavuk Suyu Çorbası,1,3.5
U1058,İmambayıldı,8,4.9
U1058,Tas Kebabı,13,4.8
U1058,Domates Çorbası,5,5.0
U1058,Aşure,4,3.4
U1058,Sebze Graten,11,3.6
U1059,Orman Kebabı,1,3.3
U1059,İmambayıldı,13,4.4
U1059,Ispanak Yemeği,4,4.3
U1059,Kadınbudu Köfte,4,3.7
U1059,Gavurdağı Salata,2,4.4
U1059,Sezar Salata,9,3.7
U1059,Düğün Çorbası,15,3.1
U1059,Çoban Salata,12,4.0
U1059,Mantar Çorbası,9,3.1
U1059,Sigara Böreği,8,3.9
U1059,Profiterol,10,3.9
U1059,Patates Püresi,12,4.3
U1059,Tavuk Döner,9,3.7
U1059,Makarna,12,3.6
U1059,Nohut,6,4.1
U1060,Tavuk Sote,9,3.2
U1060,Sebze Graten,3,4.7
U1060,Baklava,14,4.0
U1060,Zeytinyağlı Taze Fasulye,14,4.4
U1060,İrmik Helvası,4,4.4
U1060,Düğün Çorbası,9,3.7
U1060,Tavuk Şiş,9,4.4
U1060,Tas Kebabı,4,4.4
U1060,İskender Kebap,9,4.7
U1060,Tavuk Döner,7,4.8
U1060,Ton Balıklı Salata,8,4.1
U1060,Orman Kebabı,7,3.1
U1060,İmambayıldı,1,4.5
U1060,Hamsi Tava,3,4.5
U1060,Karnıyarık,5,4.1
U1060,Patates Salatası,3,4.1
U1060,Bulgur Pilavı,13,4.1
U1060,Sezar Salata,10,4.6
U1061,Patates Püresi,2,4.4
U1061,Sebze Graten,13,3.2
U1061,Tavuk Suyu Çorbası,11,4.7
U1061,Pırasa Yemeği,9,3.0
U1061,Mercimek Çorbası,13,4.8
U1061,Kazandibi,1,3.2
U1061,Ispanak Yemeği,15,4.3
U1061,Patates Salatası,1,3.1
U1061,Sezar Salata,12,4.0
U1061,Baklava,9,3.7
U1061,Köfte,4,4.0
U1061,Zeytinyağlı Sarma,9,4.4
U1061,Ton Balıklı Salata,12,4.8
U1061,Patates Kızartması,2,3.4
U1062,Profiterol,6,3.5
U1062,Aşure,12,4.1
U1062,Kazandibi,1,3.2
U1062,Patates Salatası,2,4.6
U1062,Et Sote,8,3.4
U1062,Mercimek Çorbası,8,4.5
U1062,Tas Kebabı,5,4.0
U1062,Zeytinyağlı Taze Fasulye,9,4.8
U1062,Ton Balıklı Salata,2,3.7
U1062,Gavurdağı Salata,11,3.1
U1063,Sigara Böreği,13,4.9
U1063,Güllaç,3,3.1
U1063,Makarna,6,3.0
U1063,Bulgur Pilavı,14,3.8
U1063,Pirinç Pilavı,10,3.6
U1063,Orman Kebabı,3,4.9
U1063,Tarhana Çorbası,8,3.5
U1063,Nohut,4,3.9
U1063,Zeytinyağlı Sarma,7,4.4
U1064,Makarna,14,3.6
U1064,Tavukgöğsü,1,3.7
U1064,Ton Balıklı Salata,11,4.8
U1064,Et Döner,13,3.1
U1064,Kemalpaşa,12,5.0
U1064,Tavuk Şiş,14,4.7
U1064,Yayla Çorbası,8,3.8
U1064,Profiterol,11,3.7
U1064,Su Böreği,1,3.6
U1064,Patates Püresi,1,4.1
U1064,Rus Salatası,4,3.9
U1064,Zeytinyağlı Taze Fasulye,9,3.1
U1064,Zeytinyağlı Sarma,12,4.5
U1064,Mercimek Köftesi,7,4.9
U1064,Baklava,4,3.7
U1064,Karnıyarık,4,4.6
U1064,Gavurdağı Salata,9,4.3
U1064,Mevsim Salata,11,3.8
U1064,İrmik Helvası,4,3.4
U1065,Kemalpaşa,15,5.0
U1065,İrmik Helvası,13,4.4
U1065,Et Sote,5,4.4
U1065,Karnıyarık,11,4.5
U1065,Profiterol,9,3.1
U1065,Çoban Salata,14,4.3
U1065,Sebze Graten,6,4.2
U1065,Patates Kızartması,8,3.8
U1065,Domates Çorbası,6,4.4
U1065,Bulgur Pilavı,7,4.7
U1065,Pirinç Pilavı,5,3.6
U1065,Tavuk Şiş,11,4.4
U1065,Patates Salatası,11,3.9
U1065,Nohut,4,3.5
U1065,Sütlaç,5,4.0
U1065,Hamsi Tava,11,4.2
U1065,Ezogelin Çorbası,12,3.9
U1065,Tavukgöğsü,9,4.6
U1065,Mevsim Salata,6,4.2
U1065,Tavuk Suyu Çorbası,3,3.4
U1066,Ezogelin Çorbası,6,4.0
U1066,Sütlaç,6,4.5
U1066,İrmik Helvası,6,4.1
U1066,Tavuk Döner,13,3.4
U1066,Mercimek Çorbası,15,3.1
U1066,İmambayıldı,5,3.7
U1066,Pirinç Pilavı,4,3.7
U1066,Kemalpaşa,4,3.9
U1066,Yayla Çorbası,2,4.7
U1066,Izgara Balık,3,4.3
U1066,Karnıyarık,6,3.1
U1066,Profiterol,10,4.8
U1066,Tarhana Çorbası,10,3.2
U1067,Mercimek Çorbası,4,3.5
U1067,Rus Salatası,5,3.3
U1067,Hamsi Tava,15,4.3
U1067,Kuru Fasulye,5,5.0
U1067,Et Sote,10,4.4
U1067,Mevsim Salata,5,4.5
U1067,Zeytinyağlı Sarma,10,3.2
U1067,Güllaç,6,4.5
U1067,Tavuk Sote,2,3.8
U1067,Gavurdağı Salata,8,4.3
U1067,Kadınbudu Köfte,8,4.2
U1067,Tavuk Şiş,11,3.9
U1067,Sebze Graten,3,4.4
U1068,Tavuk Sote,8,3.1
U1068,Bulgur Pilavı,8,3.7
U1068,Su Böreği,13,3.7
U1068,Nohut,13,3.9
U1068,Fırın Tavuk,7,3.1
U1068,Tas Kebabı,15,4.2
U1068,Ezogelin Çorbası,2,4.3
U1068,Düğün Çorbası,4,4.5
U1068,Zeytinyağlı Sarma,13,4.0
U1068,Et Döner,8,4.3
U1068,Gavurdağı Salata,7,3.8
U1068,Yayla Çorbası,15,4.4
U1068,Tavuk Suyu Çorbası,12,4.9
U1068,Kuru Fasulye,14,4.5
U1068,Ton Balıklı Salata,14,3.7
U1068,Sütlaç,4,3.5
U1068,Tavuk Döner,7,3.9
U1068,Zeytinyağlı Taze Fasulye,1,3.3
U1069,Hamsi Tava,1,4.5
U1069,Ezogelin Çorbası,9,3.6
U1069,Revani,15,4.4
U1069,İrmik Helvası,14,3.1
U1069,Izgara Balık,9,3.6
U1069,Pırasa Yemeği,10,4.3
U1069,Zeytinyağlı Sarma,12,3.9
U1069,Domates Çorbası,14,3.2
U1069,Nohut,11,3.5
U1069,Su Böreği,9,4.0
U1069,Köfte,14,4.5
U1069,Patates Kızartması,13,4.2
U1069,Aşure,12,3.2
U1069,Düğün Çorbası,6,3.0
U1069,Patates Püresi,15,4.7
U1069,Karnıyarık,3,4.6
U1069,Sezar Salata,2,4.6
U1070,Zeytinyağlı Enginar,12,4.2
U1070,Hamsi Tava,14,3.7
U1070,Profiterol,10,3.7
U1070,Et Döner,7,3.5
U1070,Sigara Böreği,8,4.8
U1070,Mantar Çorbası,10,4.9
U1070,Aşure,4,3.6
U1070,Piliç Topkapı,14,3.8
U1070,Ispanak Yemeği,3,4.1
U1070,Izgara Balık,8,4.6
U1070,Çoban Salata,3,4.3
U1070,Sütlaç,5,3.9
U1070,İrmik Helvası,6,3.8
U1070,Güllaç,4,4.4
U1070,Ezogelin Çorbası,3,3.7
U1070,Patates Püresi,9,3.6
U1070,Pırasa Yemeği,1,3.1
U1070,Makarna,11,4.0
U1070,Tas Kebabı,1,3.6
U1070,Kadınbudu Köfte,5,4.1
U1071,Rus Salatası,4,4.9
U1071,Hamsi Tava,4,4.8
U1071,Zeytinyağlı Taze Fasulye,11,5.0
U1071,Izgara Balık,9,4.3
U1071,İskender Kebap,8,3.7
U1071,Su Böreği,7,4.2
U1071,Tavuk Döner,10,4.1
U1071,İrmik Helvası,7,4.2
U1071,Köfte,4,3.3
U1071,Zeytinyağlı Enginar,4,4.4
U1071,Domates Çorbası,9,4.3
U1071,Pirinç Pilavı,8,3.0
U1072,Mercimek Köftesi,10,4.7
U1072,Orman Kebabı,10,3.9
U1072,Karnıyarık,4,3.3
U1072,Gavurdağı Salata,6,4.2
U1072,Baklava,11,3.7
U1072,Domates Çorbası,3,3.5
U1072,Tas Kebabı,13,3.9
U1073,Güllaç,15,3.3
U1073,Baklava,9,4.2
U1073,Makarna,9,4.3
U1073,Mercimek Çorbası,1,3.0
U1073,Ispanak Yemeği,7,3.1
U1073,Ton Balıklı Salata,4,4.0
U1073,Gavurdağı Salata,9,4.4
U1073,İrmik Helvası,14,3.6
U1073,Aşure,12,4.6
U1073,Patates Salatası,7,4.1
U1073,Tavuk Döner,6,3.4
U1073,İmambayıldı,14,4.8
U1073,Bulgur Pilavı,9,3.2
U1073,Kemalpaşa,14,3.9
U1073,Zeytinyağlı Enginar,12,4.4
U1073,Mercimek Köftesi,10,3.3
U1073,Tavuk Suyu Çorbası,8,4.7
U1073,Ezogelin Çorbası,6,3.2
U1074,Gavurdağı Salata,9,4.5
U1074,Mercimek Çorbası,3,4.5
U1074,Orman Kebabı,15,3.9
U1074,Sebze Graten,2,4.3
U1074,Mercimek Köftesi,13,3.5
U1074,Pirinç Pilavı,2,4.8
U1075,Zeytinyağlı Taze Fasulye,6,3.0
U1075,Revani,14,4.4
U1075,Patates Salatası,7,4.6
U1075,Mercimek Çorbası,13,4.3
U1075,Domates Çorbası,3,3.3
U1075,Düğün Çorbası,7,4.1
U1075,Zeytinyağlı Sarma,4,5.0
U1075,Ezogelin Çorbası,14,4.6
U1075,Kadınbudu Köfte,1,4.1
U1075,Profiterol,13,3.4
U1075,İskender Kebap,14,4.1
U1075,Zeytinyağlı Enginar,11,3.1
U1075,Ispanak Yemeği,15,4.1
U1075,Ton Balıklı Salata,8,3.2
U1075,Tavuk Suyu Çorbası,10,4.0
U1075,Mercimek Köftesi,4,4.3
U1076,Sigara Böreği,1,3.7
U1076,Bulgur Pilavı,8,4.4
U1076,Kadınbudu Köfte,13,4.0
U1076,Karnıyarık,3,4.3
U1076,Et Döner,8,4.7
U1076,Profiterol,9,3.9
U1076,Mercimek Köftesi,14,3.4
U1076,Tavuk Döner,12,3.7
U1076,Tavuk Suyu Çorbası,11,4.8
U1076,Ispanak Yemeği,14,3.0
U1076,Ton Balıklı Salata,11,3.4
U1076,Zeytinyağlı Taze Fasulye,6,3.0
U1076,Mantar Çorbası,11,4.5
U1077,İskender Kebap,2,3.2
U1077,Orman Kebabı,8,3.2
U1077,Bulgur Pilavı,12,3.1
U1077,Et Döner,7,4.5
U1077,Profiterol,11,4.6
U1077,Tavuk Şiş,9,3.2
U1078,Karnıyarık,1,3.6
U1078,Nohut,12,3.2
U1078,Kazandibi,13,4.2
U1078,Tavuk Suyu Çorbası,4,4.9
U1078,Düğün Çorbası,15,3.8
U1078,Sezar Salata,6,5.0
U1078,Patates Püresi,6,3.2
U1078,Patates Salatası,3,4.7
U1078,Tavuk Sote,8,4.1
U1079,Mevsim Salata,10,3.4
U1079,Köfte,4,3.1
U1079,Mercimek Köftesi,3,3.1
U1079,Makarna,14,4.5
U1079,İmambayıldı,1,3.7
U1079,Mercimek Çorbası,7,4.4
U1079,Izgara Balık,3,4.6
U1079,Tavuk Suyu Çorbası,7,3.8
U1079,Tas Kebabı,2,3.1
U1079,Sigara Böreği,6,4.6
U1079,Karnıyarık,15,4.7
U1079,Ispanak Yemeği,5,4.7
U1079,Zeytinyağlı Taze Fasulye,2,4.0
U1079,Revani,7,4.2
U1079,Et Döner,4,3.8
U1079,Güllaç,7,3.6
U1079,Sebze Graten,10,3.6
U1079,Zeytinyağlı Enginar,6,3.6
U1079,Aşure,5,3.4
U1080,Güllaç,6,4.6
U1080,Fırın Tavuk,3,4.5
U1080,Tavuk Sote,8,3.6
U1080,Kadınbudu Köfte,12,4.6
U1080,Patates Kızartması,3,3.9
U1080,Sezar Salata,3,3.3
U1080,Köfte,1,3.7
U1080,Patates Püresi,13,4.1
U1080,Profiterol,14,4.5
U1080,Kazandibi,15,4.2
U1081,Tavuk Sote,10,4.3
U1081,Sebze Graten,11,4.9
U1081,Gavurdağı Salata,11,4.4
U1081,Domates Çorbası,2,4.4
U1081,Baklava,5,3.2
U1081,Zeytinyağlı Sarma,9,3.0
U1081,Sezar Salata,8,4.0
U1081,Mercimek Çorbası,6,3.3
U1081,Pırasa Yemeği,5,3.4
U1081,Düğün Çorbası,8,3.3
U1081,Bulgur Pilavı,2,4.9
U1081,Köfte,11,3.4
U1081,Pirinç Pilavı,11,3.6
U1081,Piliç Topkapı,2,3.9
U1081,Orman Kebabı,4,4.0
U1081,Mercimek Köftesi,9,4.3
U1081,Zeytinyağlı Enginar,6,4.0
U1082,Aşure,9,3.3
U1082,Köfte,8,3.7
U1082,Fırın Tavuk,7,3.8
U1082,Makarna,8,5.0
U1082,Kazandibi,13,3.3
U1082,Pirinç Pilavı,1,3.9
U1083,Patates Püresi,1,3.8
U1083,Çoban Salata,2,3.5
U1083,Zeytinyağlı Taze Fasulye,2,3.1
U1083,Tavukgöğsü,8,3.9
U1083,Fırın Tavuk,7,3.5
U1083,Ispanak Yemeği,15,4.3
U1083,Piliç Topkapı,14,3.0
U1083,İskender Kebap,6,4.0
U1083,Sütlaç,5,3.8
U1083,Makarna,10,3.9
U1083,Mevsim Salata,4,3.7
U1083,Tavuk Döner,11,3.8
U1083,Orman Kebabı,2,3.7
U1083,Tarhana Çorbası,1,5.0
U1083,Mercimek Çorbası,2,4.3
U1083,Pırasa Yemeği,6,3.5
U1083,Zeytinyağlı Sarma,1,3.9
U1084,Tavuk Döner,14,3.5
U1084,İrmik Helvası,12,4.0
U1084,Mercimek Çorbası,1,4.5
U1084,Mevsim Salata,3,5.0
U1084,Piliç Topkapı,9,3.1
U1084,Pirinç Pilavı,1,3.8
U1084,Tas Kebabı,13,4.9
U1084,Kazandibi,10,5.0
U1084,Izgara Balık,14,4.9
U1084,Kemalpaşa,2,4.9
U1084,Çoban Salata,6,4.1
U1084,Revani,13,4.3
U1084,Yayla Çorbası,14,3.1
U1084,Ezogelin Çorbası,6,4.0
U1084,Patates Püresi,12,3.7
U1084,Patates Salatası,12,3.5
U1084,Köfte,1,3.2
U1084,Tavuk Sote,5,3.7
U1084,Tavuk Şiş,6,3.5
U1085,Hamsi Tava,3,3.2
U1085,Patates Salatası,15,3.1
U1085,İmambayıldı,5,4.9
U1085,Et Sote,14,3.3
U1085,Sigara Böreği,2,4.6
U1085,Mercimek Çorbası,5,3.8
U1085,Izgara Balık,9,3.3
U1085,Sebze Graten,3,3.1
U1085,Orman Kebabı,2,3.6
U1085,Düğün Çorbası,11,4.3
U1085,Çoban Salata,9,3.2
U1085,Zeytinyağlı Enginar,7,4.8
U1085,Tarhana Çorbası,13,4.8
U1086,Ton Balıklı Salata,5,3.4
U1086,Aşure,2,3.4
U1086,Tavuk Şiş,9,3.8
U1086,Mercimek Çorbası,6,3.7
U1086,Sezar Salata,6,4.5
U1086,Et Döner,8,3.5
U1086,Ispanak Yemeği,14,4.1
U1086,Patates Salatası,3,4.7
U1086,Orman Kebabı,10,4.8
U1086,Zeytinyağlı Sarma,4,4.3
U1086,Revani,7,4.4
U1086,Patates Kızartması,13,4.7
U1086,Kadınbudu Köfte,2,4.5
U1086,Et Sote,9,4.8
U1087,Revani,8,4.7
U1087,Tas Kebabı,1,3.6
U1087,Zeytinyağlı Sarma,3,3.2
U1087,Baklava,15,3.2
U1087,Su Böreği,6,3.4
U1087,Zeytinyağlı Enginar,15,4.1
U1087,Kemalpaşa,8,4.1
U1087,Köfte,6,4.7
U1087,Patates Püresi,14,3.4
U1087,Sigara Böreği,4,4.6
U1087,Mercimek Köftesi,14,4.8
U1087,Profiterol,1,4.7
U1087,Tarhana Çorbası,3,4.5
U1087,Kazandibi,5,4.2
U1087,Sebze Graten,12,4.7
U1087,Mantar Çorbası,6,3.5
U1087,İrmik Helvası,13,3.6
U1088,Gavurdağı Salata,11,3.7
U1088,Sezar Salata,15,3.4
U1088,İrmik Helvası,8,3.9
U1088,Rus Salatası,10,3.1
U1088,Domates Çorbası,5,3.9
U1088,Tas Kebabı,1,4.0
U1088,Aşure,7,3.4
U1088,Revani,13,4.6
U1088,Yayla Çorbası,8,3.3
U1088,Tavuk Sote,3,3.4
U1088,Et Sote,9,4.0
U1088,Pırasa Yemeği,6,3.9
U1088,Mantar Çorbası,5,3.5
U1088,Nohut,8,4.7
U1088,Ispanak Yemeği,8,4.4
U1088,Et Döner,8,4.3
U1088,Karnıyarık,2,5.0
U1088,Sütlaç,4,4.7
U1088,Kuru Fasulye,11,3.6
U1089,Tavuk Şiş,14,3.6
U1089,Sezar Salata,4,4.0
U1089,Tarhana Çorbası,5,4.9
U1089,Ton Balıklı Salata,10,4.3
U1089,Zeytinyağlı Sarma,7,3.8
U1089,Profiterol,7,3.2
U1089,Yayla Çorbası,11,3.5
U1089,Et Döner,12,3.8
U1089,Mevsim Salata,5,3.8
U1089,Kemalpaşa,4,3.2
U1089,Zeytinyağlı Enginar,15,3.1
U1089,Ezogelin Çorbası,10,3.7
U1089,Rus Salatası,14,4.1
U1090,Güllaç,11,4.7
U1090,Tavukgöğsü,13,4.1
U1090,Patates Kızartması,7,4.6
U1090,İrmik Helvası,15,3.3
U1090,Et Döner,6,4.5
U1090,Kuru Fasulye,8,4.8
U1090,Ispanak Yemeği,8,3.5
U1091,Fırın Tavuk,10,4.4
U1091,Et Döner,6,3.8
U1091,Ton Balıklı Salata,9,3.1
U1091,Mercimek Çorbası,9,4.3
U1091,Sezar Salata,7,3.2
U1091,Tavukgöğsü,13,3.3
U1091,Güllaç,8,4.2
U1091,Kazandibi,15,3.2
U1091,İrmik Helvası,15,3.3
U1091,Tavuk Şiş,2,3.5
U1091,Et Sote,8,3.5
U1091,Sütlaç,7,4.0
U1091,Patates Kızartması,12,4.1
U1091,Kuru Fasulye,3,4.8
U1091,Çoban Salata,14,3.7
U1091,Sigara Böreği,4,4.1
U1091,Tas Kebabı,14,4.8
U1091,Patates Püresi,13,4.8
U1091,Aşure,6,3.1
U1092,Mantar Çorbası,5,3.0
U1092,Nohut,8,3.6
U1092,Profiterol,12,3.3
U1092,Revani,8,4.0
U1092,Hamsi Tava,1,3.2
U1092,Kazandibi,11,3.3
U1092,Patates Salatası,12,3.1
U1092,Ton Balıklı Salata,10,4.9
U1092,Piliç Topkapı,15,3.3
U1092,Patates Püresi,6,4.2
U1092,Kuru Fasulye,14,3.4
U1092,Tarhana Çorbası,8,4.3
U1093,Sigara Böreği,14,3.5
U1093,Makarna,6,3.1
U1093,Izgara Balık,7,4.6
U1093,Aşure,13,3.4
U1093,Düğün Çorbası,13,4.8
U1093,Çoban Salata,11,4.7
U1093,Patates Kızartması,6,3.8
U1093,Mercimek Köftesi,7,3.8
U1093,Et Döner,14,3.5
U1093,Hamsi Tava,10,4.8
U1093,Profiterol,3,3.0
U1093,Ton Balıklı Salata,1,4.4
U1093,Tavuk Sote,4,4.4
U1093,Su Böreği,8,3.5
U1093,Tas Kebabı,2,3.5
U1093,Güllaç,13,3.2
U1093,Kemalpaşa,15,3.9
U1093,Kadınbudu Köfte,5,4.7
U1093,Sezar Salata,11,3.3
U1093,Rus Salatası,2,4.3
U1094,Su Böreği,6,3.4
U1094,Fırın Tavuk,13,4.5
U1094,Ispanak Yemeği,8,4.5
U1094,İskender Kebap,13,4.3
U1094,Domates Çorbası,15,3.6
U1094,Sütlaç,14,4.5
U1094,Sigara Böreği,7,3.2
U1094,Patates Püresi,4,4.6
U1094,İrmik Helvası,8,4.7
U1094,Piliç Topkapı,4,3.0
U1094,Tas Kebabı,4,3.2
U1094,Et Sote,6,4.4
U1094,Izgara Balık,15,4.6
U1094,Zeytinyağlı Taze Fasulye,7,4.5
U1094,Sezar Salata,1,3.0
U1094,Zeytinyağlı Enginar,7,4.2
U1094,Kuru Fasulye,5,3.3
U1094,Düğün Çorbası,6,4.4
U1094,Patates Kızartması,13,3.6
U1095,Fırın Tavuk,4,4.5
U1095,Et Sote,12,3.6
U1095,İrmik Helvası,8,3.3
U1095,Makarna,10,4.1
U1095,Kadınbudu Köfte,2,4.9
U1095,Domates Çorbası,6,4.5
U1095,Gavurdağı Salata,6,4.1
U1095,Düğün Çorbası,15,4.5
U1095,Çoban Salata,1,4.0
U1095,Sebze Graten,2,4.6
U1095,Mantar Çorbası,8,4.9
U1095,Ezogelin Çorbası,11,3.6
U1095,Aşure,3,3.8
U1095,Kuru Fasulye,6,3.5
U1095,Ispanak Yemeği,9,4.2
U1095,Tavuk Suyu Çorbası,4,4.6
U1095,Tavuk Şiş,15,4.0
U1095,Mercimek Köftesi,9,4.0
U1095,Köfte,7,3.9
U1095,Revani,8,3.6
U1096,Düğün Çorbası,15,4.6
U1096,Tavuk Sote,4,3.7
U1096,Et Sote,15,3.6
U1096,Patates Püresi,15,3.4
U1096,Sigara Böreği,6,3.7
U1096,Yayla Çorbası,4,3.5
U1097,Kadınbudu Köfte,14,4.5
U1097,Tas Kebabı,15,3.3
U1097,Orman Kebabı,14,3.6
U1097,Sezar Salata,14,4.8
U1097,Kuru Fasulye,12,3.4
U1097,Köfte,5,3.6
U1097,Zeytinyağlı Sarma,9,4.6
U1097,Pirinç Pilavı,4,3.2
U1097,Mantar Çorbası,15,3.5
U1097,Tavuk Sote,14,4.1
U1097,Ezogelin Çorbası,8,4.8
U1097,Pırasa Yemeği,6,3.3
U1097,Rus Salatası,4,4.1
U1097,Sigara Böreği,6,4.4
U1097,Patates Püresi,11,4.5
U1097,Tavuk Şiş,2,3.9
U1097,Fırın Tavuk,9,4.3
U1097,Ispanak Yemeği,8,3.3
U1097,Çoban Salata,7,3.0
U1098,Tavuk Sote,9,3.3
U1098,Kadınbudu Köfte,3,3.3
U1098,Hamsi Tava,1,3.2
U1098,Mercimek Çorbası,7,3.4
U1098,Patates Salatası,13,3.4
U1098,Kuru Fasulye,15,4.7
U1098,Gavurdağı Salata,2,4.3
U1099,Et Döner,11,5.0
U1099,Rus Salatası,2,4.3
U1099,Tavukgöğsü,3,3.1
U1099,Su Böreği,3,4.9
U1099,Kemalpaşa,4,4.1
U1099,Ezogelin Çorbası,13,3.9
U1099,Mantar Çorbası,6,3.0
U1099,Orman Kebabı,13,3.7
U1099,Mevsim Salata,7,4.5
U1099,Aşure,15,3.4
U1099,Tavuk Suyu Çorbası,6,4.7
U1099,Izgara Balık,4,4.9
U1099,Patates Kızartması,8,3.2
U1100,Patates Kızartması,3,4.4
U1100,Kuru Fasulye,4,4.0
U1100,Köfte,11,4.7
U1100,Güllaç,6,4.1
U1100,Ispanak Yemeği,15,3.9
U1100,Tavuk Suyu Çorbası,15,4.0
U1100,Nohut,12,4.8
U1100,Domates Çorbası,6,3.2
U1100,Mercimek Çorbası,1,4.0
U1100,Sütlaç,3,4.1
U1100,Zeytinyağlı Enginar,1,3.0
U1100,Tavuk Şiş,6,3.3
U1100,Kemalpaşa,12,3.5
U1100,Et Döner,9,4.3
U1100,Ton Balıklı Salata,9,3.3
U1100,Zeytinyağlı Sarma,5,3.6
U1100,Mevsim Salata,8,4.7
U1100,Kadınbudu Köfte,10,4.2
U1101,Sigara Böreği,6,3.8
U1101,Yayla Çorbası,8,4.4
U1101,Revani,10,4.3
U1101,Sütlaç,12,3.7
U1101,Ispanak Yemeği,7,3.4
U1101,Fırın Tavuk,13,3.7
U1101,Tas Kebabı,8,4.1
U1101,Mercimek Çorbası,13,4.7
U1101,Pirinç Pilavı,4,4.2
U1101,Mercimek Köftesi,3,3.1
U1102,Kuru Fasulye,9,4.3
U1102,Düğün Çorbası,1,3.5
U1102,Tavuk Şiş,10,4.8
U1102,Nohut,1,3.7
U1102,Mevsim Salata,2,4.7
U1102,Köfte,11,4.7
U1102,Domates Çorbası,6,5.0
U1102,Patates Kızartması,13,3.3
U1102,Sigara Böreği,13,4.2
U1102,Mantar Çorbası,10,3.7
U1102,Sütlaç,15,3.8
U1102,Tas Kebabı,8,4.9
U1102,Zeytinyağlı Enginar,3,3.6
U1102,Revani,11,4.5
U1102,Yayla Çorbası,11,5.0
U1102,Tavuk Döner,15,4.9
U1102,Rus Salatası,11,4.8
U1102,Patates Püresi,5,4.6
U1103,Zeytinyağlı Sarma,6,3.2
U1103,Izgara Balık,8,5.0
U1103,Patates Salatası,8,3.1
U1103,Kazandibi,13,4.4
U1103,Fırın Tavuk,15,4.3
U1104,Patates Salatası,10,3.8
U1104,Sezar Salata,1,4.8
U1104,Zeytinyağlı Sarma,10,4.9
U1104,Orman Kebabı,7,4.8
U1104,İskender Kebap,12,4.6
U1105,Tavukgöğsü,5,4.0
U1105,Izgara Balık,12,4.0
U1105,Köfte,3,3.5
U1105,Hamsi Tava,13,3.9
U1105,Zeytinyağlı Taze Fasulye,4,5.0
U1105,Fırın Tavuk,6,3.9
U1105,Tarhana Çorbası,7,3.4
U1105,Ezogelin Çorbası,15,4.1
U1105,Karnıyarık,7,4.3
U1105,Domates Çorbası,8,4.0
U1105,Orman Kebabı,3,4.3
U1105,Su Böreği,5,3.3
U1105,Aşure,15,3.3
U1105,Baklava,5,4.6
U1105,Zeytinyağlı Sarma,9,5.0
U1105,Tavuk Sote,8,4.1
U1105,Tas Kebabı,14,4.1
U1105,Pırasa Yemeği,3,3.4
U1105,Patates Salatası,7,4.7
U1105,Zeytinyağlı Enginar,1,4.6
U1106,Köfte,10,3.2
U1106,Ezogelin Çorbası,10,4.0
U1106,Revani,10,3.1
U1106,İmambayıldı,1,3.1
U1106,Tarhana Çorbası,2,3.4
U1106,Tavuk Sote,2,5.0
U1106,Izgara Balık,15,3.8
U1106,Sebze Graten,15,4.0
U1106,Ispanak Yemeği,15,4.4
U1106,Sütlaç,10,3.5
U1106,Mercimek Çorbası,4,3.8
U1106,Sezar Salata,1,3.4
U1106,Piliç Topkapı,1,3.5
U1106,Pırasa Yemeği,10,3.1
U1106,Aşure,10,3.0
U1107,Orman Kebabı,8,4.2
U1107,Domates Çorbası,2,3.5
U1107,Tarhana Çorbası,13,4.0
U1107,Zeytinyağlı Enginar,3,3.2
U1107,Düğün Çorbası,12,3.4
U1107,Karnıyarık,5,3.4
U1107,Profiterol,11,4.1
U1107,Patates Kızartması,5,3.2
U1107,Zeytinyağlı Sarma,4,3.8
U1107,Tavukgöğsü,15,3.7
U1107,Sigara Böreği,15,4.9
U1107,İmambayıldı,6,4.7
U1107,Pırasa Yemeği,15,4.0
U1107,Pirinç Pilavı,5,4.1
U1107,Sezar Salata,1,3.7
U1107,Güllaç,5,3.1
U1107,Patates Salatası,11,4.7
U1107,Patates Püresi,14,4.8
U1107,Tavuk Suyu Çorbası,14,3.2
U1108,Kazandibi,1,4.0
U1108,Kuru Fasulye,13,3.4
U1108,Düğün Çorbası,1,4.9
U1108,Zeytinyağlı Sarma,14,3.9
U1108,Tavuk Suyu Çorbası,1,3.0
U1108,Hamsi Tava,9,3.9
U1109,Gavurdağı Salata,13,3.0
U1109,Patates Salatası,10,3.6
U1109,Ton Balıklı Salata,11,3.1
U1109,Tas Kebabı,15,3.5
U1109,Kemalpaşa,8,4.6
U1110,Patates Salatası,13,3.6
U1110,Kadınbudu Köfte,10,4.7
U1110,İskender Kebap,2,4.8
U1110,Tavuk Suyu Çorbası,10,3.5
U1110,Hamsi Tava,6,3.8
U1110,Tarhana Çorbası,8,3.1
U1110,Mevsim Salata,8,3.5
U1111,Karnıyarık,12,3.7
U1111,Tavuk Şiş,6,3.0
U1111,Kemalpaşa,3,4.3
U1111,Domates Çorbası,10,4.5
U1111,Güllaç,8,4.5
U1111,Kadınbudu Köfte,15,3.0
U1111,Patates Püresi,5,3.0
U1111,Ton Balıklı Salata,4,4.2
U1111,Tarhana Çorbası,15,4.7
U1111,Köfte,14,4.3
U1112,Pırasa Yemeği,9,4.9
U1112,Kadınbudu Köfte,1,4.0
U1112,Yayla Çorbası,5,4.2
U1112,Nohut,13,3.0
U1112,Köfte,12,3.3
U1112,Makarna,3,4.0
U1112,Izgara Balık,3,3.7
U1112,Ezogelin Çorbası,12,3.9
U1112,Patates Salatası,13,4.4
U1112,Tavuk Suyu Çorbası,7,4.5
U1112,Sütlaç,15,3.6
U1112,Zeytinyağlı Sarma,12,4.4
U1112,Domates Çorbası,12,3.7
U1112,Mantar Çorbası,10,3.3
U1112,Ton Balıklı Salata,8,4.2
U1112,Tavuk Şiş,13,4.8
U1112,Tavuk Döner,15,4.5
U1112,Mercimek Çorbası,15,3.9
U1112,İmambayıldı,4,3.7
U1112,Aşure,6,3.5
U1113,Kuru Fasulye,14,4.5
U1113,İskender Kebap,14,4.0
U1113,Baklava,5,4.7
U1113,Tavukgöğsü,11,3.1
U1113,Kazandibi,14,3.8
U1113,Mercimek Köftesi,12,4.0
U1113,Ispanak Yemeği,10,4.0
U1113,Ton Balıklı Salata,2,3.4
U1113,Mevsim Salata,13,3.9
U1113,Yayla Çorbası,14,3.8
U1113,Patates Salatası,9,3.8
U1113,Rus Salatası,9,3.7
U1113,Mantar Çorbası,14,4.5
U1113,Piliç Topkapı,11,3.8
U1113,Et Sote,5,3.7
U1113,Aşure,6,3.3
U1113,Tavuk Şiş,3,3.1
U1113,Pırasa Yemeği,11,4.9
U1113,Domates Çorbası,8,3.3
U1114,Hamsi Tava,2,4.9
U1114,Baklava,1,3.3
U1114,Sütlaç,10,3.3
U1114,Kemalpaşa,1,4.3
U1114,Izgara Balık,6,5.0
U1114,Et Sote,2,4.2
U1114,Bulgur Pilavı,9,3.1
U1114,Patates Kızartması,12,3.5
U1114,Karnıyarık,9,3.9
U1114,Tavuk Sote,6,4.0
U1114,Pirinç Pilavı,4,3.5
U1114,Tarhana Çorbası,6,5.0
U1114,Mercimek Köftesi,7,4.9
U1114,Patates Salatası,3,3.5
U1114,Tavuk Şiş,9,3.8
U1114,Nohut,9,3.5
U1114,Sezar Salata,3,3.1
U1114,Güllaç,9,3.0
U1115,Profiterol,4,3.2
U1115,Patates Püresi,14,4.6
U1115,Mercimek Çorbası,3,4.8
U1115,İmambayıldı,3,4.5
U1115,Patates Salatası,8,4.2
U1116,Hamsi Tava,15,3.9
U1116,Rus Salatası,9,3.2
U1116,Patates Püresi,5,4.1
U1116,Kazandibi,12,4.5
U1116,Mevsim Salata,2,4.5
U1116,Tavuk Döner,2,3.6
U1116,Ezogelin Çorbası,6,4.3
U1116,Aşure,7,3.4
U1116,İskender Kebap,10,4.3
U1116,Izgara Balık,12,4.6
U1116,Köfte,4,3.6
U1116,Tavukgöğsü,9,3.9
U1116,Kadınbudu Köfte,13,3.1
U1116,Makarna,6,3.4
U1116,Tavuk Suyu Çorbası,6,3.9
U1116,Yayla Çorbası,11,3.1
U1117,Tas Kebabı,1,4.6
U1117,Ton Balıklı Salata,14,3.3
U1117,Mercimek Köftesi,11,4.1
U1117,Sezar Salata,8,3.9
U1117,Sebze Graten,14,3.3
U1117,Patates Püresi,3,3.9
U1118,Gavurdağı Salata,4,4.5
U1118,Su Böreği,3,3.6
U1118,Sezar Salata,15,4.1
U1118,Pırasa Yemeği,5,4.9
U1118,Kuru Fasulye,11,3.8
U1118,Rus Salatası,14,4.9
U1118,Et Sote,4,3.6
U1118,Tavuk Suyu Çorbası,11,3.6
U1118,Sütlaç,2,4.9
U1118,Baklava,1,4.3
U1118,Domates Çorbası,15,3.8
U1119,Bulgur Pilavı,5,4.5
U1119,Karnıyarık,11,4.9
U1119,Kemalpaşa,3,4.1
U1119,Pırasa Yemeği,4,4.6
U1119,İrmik Helvası,6,3.1
U1119,Orman Kebabı,15,5.0
U1119,Pirinç Pilavı,4,3.6
U1119,Zeytinyağlı Enginar,14,4.6
U1119,Kadınbudu Köfte,15,3.1
U1119,Su Böreği,10,3.3
U1119,Mevsim Salata,8,4.3
U1119,Fırın Tavuk,13,4.9
U1119,Sütlaç,3,4.3
U1119,Domates Çorbası,9,3.1
U1119,Düğün Çorbası,10,3.3
U1119,Patates Salatası,5,3.4
U1119,Ispanak Yemeği,15,4.0
U1119,Tavukgöğsü,15,3.7
U1119,Tavuk Döner,12,4.6
U1120,Orman Kebabı,10,3.9
U1120,Ezogelin Çorbası,15,4.1
U1120,Yayla Çorbası,14,3.0
U1120,Tas Kebabı,12,3.7
U1120,Ton Balıklı Salata,15,4.6
U1120,Makarna,6,3.9
U1120,Hamsi Tava,3,4.2
U1120,Gavurdağı Salata,14,4.5
U1120,Zeytinyağlı Sarma,11,3.4
U1120,Tavuk Sote,11,4.8
U1120,Sezar Salata,10,4.4
U1120,Tavuk Suyu Çorbası,1,4.7
U1120,Piliç Topkapı,3,3.4
U1120,Izgara Balık,7,3.4
U1120,Güllaç,15,4.4
U1120,Et Sote,6,4.1
U1120,Patates Kızartması,15,3.2
U1121,Et Sote,9,3.1
U1121,Mercimek Çorbası,4,3.3
U1121,Revani,15,4.0
U1121,Profiterol,6,4.4
U1121,Tavuk Suyu Çorbası,2,4.2
U1121,Tavuk Döner,5,4.9
U1121,Zeytinyağlı Sarma,14,3.1
U1121,Ispanak Yemeği,7,4.6
U1121,Kuru Fasulye,6,4.5
U1121,Fırın Tavuk,15,4.3
U1122,Fırın Tavuk,3,4.3
U1122,Zeytinyağlı Taze Fasulye,14,4.5
U1122,Patates Püresi,10,3.2
U1122,İmambayıldı,3,4.7
U1122,Zeytinyağlı Enginar,1,3.5
U1122,Aşure,3,5.0
U1122,Tavuk Suyu Çorbası,11,5.0
U1122,Domates Çorbası,11,3.1
U1122,Rus Salatası,1,4.9
U1122,İskender Kebap,2,4.0
U1122,Profiterol,3,4.0
U1122,Patates Salatası,7,4.9
U1122,Nohut,14,3.7
U1123,Orman Kebabı,10,4.8
U1123,İskender Kebap,3,4.0
U1123,Ezogelin Çorbası,15,3.3
U1123,Ispanak Yemeği,4,3.6
U1123,Sezar Salata,3,3.2
U1123,Düğün Çorbası,10,3.2
U1123,Karnıyarık,6,5.0
U1123,Makarna,1,4.6
U1123,Kazandibi,7,3.3
U1123,Zeytinyağlı Taze Fasulye,12,4.0
U1123,Patates Püresi,10,3.0
U1123,Sebze Graten,2,4.4
U1123,Bulgur Pilavı,13,3.1
U1124,Pirinç Pilavı,11,3.6
U1124,Aşure,9,4.4
U1124,Bulgur Pilavı,13,3.5
U1124,Tavukgöğsü,8,4.3
U1124,Makarna,6,3.4
U1125,Karnıyarık,9,3.9
U1125,İmambayıldı,1,4.5
U1125,Tavuk Suyu Çorbası,15,3.0
U1125,Tavukgöğsü,1,3.6
U1125,Mevsim Salata,14,4.9
U1125,Revani,3,3.9
U1125,Sebze Graten,11,3.4
U1125,Patates Püresi,6,4.6
U1125,Yayla Çorbası,6,3.7
U1125,Pirinç Pilavı,7,4.5
U1125,Tavuk Döner,3,4.9
U1125,Makarna,14,4.0
U1125,Tas Kebabı,7,3.3
U1125,Sigara Böreği,1,3.9
U1125,Rus Salatası,6,4.7
U1125,Mantar Çorbası,7,4.3
U1125,Ezogelin Çorbası,6,4.7
U1125,Hamsi Tava,1,3.5
U1126,Makarna,13,3.2
U1126,Zeytinyağlı Sarma,9,3.5
U1126,Aşure,8,3.5
U1126,Çoban Salata,11,4.7
U1126,Tavuk Suyu Çorbası,14,4.3
U1126,Hamsi Tava,11,3.1
U1126,Su Böreği,9,3.2
U1126,İskender Kebap,10,4.4
U1126,Karnıyarık,10,4.9
U1126,Kazandibi,7,3.1
U1126,Ton Balıklı Salata,13,3.2
U1126,Tavuk Şiş,11,3.9
U1127,İrmik Helvası,10,3.3
U1127,Tavuk Suyu Çorbası,15,3.4
U1127,Hamsi Tava,10,3.4
U1127,Sebze Graten,7,4.3
U1127,Revani,15,3.5
U1127,Kazandibi,4,4.2
U1127,Et Döner,11,4.7
U1127,Tarhana Çorbası,12,3.7
U1127,Rus Salatası,4,3.1
U1127,Pırasa Yemeği,14,4.2
U1127,Mercimek Köftesi,4,4.3
U1127,Mantar Çorbası,14,3.8
U1127,Patates Salatası,5,3.1
U1127,Ispanak Yemeği,15,4.6
U1127,Tavuk Döner,10,3.9
U1127,Gavurdağı Salata,10,4.0
U1128,Sütlaç,9,3.7
U1128,Tavuk Döner,4,5.0
U1128,Piliç Topkapı,8,4.1
U1128,Sezar Salata,6,3.7
U1128,Izgara Balık,9,4.5
U1128,Profiterol,12,4.8
U1128,Revani,2,4.3
U1128,Gavurdağı Salata,3,3.0
U1128,Ton Balıklı Salata,9,4.2
U1128,Kemalpaşa,11,4.1
U1128,Tavuk Şiş,1,4.2
U1128,Kuru Fasulye,5,3.9
U1128,Et Sote,12,4.4
U1128,Bulgur Pilavı,7,4.9
U1128,Mevsim Salata,2,4.6
U1128,İmambayıldı,7,3.2
U1128,Orman Kebabı,8,4.8
U1129,İskender Kebap,15,4.1
U1129,Sigara Böreği,5,4.8
U1129,Tavukgöğsü,9,3.0
U1129,Zeytinyağlı Taze Fasulye,8,4.2
U1129,Karnıyarık,4,5.0
U1129,Revani,4,3.0
U1129,Kemalpaşa,7,4.5
U1129,Profiterol,6,5.0
U1129,İmambayıldı,7,3.7
U1129,Kazandibi,4,4.7
U1129,Tavuk Sote,13,3.2
U1129,Domates Çorbası,3,3.4
U1129,Yayla Çorbası,12,4.0
U1130,Pırasa Yemeği,5,3.9
U1130,Sigara Böreği,14,4.3
U1130,Hamsi Tava,6,3.2
U1130,Profiterol,15,4.4
U1130,Sebze Graten,13,4.2
U1130,Makarna,10,3.4
U1130,Tas Kebabı,8,4.9
U1130,Su Böreği,6,4.5
U1130,Düğün Çorbası,8,4.7
U1130,Rus Salatası,3,3.8
U1130,Çoban Salata,9,4.8
U1130,Sezar Salata,3,3.8
U1131,Mercimek Çorbası,9,4.6
U1131,İrmik Helvası,8,3.4
U1131,Hamsi Tava,15,4.3
U1131,Tas Kebabı,8,5.0
U1131,Fırın Tavuk,14,3.8
U1131,Yayla Çorbası,15,3.3
U1131,Köfte,12,3.8
U1131,Pırasa Yemeği,15,3.6
U1131,Gavurdağı Salata,12,3.4
U1131,Et Döner,2,3.4
U1132,Sebze Graten,3,4.2
U1132,Mercimek Köftesi,3,3.3
U1132,Ezogelin Çorbası,3,4.4
U1132,İrmik Helvası,4,4.7
U1132,Zeytinyağlı Enginar,4,4.8
U1132,Profiterol,6,3.7
U1132,Patates Püresi,13,3.4
U1132,Mantar Çorbası,10,4.6
U1132,Domates Çorbası,11,3.0
U1133,Yayla Çorbası,4,3.5
U1133,Patates Püresi,7,4.7
U1133,Tavuk Sote,6,4.3
U1133,Pırasa Yemeği,5,3.9
U1133,Et Döner,8,3.7
U1133,Ispanak Yemeği,2,3.2
U1133,Ezogelin Çorbası,2,3.7
U1134,Et Döner,4,3.5
U1134,Zeytinyağlı Sarma,10,4.5
U1134,Rus Salatası,10,3.1
U1134,Nohut,9,4.3
U1134,İrmik Helvası,8,4.8
U1135,Kemalpaşa,11,4.0
U1135,Tavukgöğsü,14,3.5
U1135,Kadınbudu Köfte,14,5.0
U1135,Mercimek Çorbası,1,4.9
U1135,Orman Kebabı,4,4.3
U1135,Çoban Salata,5,3.2
U1135,Tas Kebabı,9,4.1
U1135,Piliç Topkapı,2,3.8
U1135,Bulgur Pilavı,5,4.0
U1135,Tarhana Çorbası,12,4.8
U1135,Rus Salatası,14,3.9
U1135,Aşure,7,3.3
U1135,Domates Çorbası,7,4.6
U1135,Patates Püresi,4,3.1
U1135,Et Sote,12,3.5
U1136,Patates Kızartması,8,3.4
U1136,Yayla Çorbası,7,3.6
U1136,Sezar Salata,5,3.3
U1136,Domates Çorbası,8,4.1
U1136,Mercimek Çorbası,3,3.6
U1136,İskender Kebap,4,3.8
U1136,Kadınbudu Köfte,2,4.4
U1136,Zeytinyağlı Taze Fasulye,10,3.4
U1136,Düğün Çorbası,12,3.2
U1136,Fırın Tavuk,12,4.2
U1137,İskender Kebap,9,3.5
U1137,Makarna,14,3.1
U1137,Zeytinyağlı Enginar,3,4.5
U1137,Domates Çorbası,13,3.5
U1137,Sütlaç,12,4.1
U1137,Kemalpaşa,10,3.5
U1137,Aşure,1,4.8
U1137,Patates Püresi,10,3.2
U1137,Su Böreği,8,4.5
U1137,Kadınbudu Köfte,11,3.7
U1137,Pırasa Yemeği,7,4.9
U1137,Piliç Topkapı,12,4.8
U1137,Tavuk Suyu Çorbası,2,4.2
U1137,Profiterol,10,3.8
U1137,Mantar Çorbası,11,3.7
U1137,Gavurdağı Salata,13,3.6
U1137,Patates Salatası,11,3.2
U1137,Güllaç,2,4.5
U1137,Çoban Salata,13,4.9
U1137,Hamsi Tava,10,4.6
U1138,İrmik Helvası,15,4.7
U1138,Et Döner,5,3.3
U1138,Tavuk Sote,10,5.0
U1138,Ezogelin Çorbası,7,4.7
U1138,Hamsi Tava,15,4.7
U1139,Kazandibi,6,3.1
U1139,Mevsim Salata,13,3.6
U1139,Düğün Çorbası,6,3.2
U1139,Yayla Çorbası,11,4.0
U1139,Orman Kebabı,6,3.5
U1139,Pirinç Pilavı,3,3.7
U1139,Makarna,1,4.0
U1140,Patates Salatası,14,4.5
U1140,Kuru Fasulye,7,3.6
U1140,İskender Kebap,11,3.5
U1140,Tarhana Çorbası,5,3.9
U1140,İrmik Helvası,11,4.8
U1140,Sebze Graten,6,4.6
U1140,Pirinç Pilavı,14,3.6
U1140,Izgara Balık,7,3.3
U1140,Tavuk Döner,7,4.8
U1140,Makarna,1,5.0
U1140,Et Sote,10,4.8
U1140,Güllaç,1,3.5
U1140,Gavurdağı Salata,10,4.2
U1140,Tas Kebabı,5,3.7
U1140,Fırın Tavuk,10,4.1
U1141,Ezogelin Çorbası,7,3.8
U1141,Fırın Tavuk,8,4.5
U1141,Pirinç Pilavı,7,4.1
U1141,Hamsi Tava,1,3.8
U1141,Patates Püresi,2,3.5
U1142,Çoban Salata,2,3.8
U1142,Kemalpaşa,6,4.8
U1142,Mevsim Salata,4,3.7
U1142,Zeytinyağlı Enginar,1,3.8
U1142,Patates Püresi,9,4.4
U1143,Ton Balıklı Salata,10,4.0
U1143,Sigara Böreği,4,4.4
U1143,Pirinç Pilavı,8,4.8
U1143,Bulgur Pilavı,1,3.2
U1143,Mercimek Köftesi,3,3.5
U1143,Düğün Çorbası,13,4.1
U1144,Domates Çorbası,10,3.1
U1144,Sezar Salata,5,4.7
U1144,Pirinç Pilavı,3,3.7
U1144,Ton Balıklı Salata,5,4.0
U1144,Tavuk Şiş,1,5.0
U1144,Ezogelin Çorbası,7,4.4
U1144,Patates Kızartması,4,4.8
U1144,Sigara Böreği,15,4.6
U1144,İrmik Helvası,7,3.4
U1144,Kazandibi,13,4.7
U1144,Çoban Salata,3,4.9
U1144,Zeytinyağlı Taze Fasulye,13,4.9
U1144,Mercimek Köftesi,3,4.2
U1144,Sebze Graten,7,4.2
U1144,Yayla Çorbası,2,4.7
U1144,Güllaç,8,3.8
U1144,Aşure,7,4.5
U1144,Kemalpaşa,12,3.9
U1144,Ispanak Yemeği,12,3.2
U1145,Ton Balıklı Salata,7,3.3
U1145,Tavuk Şiş,5,3.1
U1145,Köfte,3,3.9
U1145,Orman Kebabı,7,3.2
U1145,Bulgur Pilavı,2,4.2
U1145,Revani,9,3.8
U1145,Kadınbudu Köfte,14,3.1
U1145,Mantar Çorbası,4,4.7
U1145,İskender Kebap,13,4.4
U1145,İmambayıldı,10,4.0
U1145,Piliç Topkapı,1,3.9
U1145,Yayla Çorbası,13,4.1
U1146,Çoban Salata,11,4.7
U1146,Pırasa Yemeği,4,3.8
U1146,Aşure,13,4.2
U1146,Bulgur Pilavı,15,4.9
U1146,Rus Salatası,4,4.9
U1146,Ispanak Yemeği,2,4.3
U1146,Hamsi Tava,2,3.3
U1146,Mevsim Salata,13,4.3
U1146,Baklava,5,4.4
U1146,İskender Kebap,1,4.5
U1146,Kazandibi,3,3.9
U1146,Mercimek Çorbası,9,4.0
U1146,Tavuk Suyu Çorbası,2,4.6
U1146,Mercimek Köftesi,4,4.8
U1146,Nohut,12,4.4
U1146,Domates Çorbası,12,4.4
U1146,Kuru Fasulye,12,3.2
U1146,Patates Kızartması,8,4.4
U1146,Mantar Çorbası,11,3.4
U1146,Gavurdağı Salata,12,3.3
U1147,Tavuk Suyu Çorbası,1,5.0
U1147,Sezar Salata,14,3.5
U1147,Ezogelin Çorbası,14,4.3
U1147,Rus Salatası,12,3.1
U1147,Kadınbudu Köfte,1,3.4
U1147,Yayla Çorbası,14,4.4
U1147,Zeytinyağlı Sarma,9,3.3
U1147,Tarhana Çorbası,3,3.4
U1147,Profiterol,6,4.0
U1147,Çoban Salata,15,3.1
U1147,Pırasa Yemeği,3,3.6
U1147,Kazandibi,2,4.5
U1147,Tavukgöğsü,13,4.5
U1147,Karnıyarık,9,3.4
U1147,Tavuk Döner,8,3.1
U1148,Profiterol,1,4.2
U1148,Patates Kızartması,4,3.9
U1148,Kemalpaşa,4,4.4
U1148,Tavuk Sote,2,4.2
U1148,Ispanak Yemeği,11,3.6
U1148,Sigara Böreği,8,3.8
U1148,Tavuk Suyu Çorbası,9,3.3
U1148,Et Sote,7,3.4
U1148,Pirinç Pilavı,2,3.8
U1148,Çoban Salata,4,4.4
U1149,Sütlaç,6,4.9
U1149,Patates Püresi,5,3.8
U1149,Orman Kebabı,5,3.8
U1149,Patates Kızartması,1,4.5
U1149,Izgara Balık,12,4.9
U1149,Pirinç Pilavı,15,4.0
U1149,Rus Salatası,14,3.7
U1149,Tavuk Suyu Çorbası,7,4.1
U1149,Mercimek Çorbası,7,3.7
U1149,Kadınbudu Köfte,9,4.6
U1149,Tavuk Şiş,9,3.8
U1150,Mevsim Salata,12,4.9
U1150,Et Sote,3,4.1
U1150,Patates Püresi,2,4.2
U1150,Yayla Çorbası,6,4.3
U1150,Güllaç,14,3.3
U1150,Fırın Tavuk,15,4.7
U1150,Gavurdağı Salata,8,4.0
U1150,Sebze Graten,13,4.9
U1150,Nohut,14,4.6
U1151,Kuru Fasulye,4,4.1
U1151,İrmik Helvası,14,4.0
U1151,Revani,6,3.3
U1151,Zeytinyağlı Enginar,4,3.2
U1151,Izgara Balık,12,3.8
U1151,Gavurdağı Salata,12,3.6
U1151,Aşure,14,4.3
U1151,Rus Salatası,13,3.9
U1152,Çoban Salata,1,3.8
U1152,Kazandibi,13,4.9
U1152,Et Döner,5,4.9
U1152,Kadınbudu Köfte,8,4.7
U1152,Et Sote,8,3.2
U1153,Tavuk Şiş,14,4.4
U1153,Tavuk Sote,3,3.9
U1153,Sebze Graten,6,3.9
U1153,Nohut,12,4.2
U1153,Makarna,5,3.3
U1153,Izgara Balık,12,4.6
U1153,Kadınbudu Köfte,12,3.1
U1154,Pırasa Yemeği,12,3.6
U1154,Domates Çorbası,15,3.0
U1154,Revani,1,4.6
U1154,Zeytinyağlı Sarma,1,3.6
U1154,Su Böreği,2,3.5
U1154,Sütlaç,6,4.2
U1154,Tarhana Çorbası,15,3.0
U1154,Piliç Topkapı,10,3.4
U1154,Patates Kızartması,13,3.5
U1154,Mantar Çorbası,12,4.8
U1154,Kuru Fasulye,4,3.7
U1154,Zeytinyağlı Enginar,14,3.2
U1154,Sigara Böreği,13,3.5
U1155,Güllaç,13,3.6
U1155,Zeytinyağlı Enginar,14,4.8
U1155,Ezogelin Çorbası,7,4.1
U1155,Kadınbudu Köfte,15,4.6
U1155,Baklava,6,3.7
U1155,Revani,7,4.7
U1155,Makarna,3,4.4
U1155,Rus Salatası,13,4.5
U1155,Tavuk Sote,10,4.7
U1156,Kemalpaşa,1,3.3
U1156,Kazandibi,1,4.2
U1156,Izgara Balık,15,4.8
U1156,Zeytinyağlı Taze Fasulye,9,3.6
U1156,Domates Çorbası,5,4.3
U1156,Tavukgöğsü,2,3.2
U1156,Güllaç,9,4.9
U1156,Sütlaç,9,4.0
U1156,Pirinç Pilavı,13,3.9
U1156,Makarna,10,4.9
U1156,Kadınbudu Köfte,15,4.2
U1156,Gavurdağı Salata,10,4.5
U1156,Yayla Çorbası,10,3.4
U1156,Ezogelin Çorbası,2,4.0
U1156,Düğün Çorbası,8,3.4
U1156,Bulgur Pilavı,10,3.1
U1156,Tavuk Döner,4,5.0
U1156,Baklava,12,4.2
U1157,Fırın Tavuk,15,4.9
U1157,Zeytinyağlı Sarma,8,3.3
U1157,Tavuk Şiş,1,3.6
U1157,Patates Salatası,11,4.0
U1157,Revani,6,4.9
U1157,Ezogelin Çorbası,7,4.5
U1157,Orman Kebabı,13,4.8
U1157,Mercimek Köftesi,15,3.9
U1157,Et Döner,3,4.3
U1157,Patates Kızartması,3,3.4
U1157,Tavukgöğsü,1,4.3
U1157,Sütlaç,10,4.0
U1157,Rus Salatası,12,4.7
U1157,Tavuk Sote,8,3.0
U1157,Et Sote,9,3.9
U1157,Çoban Salata,5,3.6
U1157,İrmik Helvası,12,4.5
U1157,Izgara Balık,9,3.4
U1157,Aşure,11,3.4
U1158,Sigara Böreği,9,3.5
U1158,Kemalpaşa,8,4.9
U1158,Sezar Salata,4,3.3
U1158,Köfte,11,4.7
U1158,İskender Kebap,8,3.3
U1159,Pırasa Yemeği,11,4.8
U1159,Kuru Fasulye,7,3.1
U1159,Piliç Topkapı,14,4.5
U1159,Patates Kızartması,2,4.0
U1159,Çoban Salata,14,4.4
U1160,Piliç Topkapı,10,4.6
U1160,Tarhana Çorbası,3,4.8
U1160,Hamsi Tava,14,4.5
U1160,Güllaç,4,3.1
U1160,Profiterol,9,4.0
U1160,Düğün Çorbası,7,3.6
U1160,Izgara Balık,1,4.0
U1160,Kazandibi,15,4.4
U1160,Makarna,15,4.0
U1160,Sezar Salata,8,4.3
U1160,Pirinç Pilavı,9,4.1
U1160,Köfte,6,4.1
U1160,Bulgur Pilavı,4,4.8
U1160,İmambayıldı,11,4.6
U1160,Rus Salatası,8,4.9
U1160,Tavuk Döner,12,3.2
U1160,Gavurdağı Salata,8,4.1
U1160,Tavuk Suyu Çorbası,6,4.8
U1160,Tavuk Sote,11,4.6
U1161,Rus Salatası,10,4.7
U1161,Zeytinyağlı Enginar,1,4.3
U1161,Tavuk Döner,14,4.6
U1161,Düğün Çorbası,8,4.6
U1161,Tavuk Suyu Çorbası,6,3.3
U1161,Et Döner,8,3.4
U1161,Tas Kebabı,15,4.7
U1161,Kadınbudu Köfte,4,4.9
U1161,Izgara Balık,1,4.8
U1161,Mercimek Çorbası,9,3.2
U1161,Köfte,10,4.8
U1161,Sebze Graten,9,3.4
U1161,Su Böreği,4,4.9
U1161,Tavuk Şiş,11,3.5
U1161,Tavukgöğsü,15,4.9
U1161,Revani,15,3.7
U1161,Sezar Salata,15,3.5
U1162,Nohut,15,4.3
U1162,Kemalpaşa,13,3.3
U1162,Zeytinyağlı Taze Fasulye,12,3.0
U1162,Pırasa Yemeği,1,3.5
U1162,Tavuk Şiş,2,4.3
U1162,Ezogelin Çorbası,13,3.2
U1162,Mevsim Salata,10,4.5
U1162,Izgara Balık,13,3.1
U1162,Sebze Graten,15,3.5
U1162,Su Böreği,8,4.6
U1162,Zeytinyağlı Sarma,8,4.9
U1162,Karnıyarık,9,4.4
U1162,Sezar Salata,11,3.2
U1163,Et Döner,11,3.6
U1163,Ispanak Yemeği,6,3.6
U1163,Kemalpaşa,2,3.7
U1163,Domates Çorbası,10,4.6
U1163,Tavuk Döner,13,4.4
U1163,Rus Salatası,3,4.4
U1163,Patates Püresi,15,4.3
U1163,Tavukgöğsü,15,4.2
U1163,Mercimek Köftesi,4,4.3
U1163,Mevsim Salata,9,3.5
U1163,Zeytinyağlı Taze Fasulye,3,4.1
U1163,Sezar Salata,15,4.0
U1163,Revani,11,3.2
U1163,Et Sote,12,4.7
U1164,Nohut,9,3.3
U1164,Profiterol,15,3.6
U1164,Domates Çorbası,8,3.3
U1164,Düğün Çorbası,9,3.7
U1164,Ezogelin Çorbası,6,4.9
U1164,Makarna,13,4.8
U1164,Sezar Salata,3,5.0
U1164,Patates Kızartması,14,4.4
U1164,Orman Kebabı,12,4.9
U1164,Et Sote,11,4.8
U1164,Tavuk Döner,2,4.9
U1164,Sebze Graten,9,4.5
U1164,Patates Püresi,1,3.3
U1164,Köfte,12,4.0
U1164,Hamsi Tava,3,3.0
U1165,Revani,9,3.5
U1165,İmambayıldı,11,3.8
U1165,Pırasa Yemeği,9,4.7
U1165,Tavuk Suyu Çorbası,13,4.1
U1165,Gavurdağı Salata,2,3.7
U1165,Tas Kebabı,5,3.9
U1165,Aşure,12,3.9
U1165,Tarhana Çorbası,3,3.3
U1165,Mevsim Salata,11,3.2
U1165,Tavukgöğsü,10,4.3
U1166,Orman Kebabı,14,3.8
U1166,Et Sote,13,4.3
U1166,Köfte,5,4.1
U1166,Tavukgöğsü,2,4.6
U1166,Patates Kızartması,5,3.4
U1166,Hamsi Tava,14,3.3
U1166,Sebze Graten,11,3.6
U1166,Mercimek Çorbası,1,4.6
U1166,Kuru Fasulye,7,4.5
U1166,Zeytinyağlı Enginar,3,4.4
U1166,Kazandibi,10,3.9
U1166,Yayla Çorbası,1,3.1
U1167,Et Sote,1,4.5
U1167,Nohut,9,3.8
U1167,Revani,12,4.6
U1167,Kadınbudu Köfte,15,3.9
U1167,Tavuk Suyu Çorbası,8,3.9
U1167,Pırasa Yemeği,12,4.0
U1167,Tas Kebabı,10,4.0
U1167,Aşure,9,4.0
U1167,Karnıyarık,6,4.6
U1168,Ispanak Yemeği,7,3.4
U1168,Çoban Salata,15,4.3
U1168,Tavuk Sote,12,4.3
U1168,Mercimek Çorbası,15,4.8
U1168,Patates Salatası,14,4.0
U1168,Domates Çorbası,12,3.5
U1168,Baklava,5,3.9
U1168,Pırasa Yemeği,8,3.9
U1168,Zeytinyağlı Sarma,11,4.2
U1169,Kazandibi,8,4.5
U1169,Piliç Topkapı,2,3.4
U1169,Yayla Çorbası,9,4.2
U1169,Tarhana Çorbası,3,4.4
U1169,Et Sote,4,4.9
U1169,Tavuk Sote,13,3.3
U1169,Mercimek Çorbası,3,3.5
U1169,Patates Salatası,4,4.8
U1169,Domates Çorbası,15,3.9
U1169,Ton Balıklı Salata,6,4.8
U1169,Pırasa Yemeği,13,4.4
U1169,Pirinç Pilavı,6,4.7
U1169,Nohut,2,3.1
U1169,Tas Kebabı,3,4.4
U1169,Fırın Tavuk,7,4.3
U1169,Revani,9,3.9
U1169,Patates Püresi,10,4.7
U1169,Zeytinyağlı Taze Fasulye,4,4.7
U1169,Ispanak Yemeği,9,3.5
U1170,Su Böreği,1,4.8
U1170,Çoban Salata,11,4.7
U1170,Fırın Tavuk,4,4.1
U1170,İskender Kebap,9,4.3
U1170,Ispanak Yemeği,15,3.8
U1170,Tarhana Çorbası,9,4.9
U1170,Ezogelin Çorbası,11,4.4
U1170,Patates Püresi,7,4.5
U1170,Aşure,4,4.8
U1171,Kemalpaşa,14,4.0
U1171,Nohut,5,3.8
U1171,Baklava,4,4.8
U1171,Kuru Fasulye,12,3.1
U1171,Et Döner,4,4.1
U1171,Çoban Salata,8,3.8
U1171,İskender Kebap,2,3.8
U1171,Tas Kebabı,1,3.3
U1171,Profiterol,4,5.0
U1171,Kazandibi,9,3.8
U1171,Tavuk Sote,10,4.7
U1171,Mantar Çorbası,4,4.5
U1171,Sebze Graten,7,3.8
U1171,Sigara Böreği,8,3.7
U1171,Mercimek Köftesi,15,4.9
U1171,Tavuk Döner,7,3.6
U1171,Fırın Tavuk,6,4.1
U1172,Mercimek Çorbası,13,4.6
U1172,Su Böreği,5,3.2
U1172,Piliç Topkapı,15,3.4
U1172,Ezogelin Çorbası,1,4.2
U1172,Aşure,3,4.5
U1172,Patates Salatası,11,3.8
U1173,Nohut,12,4.9
U1173,İskender Kebap,8,4.3
U1173,Sütlaç,13,4.7
U1173,Köfte,1,4.4
U1173,Baklava,12,3.2
U1173,Tavukgöğsü,14,3.5
U1173,Zeytinyağlı Taze Fasulye,7,3.0
U1173,Ezogelin Çorbası,9,3.3
U1173,Domates Çorbası,4,4.5
U1173,Kemalpaşa,2,5.0
U1173,Ton Balıklı Salata,13,3.2
U1173,Bulgur Pilavı,3,4.1
U1173,Et Döner,15,3.7
U1173,Düğün Çorbası,5,3.7
U1173,Revani,4,3.9
U1173,Sigara Böreği,8,3.1
U1173,Pirinç Pilavı,5,4.6
U1173,Su Böreği,8,4.4
U1173,Sezar Salata,7,3.3
U1174,Kadınbudu Köfte,3,3.8
U1174,Köfte,7,4.0
U1174,Hamsi Tava,14,5.0
U1174,Patates Püresi,8,4.1
U1174,Gavurdağı Salata,5,3.6
U1174,Kazandibi,1,4.7
U1174,Baklava,2,5.0
U1174,Orman Kebabı,13,3.1
U1174,Tavuk Şiş,6,4.1
U1174,Zeytinyağlı Taze Fasulye,13,4.8
U1174,Bulgur Pilavı,9,3.5
U1174,Zeytinyağlı Enginar,4,4.8
U1174,Tarhana Çorbası,1,3.2
U1174,Domates Çorbası,7,3.2
U1174,Sebze Graten,11,3.3
U1174,Fırın Tavuk,11,3.8
U1174,Tavuk Suyu Çorbası,10,3.0
U1175,Et Döner,5,4.5
U1175,Mantar Çorbası,11,4.2
U1175,Bulgur Pilavı,11,3.7
U1175,Zeytinyağlı Sarma,1,3.2
U1175,Güllaç,9,3.1
U1175,Tavuk Şiş,3,4.8
U1175,Zeytinyağlı Taze Fasulye,10,4.2
U1175,Domates Çorbası,13,3.1
U1175,Sebze Graten,7,3.6
U1175,Karnıyarık,7,5.0
U1175,Patates Püresi,14,4.7
U1175,Revani,11,3.2
U1175,Sigara Böreği,7,3.0
U1175,Piliç Topkapı,13,3.9
U1175,İskender Kebap,4,4.7
U1175,Zeytinyağlı Enginar,12,3.8
U1175,Fırın Tavuk,13,4.7
U1175,Kuru Fasulye,7,4.0
U1175,Mercimek Çorbası,14,4.8
U1175,Mevsim Salata,1,3.8
U1176,Kadınbudu Köfte,5,3.7
U1176,Mevsim Salata,1,3.2
U1176,Revani,14,3.6
U1176,Kemalpaşa,5,3.2
U1176,Patates Püresi,9,4.0
U1176,Nohut,7,4.4
U1177,Piliç Topkapı,2,4.2
U1177,Zeytinyağlı Taze Fasulye,12,4.6
U1177,Et Döner,15,4.5
U1177,Hamsi Tava,3,4.4
U1177,Pirinç Pilavı,2,3.2
U1177,Profiterol,6,3.5
U1177,İrmik Helvası,9,4.5
U1177,Baklava,1,3.6
U1177,Makarna,2,3.7
U1177,Sütlaç,6,3.9
U1177,Kuru Fasulye,13,3.8
U1177,Düğün Çorbası,15,4.9
U1177,Kadınbudu Köfte,5,3.4
U1177,Orman Kebabı,11,4.0
U1177,Rus Salatası,4,3.5
U1177,Patates Püresi,9,4.7
U1177,Tas Kebabı,7,4.4
U1177,İskender Kebap,4,3.1
U1177,Aşure,7,4.9
U1178,Bulgur Pilavı,12,4.2
U1178,Zeytinyağlı Sarma,3,3.3
U1178,Nohut,7,4.7
U1178,Güllaç,12,3.3
U1178,Tas Kebabı,6,3.2
U1178,Su Böreği,13,4.7
U1178,Mantar Çorbası,6,4.8
U1178,Düğün Çorbası,9,3.1
U1178,Mercimek Çorbası,6,3.6
U1178,Tavuk Sote,10,4.5
U1178,Mevsim Salata,7,4.2
U1178,Gavurdağı Salata,11,4.4
U1179,Kazandibi,11,3.8
U1179,İskender Kebap,13,3.4
U1179,Profiterol,11,3.0
U1179,Tarhana Çorbası,7,4.8
U1179,Aşure,5,4.5
U1179,Gavurdağı Salata,8,4.2
U1179,Izgara Balık,5,3.1
U1179,Sezar Salata,4,3.1
U1179,Yayla Çorbası,6,4.1
U1179,Pırasa Yemeği,6,4.7
U1179,Nohut,8,3.7
U1179,Patates Kızartması,8,5.0
U1179,Zeytinyağlı Taze Fasulye,2,4.4
U1180,Mercimek Köftesi,10,3.8
U1180,Kuru Fasulye,7,4.1
U1180,İrmik Helvası,7,4.8
U1180,Patates Kızartması,3,4.7
U1180,Tavukgöğsü,9,4.3
U1181,Hamsi Tava,6,3.6
U1181,Izgara Balık,4,3.9
U1181,Kadınbudu Köfte,4,3.8
U1181,Pirinç Pilavı,3,4.1
U1181,Mercimek Çorbası,3,5.0
U1181,Patates Kızartması,14,3.1
U1181,Köfte,9,3.7
U1181,Zeytinyağlı Sarma,4,3.6
U1181,Zeytinyağlı Enginar,1,4.8
U1181,Sezar Salata,4,3.3
U1181,Piliç Topkapı,7,4.5
U1181,Domates Çorbası,7,3.8
U1181,Karnıyarık,4,4.0
U1181,Gavurdağı Salata,10,4.4
U1181,Mantar Çorbası,14,4.9
U1182,Patates Kızartması,14,4.3
U1182,Mantar Çorbası,14,4.7
U1182,Köfte,6,4.9
U1182,Pirinç Pilavı,1,4.4
U1182,İskender Kebap,6,4.8
U1182,Sezar Salata,4,3.5
U1182,Zeytinyağlı Taze Fasulye,5,3.3
U1182,Düğün Çorbası,12,3.4
U1182,Et Döner,9,3.1
U1182,Bulgur Pilavı,8,3.2
U1182,Sebze Graten,9,3.3
U1182,Kuru Fasulye,3,5.0
U1182,Aşure,15,4.1
U1182,Mevsim Salata,1,3.6
U1182,Güllaç,6,3.7
U1182,Fırın Tavuk,2,3.3
U1182,Ton Balıklı Salata,15,4.6
U1182,Domates Çorbası,3,4.6
U1183,Köfte,8,3.8
U1183,Mantar Çorbası,5,4.9
U1183,Et Döner,7,4.4
U1183,Zeytinyağlı Taze Fasulye,11,3.9
U1183,Sigara Böreği,12,4.4
U1183,Sezar Salata,9,3.6
U1183,Mercimek Köftesi,15,4.8
U1184,Et Döner,7,3.1
U1184,Zeytinyağlı Taze Fasulye,1,4.8
U1184,Tavuk Sote,12,3.1
U1184,Çoban Salata,14,3.3
U1184,Sütlaç,2,3.4
U1184,Rus Salatası,10,3.2
U1184,Piliç Topkapı,2,3.4
U1184,Ezogelin Çorbası,10,4.0
U1184,Zeytinyağlı Enginar,9,3.3
U1185,Domates Çorbası,15,3.9
U1185,Patates Kızartması,10,3.2
U1185,Patates Salatası,4,4.4
U1185,İmambayıldı,1,4.9
U1185,Zeytinyağlı Sarma,13,4.8
U1185,Ezogelin Çorbası,3,3.5
U1185,Patates Püresi,7,4.8
U1185,Köfte,11,4.9
U1186,Patates Püresi,12,4.0
U1186,Pirinç Pilavı,5,3.3
U1186,Hamsi Tava,12,3.0
U1186,Tavuk Döner,7,4.2
U1186,Tarhana Çorbası,3,3.2
U1186,Su Böreği,5,3.3
U1186,Sebze Graten,4,5.0
U1186,Sigara Böreği,10,4.6
U1186,Izgara Balık,9,3.9
U1186,Aşure,5,4.1
U1186,Tas Kebabı,13,4.3
U1186,Mevsim Salata,5,4.2
U1187,Kazandibi,3,3.5
U1187,Profiterol,11,4.8
U1187,Bulgur Pilavı,1,4.3
U1187,Revani,7,4.9
U1187,Pırasa Yemeği,8,3.7
U1187,Çoban Salata,7,4.7
U1187,İmambayıldı,5,4.8
U1187,Mevsim Salata,8,4.9
U1187,Aşure,14,5.0
U1187,Tavukgöğsü,3,4.6
U1187,Kuru Fasulye,15,4.3
U1187,Baklava,3,4.2
U1187,Domates Çorbası,6,4.0
U1187,Gavurdağı Salata,13,4.1
U1187,Ezogelin Çorbası,3,3.5
U1187,Güllaç,7,3.6
U1187,Tavuk Sote,14,4.2
U1187,Zeytinyağlı Enginar,10,3.8
U1187,Düğün Çorbası,7,3.9
U1188,Hamsi Tava,5,4.1
U1188,Kuru Fasulye,9,3.3
U1188,Nohut,2,3.1
U1188,Mevsim Salata,15,4.8
U1188,Ezogelin Çorbası,7,3.8
U1188,Patates Püresi,2,3.9
U1188,Pırasa Yemeği,7,3.1
U1188,Rus Salatası,3,3.6
U1188,Kadınbudu Köfte,2,3.5
U1188,Sezar Salata,11,3.6
U1188,Pirinç Pilavı,13,3.3
U1188,İmambayıldı,14,4.0
U1188,Düğün Çorbası,5,4.5
U1188,Patates Kızartması,8,3.9
U1189,Kemalpaşa,12,3.4
U1189,Pırasa Yemeği,2,3.1
U1189,Mercimek Köftesi,4,4.0
U1189,Rus Salatası,3,4.7
U1189,Profiterol,7,4.7
U1189,Fırın Tavuk,4,3.8
U1189,Et Döner,8,4.1
U1189,Çoban Salata,3,4.7
U1189,Sezar Salata,15,3.7
U1189,Nohut,6,4.2
U1189,Mantar Çorbası,6,4.1
U1189,İrmik Helvası,3,3.5
U1189,Tavuk Sote,5,4.9
U1189,Kadınbudu Köfte,8,4.2
U1189,Mevsim Salata,3,4.5
U1189,Kuru Fasulye,7,3.8
U1189,Yayla Çorbası,4,5.0
U1189,Ton Balıklı Salata,13,4.7
U1189,Tavuk Suyu Çorbası,15,3.4
U1190,İmambayıldı,6,3.8
U1190,Piliç Topkapı,10,4.6
U1190,İrmik Helvası,10,4.3
U1190,Ton Balıklı Salata,10,3.2
U1190,Yayla Çorbası,7,4.1
U1190,Zeytinyağlı Sarma,7,4.6
U1190,İskender Kebap,2,3.4
U1190,Sebze Graten,6,4.2
U1190,Sezar Salata,14,3.8
U1190,Tas Kebabı,13,4.1
U1190,Güllaç,7,4.6
U1190,Kadınbudu Köfte,10,4.6
U1191,İskender Kebap,6,4.1
U1191,Tavukgöğsü,1,5.0
U1191,Revani,9,4.8
U1191,Sütlaç,11,4.4
U1191,Köfte,14,4.9
U1191,Mevsim Salata,9,4.9
U1191,Nohut,11,3.9
U1191,Tavuk Döner,1,3.3
U1191,Güllaç,5,3.1
U1191,Pırasa Yemeği,5,4.8
U1191,Zeytinyağlı Sarma,9,3.5
U1191,Sezar Salata,15,3.7
U1191,Mercimek Köftesi,14,4.7
U1191,Düğün Çorbası,14,3.3
U1192,Kazandibi,13,5.0
U1192,Karnıyarık,6,3.9
U1192,Zeytinyağlı Enginar,2,4.6
U1192,Ezogelin Çorbası,11,3.8
U1192,Tavuk Sote,5,3.4
U1192,Mercimek Köftesi,9,4.5
U1192,Tavuk Döner,9,3.5
U1192,Patates Püresi,3,4.6
U1192,Tas Kebabı,13,4.4
U1192,Çoban Salata,7,3.2
U1192,Bulgur Pilavı,14,3.9
U1192,Baklava,15,3.0
U1192,Patates Kızartması,7,3.9
U1192,Kuru Fasulye,1,3.7
U1192,Piliç Topkapı,8,4.5
U1192,Mantar Çorbası,4,3.9
U1192,Güllaç,8,3.5
U1192,Yayla Çorbası,14,4.5
U1193,Tas Kebabı,8,4.8
U1193,İmambayıldı,5,4.7
U1193,Zeytinyağlı Enginar,10,3.7
U1193,Bulgur Pilavı,8,3.9
U1193,Tavuk Suyu Çorbası,14,3.5
U1193,Baklava,15,3.5
U1193,Mercimek Köftesi,7,4.2
U1193,Tavuk Sote,7,4.8
U1193,Su Böreği,6,4.9
U1194,Kazandibi,14,3.8
U1194,Tarhana Çorbası,11,4.9
U1194,Tavukgöğsü,14,3.8
U1194,Bulgur Pilavı,4,3.0
U1194,Hamsi Tava,15,4.2
U1194,Zeytinyağlı Taze Fasulye,12,3.9
U1194,Kuru Fasulye,12,3.8
U1194,İskender Kebap,8,3.1
U1194,Sebze Graten,6,3.7
U1194,Mantar Çorbası,3,4.3
U1195,Profiterol,6,3.1
U1195,Tarhana Çorbası,4,4.3
U1195,Izgara Balık,2,3.5
U1195,Patates Salatası,15,4.6
U1195,Su Böreği,12,5.0
U1195,Tavuk Sote,4,5.0
U1195,Tas Kebabı,1,3.5
U1195,Et Sote,9,3.9
U1195,Mantar Çorbası,14,3.5
U1195,Et Döner,14,3.6
U1195,Patates Kızartması,7,4.1
U1195,Mevsim Salata,9,3.6
U1195,Makarna,5,3.6
U1195,Hamsi Tava,2,4.9
U1195,Kazandibi,14,3.9
U1195,Güllaç,2,3.4
U1195,Baklava,9,4.3
U1196,Makarna,12,4.1
U1196,Güllaç,9,4.5
U1196,Tavuk Şiş,4,3.5
U1196,Izgara Balık,14,3.7
U1196,Tavuk Döner,11,4.0
U1196,Sigara Böreği,2,4.7
U1196,Tavukgöğsü,11,3.3
U1196,Patates Püresi,7,3.9
U1197,Zeytinyağlı Sarma,12,4.6
U1197,İmambayıldı,8,3.4
U1197,Piliç Topkapı,15,3.8
U1197,Et Döner,8,4.9
U1197,Nohut,11,4.4
U1197,Revani,1,3.1
U1198,Karnıyarık,13,3.8
U1198,Ispanak Yemeği,14,4.5
U1198,Mercimek Köftesi,10,4.5
U1198,Rus Salatası,1,3.0
U1198,Tavuk Suyu Çorbası,11,4.2
U1198,Su Böreği,6,4.3
U1198,Kadınbudu Köfte,14,5.0
U1198,Nohut,13,4.6
U1198,Aşure,12,3.3
U1198,Tavuk Döner,4,3.2
U1198,Baklava,1,3.7
U1198,Sebze Graten,1,3.1
U1198,Köfte,9,4.7
U1198,Kuru Fasulye,5,3.7
U1198,Profiterol,9,3.0
U1198,Bulgur Pilavı,8,3.5
U1198,Mantar Çorbası,3,3.4
U1199,Düğün Çorbası,3,4.0
U1199,Köfte,11,3.6
U1199,Hamsi Tava,1,4.0
U1199,Mercimek Köftesi,15,4.8
U1199,Karnıyarık,7,3.5
U1199,Ton Balıklı Salata,3,5.0
U1199,Ezogelin Çorbası,10,3.6
U1199,Mevsim Salata,15,4.6
U1199,Bulgur Pilavı,2,5.0
U1199,Tavuk Suyu Çorbası,10,4.8
U1199,Tavuk Döner,13,4.8
U1199,Sütlaç,1,3.8
U1200,Köfte,1,3.5
U1200,Tas Kebabı,3,4.0
U1200,Çoban Salata,6,3.9
U1200,Mercimek Köftesi,6,4.8
U1200,Kazandibi,1,4.0
U1200,Sigara Böreği,12,4.6
U1200,Izgara Balık,1,3.1
U1200,Karnıyarık,2,3.2
U1200,Patates Kızartması,9,3.6
U1200,Pirinç Pilavı,8,3.6
U1200,Hamsi Tava,12,3.7
U1201,Revani,15,3.1
U1201,Çoban Salata,7,4.6
U1201,Zeytinyağlı Sarma,14,3.7
U1201,Su Böreği,15,3.5
U1201,Fırın Tavuk,8,3.4
U1201,Tavuk Şiş,13,3.2
U1201,Köfte,11,3.1
U1201,Tarhana Çorbası,2,3.2
U1201,Mevsim Salata,6,3.2
U1201,Patates Salatası,12,4.8
U1201,Ezogelin Çorbası,5,3.1
U1201,İrmik Helvası,2,4.5
U1202,İmambayıldı,11,4.5
U1202,Et Döner,6,5.0
U1202,Ispanak Yemeği,9,4.7
U1202,Köfte,10,3.5
U1202,Zeytinyağlı Sarma,3,4.5
U1202,Sebze Graten,5,3.4
U1202,Düğün Çorbası,5,4.8
U1202,Tavuk Şiş,5,3.6
U1202,Makarna,9,3.5
U1202,İrmik Helvası,2,4.4
U1202,Pirinç Pilavı,15,3.8
U1202,Mevsim Salata,15,4.5
U1202,Ton Balıklı Salata,10,3.6
U1202,Tavuk Suyu Çorbası,1,5.0
U1202,Piliç Topkapı,6,3.1
U1202,Nohut,9,3.7
U1202,Pırasa Yemeği,6,4.3
U1202,Gavurdağı Salata,7,3.5
U1203,İrmik Helvası,8,4.1
U1203,Makarna,15,3.8
U1203,Patates Püresi,5,3.5
U1203,Sezar Salata,15,3.2
U1203,İskender Kebap,5,3.9
U1203,Zeytinyağlı Enginar,3,3.3
U1203,Sebze Graten,2,3.1
U1203,Tavuk Şiş,15,3.5
U1203,Baklava,12,3.2
U1203,Patates Kızartması,3,3.6
U1203,Güllaç,3,3.5
U1204,Orman Kebabı,5,4.0
U1204,Izgara Balık,4,4.1
U1204,Sigara Böreği,5,4.8
U1204,Zeytinyağlı Enginar,10,3.9
U1204,Ispanak Yemeği,13,3.7
U1204,İrmik Helvası,9,3.1
U1204,Karnıyarık,6,4.4
U1204,Et Sote,1,4.9
U1204,Yayla Çorbası,5,3.1
U1204,Çoban Salata,4,4.8
U1204,Tavuk Şiş,3,4.7
U1204,Nohut,5,4.9
U1204,Mantar Çorbası,12,4.1
U1205,Tarhana Çorbası,11,3.7
U1205,Çoban Salata,3,4.2
U1205,Ton Balıklı Salata,10,3.6
U1205,Makarna,13,4.2
U1205,Mercimek Köftesi,10,3.6
U1205,Patates Salatası,15,4.4
U1205,Profiterol,2,4.5
U1205,Pirinç Pilavı,7,4.1
U1205,Sütlaç,2,3.6
U1205,Zeytinyağlı Taze Fasulye,9,3.4
U1205,Ispanak Yemeği,15,4.5
U1206,Zeytinyağlı Enginar,12,4.1
U1206,Fırın Tavuk,12,3.6
U1206,Sigara Böreği,14,4.1
U1206,Mercimek Çorbası,5,3.2
U1206,Et Sote,13,4.8
U1206,Sütlaç,1,4.3
U1206,Kazandibi,13,4.1
U1206,İmambayıldı,14,4.2
U1206,Tavuk Döner,11,4.6
U1206,Kemalpaşa,14,4.5
U1206,Sezar Salata,13,4.7
U1206,Nohut,5,4.5
U1206,Ezogelin Çorbası,9,3.8
U1206,Makarna,13,3.4
U1206,Karnıyarık,10,3.6
U1206,Ispanak Yemeği,13,4.5
U1206,Pirinç Pilavı,10,4.2
U1206,Düğün Çorbası,15,3.4
U1207,Tarhana Çorbası,11,3.3
U1207,Pırasa Yemeği,14,3.2
U1207,Pirinç Pilavı,8,4.8
U1207,Patates Salatası,2,4.5
U1207,Domates Çorbası,6,4.9
U1207,Profiterol,6,3.6
U1207,Zeytinyağlı Enginar,11,4.7
U1207,Patates Püresi,8,3.2
U1207,Tavuk Döner,9,3.1
U1207,Ezogelin Çorbası,15,3.8
U1207,Tavuk Şiş,8,3.4
U1207,Sebze Graten,5,4.1
U1207,Baklava,2,3.8
U1207,Yayla Çorbası,4,3.1
U1207,Bulgur Pilavı,13,4.1
U1208,Kadınbudu Köfte,9,4.7
U1208,Kemalpaşa,3,3.0
U1208,Bulgur Pilavı,13,3.4
U1208,Patates Püresi,15,3.4
U1208,Su Böreği,3,4.8
U1208,Köfte,15,3.2
U1208,Kazandibi,10,3.8
U1208,Ton Balıklı Salata,7,3.2
U1208,Mantar Çorbası,9,3.5
U1208,Aşure,13,3.5
U1208,Gavurdağı Salata,5,4.3
U1208,İskender Kebap,6,3.0
U1208,Sebze Graten,4,4.6
U1209,Tavuk Sote,6,3.4
U1209,Profiterol,3,3.7
U1209,Köfte,1,3.0
U1209,Kazandibi,7,5.0
U1209,Sebze Graten,5,5.0
U1209,Patates Püresi,4,4.8
U1210,Tavuk Döner,11,5.0
U1210,Izgara Balık,3,4.8
U1210,Su Böreği,3,3.7
U1210,Tavuk Şiş,12,5.0
U1210,Sütlaç,3,3.0
U1210,Rus Salatası,14,5.0
U1210,Makarna,4,3.8
U1210,Zeytinyağlı Sarma,10,4.3
U1210,Orman Kebabı,12,4.3
U1210,Zeytinyağlı Enginar,14,4.3
U1210,Pirinç Pilavı,8,3.7
U1210,Mercimek Köftesi,11,3.1
U1210,Mercimek Çorbası,9,3.9
U1210,Nohut,3,4.8
U1211,Aşure,11,4.8
U1211,Ton Balıklı Salata,5,4.8
U1211,Profiterol,3,3.7
U1211,Zeytinyağlı Sarma,9,4.6
U1211,Kemalpaşa,3,3.7
U1211,Revani,7,3.4
U1211,Pırasa Yemeği,8,3.5
U1211,Patates Kızartması,2,4.7
U1211,Hamsi Tava,1,4.3
U1211,Karnıyarık,14,4.1
U1211,Patates Püresi,1,3.3
U1211,Sigara Böreği,7,4.3
U1211,Mevsim Salata,12,4.1
U1211,İskender Kebap,11,3.3
U1211,Düğün Çorbası,12,4.2
U1212,Revani,5,4.9
U1212,Nohut,9,3.5
U1212,Sezar Salata,1,4.9
U1212,Profiterol,11,4.2
U1212,Kemalpaşa,9,3.3
U1212,İskender Kebap,3,4.0
U1212,Patates Püresi,14,3.8
U1212,Karnıyarık,13,3.4
U1212,İmambayıldı,12,4.9
U1212,Aşure,8,3.9
U1212,Ton Balıklı Salata,11,4.1
U1212,Zeytinyağlı Taze Fasulye,8,4.7
U1212,Rus Salatası,11,4.9
U1212,Tavuk Sote,5,3.4
U1212,Sebze Graten,15,3.2
U1213,Mercimek Çorbası,2,3.5
U1213,Pirinç Pilavı,1,4.5
U1213,Kemalpaşa,5,4.8
U1213,Aşure,8,4.4
U1213,Güllaç,6,4.0
U1213,Sezar Salata,14,4.2
U1213,Tavuk Döner,5,3.6
U1213,Zeytinyağlı Enginar,14,3.1
U1213,Tas Kebabı,2,4.2
U1213,Revani,7,3.4
U1213,Kazandibi,9,3.4
U1213,Bulgur Pilavı,10,4.9
U1214,Sigara Böreği,6,4.2
U1214,Patates Kızartması,10,4.7
U1214,Ton Balıklı Salata,3,3.8
U1214,Sütlaç,15,3.1
U1214,Zeytinyağlı Sarma,7,4.7
U1214,Düğün Çorbası,8,4.6
U1215,Mevsim Salata,12,4.9
U1215,Sütlaç,11,4.8
U1215,Tavuk Döner,15,4.1
U1215,Mercimek Çorbası,2,4.3
U1215,Baklava,1,5.0
U1216,Sigara Böreği,1,4.5
U1216,Domates Çorbası,3,3.0
U1216,Zeytinyağlı Sarma,10,4.0
U1216,Mevsim Salata,7,3.8
U1216,İmambayıldı,14,3.8
U1216,Köfte,10,3.4
U1216,Rus Salatası,3,5.0
U1217,Profiterol,15,3.5
U1217,Ezogelin Çorbası,1,3.2
U1217,Tavukgöğsü,13,4.6
U1217,Et Döner,15,4.3
U1217,Domates Çorbası,6,3.4
U1217,İskender Kebap,4,3.5
U1217,Zeytinyağlı Taze Fasulye,10,4.8
U1217,Tavuk Sote,5,4.0
U1217,İrmik Helvası,2,3.9
U1217,Aşure,1,4.9
U1217,Orman Kebabı,14,3.1
U1217,Köfte,10,4.8
U1217,Sütlaç,10,4.7
U1217,Zeytinyağlı Sarma,14,3.3
U1217,Pırasa Yemeği,13,4.8
U1217,Ton Balıklı Salata,5,4.2
U1217,Revani,13,4.8
U1218,Çoban Salata,13,3.4
U1218,Pirinç Pilavı,13,3.1
U1218,Zeytinyağlı Enginar,8,4.4
U1218,Tarhana Çorbası,15,4.1
U1218,Patates Salatası,4,3.4
U1218,Izgara Balık,9,3.7
U1218,Ton Balıklı Salata,8,4.4
U1219,Hamsi Tava,4,3.3
U1219,Tarhana Çorbası,1,4.3
U1219,Ispanak Yemeği,9,4.2
U1219,Tavuk Sote,6,4.4
U1219,Sigara Böreği,9,4.5
U1219,Zeytinyağlı Enginar,10,4.9
U1219,Mercimek Köftesi,3,4.8
U1219,Mercimek Çorbası,9,4.2
U1219,Revani,7,4.7
U1220,Düğün Çorbası,2,4.2
U1220,Hamsi Tava,13,3.5
U1220,Zeytinyağlı Sarma,4,4.0
U1220,Zeytinyağlı Taze Fasulye,6,3.5
U1220,Fırın Tavuk,9,3.5
U1220,Sigara Böreği,6,4.2
U1220,Tavuk Şiş,6,4.8
U1220,Tavuk Suyu Çorbası,10,3.7
U1220,Ispanak Yemeği,8,4.9
U1220,Bulgur Pilavı,6,3.7
U1220,Kazandibi,15,3.6
U1220,Tavuk Döner,10,4.7
U1220,İmambayıldı,10,3.2
U1220,Mantar Çorbası,7,4.3
U1220,Tas Kebabı,6,4.8
U1220,Rus Salatası,15,3.4
U1220,Tarhana Çorbası,11,4.2
U1220,Sebze Graten,1,3.7
U1221,Piliç Topkapı,4,4.0
U1221,Zeytinyağlı Taze Fasulye,15,3.7
U1221,Sebze Graten,2,3.6
U1221,Zeytinyağlı Enginar,12,4.6
U1221,Kuru Fasulye,1,3.5
U1221,Pırasa Yemeği,5,4.3
U1221,İrmik Helvası,1,3.8
U1222,Pirinç Pilavı,7,3.5
U1222,Orman Kebabı,3,4.7
U1222,Baklava,14,4.9
U1222,Makarna,1,4.5
U1222,Zeytinyağlı Sarma,4,4.3
U1222,Çoban Salata,7,4.1
U1222,Tas Kebabı,6,3.4
U1222,Patates Salatası,5,4.7
U1222,Nohut,3,3.4
U1222,Karnıyarık,14,4.7
U1223,Kazandibi,11,3.1
U1223,Patates Kızartması,3,4.0
U1223,İmambayıldı,15,4.9
U1223,Nohut,6,3.2
U1223,Karnıyarık,12,3.6
U1223,Tavuk Sote,9,4.5
U1223,Kadınbudu Köfte,1,4.8
U1223,Makarna,13,4.3
U1223,Çoban Salata,7,4.7
U1223,Tas Kebabı,11,4.5
U1223,Sigara Böreği,8,4.3
U1223,Piliç Topkapı,10,4.3
U1223,Fırın Tavuk,4,4.9
U1223,Mevsim Salata,5,4.5
U1223,Bulgur Pilavı,2,3.6
U1223,Domates Çorbası,5,3.8
U1223,Patates Salatası,2,4.6
U1223,Ton Balıklı Salata,14,3.4
U1223,Baklava,12,3.2
U1224,Güllaç,2,4.7
U1224,Patates Kızartması,10,3.5
U1224,Izgara Balık,5,3.1
U1224,Pirinç Pilavı,13,3.1
U1224,Domates Çorbası,4,3.3
U1224,Gavurdağı Salata,15,3.9
U1224,Et Döner,9,3.6
U1224,Sütlaç,12,4.6
U1224,Düğün Çorbası,10,3.0
U1224,Kazandibi,4,4.6
U1224,Kuru Fasulye,2,4.2
U1225,Fırın Tavuk,2,3.2
U1225,Izgara Balık,4,4.7
U1225,Patates Salatası,12,3.6
U1225,Tas Kebabı,3,4.3
U1225,Gavurdağı Salata,10,4.2
U1225,İrmik Helvası,1,3.9
U1225,Çoban Salata,15,4.2
U1225,Patates Kızartması,7,3.5
U1225,Zeytinyağlı Sarma,1,3.3
U1225,Su Böreği,8,3.2
U1225,Karnıyarık,2,4.3
U1225,Sigara Böreği,9,4.5
U1225,Aşure,13,3.6
U1225,Tavuk Sote,4,3.3
U1225,Kuru Fasulye,5,4.2
U1225,Yayla Çorbası,8,4.4
U1226,İrmik Helvası,6,3.2
U1226,Domates Çorbası,15,4.5
U1226,Zeytinyağlı Sarma,4,3.7
U1226,Kemalpaşa,1,3.3
U1226,Tavuk Şiş,15,3.2
U1226,Bulgur Pilavı,6,3.6
U1226,Et Sote,6,4.8
U1226,Patates Püresi,11,3.0
U1226,Ton Balıklı Salata,1,4.2
U1226,Pirinç Pilavı,15,4.5
U1226,Fırın Tavuk,10,3.9
U1226,Zeytinyağlı Taze Fasulye,7,4.8
U1226,Mercimek Çorbası,10,3.3
U1226,Mevsim Salata,1,3.7
U1226,Pırasa Yemeği,7,4.1
U1227,Patates Salatası,5,3.9
U1227,İskender Kebap,11,3.2
U1227,Tas Kebabı,1,3.9
U1227,Güllaç,7,3.7
U1227,Zeytinyağlı Sarma,15,3.7
U1227,Zeytinyağlı Enginar,4,3.8
U1228,Sebze Graten,1,3.4
U1228,Tavuk Döner,9,4.3
U1228,Yayla Çorbası,3,3.9
U1228,Mercimek Köftesi,5,3.2
U1228,Zeytinyağlı Enginar,8,4.3
U1228,Revani,15,3.9
U1228,Makarna,9,3.2
U1228,Tas Kebabı,11,3.9
U1229,Domates Çorbası,5,4.8
U1229,Mercimek Köftesi,15,3.4
U1229,Fırın Tavuk,12,4.5
U1229,Orman Kebabı,3,3.4
U1229,Rus Salatası,7,4.0
U1229,Tavuk Döner,3,4.3
U1229,Köfte,6,3.7
U1229,Ispanak Yemeği,14,4.8
U1229,Aşure,14,3.5
U1229,Tavukgöğsü,6,4.3
U1230,Tarhana Çorbası,8,4.8
U1230,Karnıyarık,1,3.6
U1230,Tas Kebabı,13,3.9
U1230,Köfte,12,4.7
U1230,Kuru Fasulye,14,3.2
U1230,Rus Salatası,12,4.5
U1230,Domates Çorbası,3,3.1
U1230,Profiterol,4,3.0
U1230,Çoban Salata,9,4.5
U1230,Revani,11,4.3
U1230,Zeytinyağlı Enginar,3,3.8
U1231,Güllaç,10,4.8
U1231,Makarna,4,4.9
U1231,Yayla Çorbası,9,3.4
U1231,Ezogelin Çorbası,2,4.4
U1231,Rus Salatası,4,4.0
U1231,Patates Kızartması,6,4.4
U1231,Çoban Salata,4,3.4
U1231,Karnıyarık,14,4.8
U1231,Aşure,11,4.3
U1231,Gavurdağı Salata,9,4.9
U1231,Sütlaç,5,3.0
U1231,Zeytinyağlı Taze Fasulye,8,3.7
U1231,Sebze Graten,8,3.8
U1231,Nohut,7,4.7
U1231,Köfte,4,4.1
U1231,Et Döner,7,4.3
U1231,Düğün Çorbası,15,4.3
U1231,İmambayıldı,1,3.2
U1232,Yayla Çorbası,10,4.8
U1232,Patates Püresi,14,4.3
U1232,Pirinç Pilavı,2,4.0
U1232,Mercimek Çorbası,7,3.6
U1232,Makarna,5,4.8
U1232,Pırasa Yemeği,14,3.2
U1232,Mevsim Salata,3,4.2
U1232,Sezar Salata,15,3.9
U1232,Düğün Çorbası,3,4.7
U1232,Ton Balıklı Salata,9,3.4
U1232,İrmik Helvası,12,4.3
U1232,Kazandibi,7,3.1
U1232,Zeytinyağlı Taze Fasulye,8,4.1
U1232,Tas Kebabı,11,4.8
U1232,Zeytinyağlı Sarma,14,4.5
U1232,Rus Salatası,15,4.3
U1232,Tarhana Çorbası,4,4.1
U1233,Karnıyarık,5,3.3
U1233,Tavukgöğsü,6,3.8
U1233,Baklava,10,4.0
U1233,Hamsi Tava,6,4.2
U1233,Sezar Salata,10,3.3
U1233,Tavuk Sote,10,4.6
U1233,Tavuk Şiş,7,4.4
U1233,Tarhana Çorbası,14,4.2
U1234,İmambayıldı,11,3.3
U1234,Profiterol,1,3.5
U1234,Et Döner,9,4.9
U1234,Makarna,3,4.8
U1234,Mercimek Köftesi,9,4.0
U1234,Mevsim Salata,15,4.8
U1234,Patates Salatası,6,3.4
U1235,Çoban Salata,7,3.5
U1235,Piliç Topkapı,13,4.5
U1235,Tarhana Çorbası,8,5.0
U1235,Et Sote,4,4.9
U1235,Kuru Fasulye,3,4.9
U1235,Pirinç Pilavı,10,3.6
U1235,Köfte,3,3.8
U1235,Patates Kızartması,8,3.2
U1235,Tas Kebabı,1,4.4
U1235,Makarna,8,3.4
U1235,Nohut,15,3.9
U1236,Zeytinyağlı Sarma,8,3.8
U1236,Sigara Böreği,3,4.2
U1236,Kazandibi,13,4.0
U1236,Piliç Topkapı,15,3.6
U1236,Kuru Fasulye,5,4.9
U1236,Ton Balıklı Salata,8,3.7
U1236,Güllaç,3,3.0
U1236,Orman Kebabı,3,3.6
U1236,Gavurdağı Salata,9,4.8
U1236,Tavuk Şiş,5,3.3
U1236,Düğün Çorbası,7,3.3
U1236,Sütlaç,3,4.7
U1237,Patates Kızartması,1,4.9
U1237,Karnıyarık,15,4.2
U1237,Yayla Çorbası,5,4.1
U1237,Izgara Balık,7,4.5
U1237,Pırasa Yemeği,4,3.8
U1237,Köfte,4,3.8
U1237,Çoban Salata,12,4.6
U1238,Fırın Tavuk,3,4.8
U1238,Patates Püresi,4,3.4
U1238,Bulgur Pilavı,14,4.9
U1238,Revani,6,4.7
U1238,Ton Balıklı Salata,7,4.8
U1238,Zeytinyağlı Enginar,2,3.9
U1238,İrmik Helvası,9,4.4
U1238,Zeytinyağlı Taze Fasulye,15,3.8
U1238,Rus Salatası,6,5.0
U1238,Tavuk Suyu Çorbası,15,4.3
U1238,Mevsim Salata,12,4.0
U1238,İmambayıldı,3,3.0
U1238,Tavuk Şiş,15,3.4
U1238,Su Böreği,2,3.6
U1238,Çoban Salata,11,3.9
U1239,Profiterol,12,4.0
U1239,Zeytinyağlı Taze Fasulye,11,3.6
U1239,Pirinç Pilavı,1,4.9
U1239,Orman Kebabı,2,3.9
U1239,Kuru Fasulye,14,3.3
U1239,Sezar Salata,5,3.0
U1239,Et Sote,6,3.4
U1239,Nohut,13,3.6
U1239,Mevsim Salata,13,4.3
U1239,Çoban Salata,4,4.0
U1239,Mantar Çorbası,13,3.7
U1239,Mercimek Çorbası,6,5.0
U1240,Patates Kızartması,10,3.0
U1240,Patates Püresi,8,4.4
U1240,Et Döner,4,4.0
U1240,Patates Salatası,3,4.2
U1240,İrmik Helvası,3,4.1
U1240,Kadınbudu Köfte,15,4.1
U1240,İmambayıldı,10,4.8
U1240,Sigara Böreği,5,3.5
U1240,Yayla Çorbası,5,4.3
U1240,Hamsi Tava,3,4.1
U1240,Izgara Balık,14,3.6
U1240,Tavukgöğsü,9,4.1
U1240,Aşure,6,4.4
U1240,Ezogelin Çorbası,14,4.1
U1240,Sebze Graten,1,3.1
U1240,Kuru Fasulye,9,4.9
U1240,Düğün Çorbası,9,4.6
U1241,Piliç Topkapı,13,4.9
U1241,Ezogelin Çorbası,5,4.5
U1241,Kadınbudu Köfte,5,4.3
U1241,Fırın Tavuk,5,4.9
U1241,Tarhana Çorbası,9,3.1
U1241,Gavurdağı Salata,2,3.0
U1241,Su Böreği,5,4.1
U1241,İmambayıldı,14,3.7
U1242,Tavuk Sote,9,4.7
U1242,Bulgur Pilavı,14,3.9
U1242,İskender Kebap,12,4.8
U1242,Tavukgöğsü,4,3.2
U1242,Orman Kebabı,6,4.3
U1242,Güllaç,6,3.1
U1242,Kazandibi,1,3.6
U1242,Kadınbudu Köfte,9,3.3
U1242,Mercimek Köftesi,13,4.4
U1242,Ispanak Yemeği,7,4.0
U1243,Tavuk Suyu Çorbası,5,3.9
U1243,Mercimek Çorbası,4,4.7
U1243,Sebze Graten,7,3.3
U1243,Tavuk Sote,8,3.2
U1243,Orman Kebabı,15,3.1
U1243,Zeytinyağlı Enginar,8,4.9
U1243,Mevsim Salata,14,3.6
U1243,İrmik Helvası,3,3.7
U1243,Patates Püresi,8,4.7
U1243,Tavuk Döner,3,3.6
U1243,İskender Kebap,1,4.6
U1243,Zeytinyağlı Taze Fasulye,9,4.1
U1243,Çoban Salata,4,3.8
U1243,Kemalpaşa,6,3.9
U1243,Ton Balıklı Salata,13,3.0
U1243,Sezar Salata,13,3.9
U1243,Kazandibi,8,3.1
U1243,Aşure,3,4.0
U1244,Zeytinyağlı Sarma,9,4.7
U1244,Sezar Salata,6,4.7
U1244,Aşure,6,3.3
U1244,Izgara Balık,9,4.0
U1244,Patates Kızartması,13,3.8
U1244,Rus Salatası,2,3.6
U1244,Mercimek Çorbası,14,4.6
U1244,Düğün Çorbası,15,3.9
U1244,Sebze Graten,3,3.5
U1244,Tarhana Çorbası,2,4.9
U1244,Patates Püresi,3,4.9
U1244,Bulgur Pilavı,1,4.4
U1244,Tavuk Sote,8,3.3
U1244,Tavuk Döner,11,3.2
U1244,Köfte,4,4.9
U1244,Kemalpaşa,6,4.5
U1245,Güllaç,15,4.4
U1245,Sezar Salata,1,4.3
U1245,Tavuk Döner,14,4.8
U1245,Sigara Böreği,14,4.0
U1245,Mercimek Köftesi,3,3.5
U1245,Sütlaç,8,4.7
U1245,Çoban Salata,14,3.1
U1245,Tarhana Çorbası,14,4.1
U1245,Karnıyarık,10,3.5
U1245,Zeytinyağlı Enginar,5,4.1
U1246,Izgara Balık,10,3.3
U1246,Tas Kebabı,13,3.8
U1246,Zeytinyağlı Enginar,15,3.9
U1246,Profiterol,12,4.5
U1246,Makarna,15,4.8
U1246,Kuru Fasulye,5,4.2
U1246,Patates Püresi,12,4.2
U1246,Kadınbudu Köfte,6,3.2
U1246,Sezar Salata,3,3.7
U1247,Kemalpaşa,9,4.4
U1247,Makarna,5,4.6
U1247,Tarhana Çorbası,10,4.0
U1247,Rus Salatası,14,3.3
U1247,Hamsi Tava,5,4.3
U1247,Ton Balıklı Salata,15,3.3
U1247,Piliç Topkapı,10,3.6
U1247,Köfte,2,3.1
U1247,Zeytinyağlı Sarma,4,4.9
U1247,Kazandibi,14,3.3
U1247,Mevsim Salata,9,4.9
U1247,Profiterol,15,4.7
U1247,Et Döner,12,3.1
U1247,Gavurdağı Salata,15,4.8
U1247,Sebze Graten,10,5.0
U1247,Pirinç Pilavı,11,3.4
U1247,Kadınbudu Köfte,5,4.2
U1247,Karnıyarık,12,5.0
U1247,Tavukgöğsü,1,3.0
U1247,Yayla Çorbası,6,3.5
U1248,Bulgur Pilavı,14,4.8
U1248,Profiterol,12,4.1
U1248,Rus Salatası,3,3.8
U1248,Kuru Fasulye,6,3.2
U1248,Kadınbudu Köfte,2,3.8
U1248,Patates Salatası,15,3.6
U1248,Tavuk Sote,4,4.6
U1248,Gavurdağı Salata,7,4.5
U1248,Tavuk Suyu Çorbası,11,4.8
U1248,Baklava,14,4.2
U1248,Ezogelin Çorbası,2,4.0
U1248,İmambayıldı,1,3.2
U1248,Zeytinyağlı Sarma,8,4.4
U1248,Mantar Çorbası,8,3.9
U1248,Domates Çorbası,2,4.7
U1248,Tas Kebabı,15,3.2
U1248,Nohut,3,4.7
U1248,Kazandibi,15,3.2
U1248,Sütlaç,13,4.1
U1249,Sütlaç,3,3.9
U1249,Mercimek Çorbası,2,4.9
U1249,Bulgur Pilavı,1,4.1
U1249,Patates Kızartması,9,3.1
U1249,Karnıyarık,7,4.1
U1249,Rus Salatası,14,4.8
U1249,Ezogelin Çorbası,13,3.7
U1249,Tas Kebabı,14,4.6
U1249,Kazandibi,13,4.6
U1249,Köfte,6,4.4
U1249,Et Sote,9,3.9
U1249,Zeytinyağlı Taze Fasulye,6,3.7
U1249,Pırasa Yemeği,13,4.4
U1249,Et Döner,4,3.4
U1249,Profiterol,8,4.2
U1249,Nohut,7,3.1
U1250,Aşure,10,4.5
U1250,Profiterol,7,3.9
U1250,Pirinç Pilavı,1,4.9
U1250,Düğün Çorbası,7,3.1
U1250,Baklava,10,4.9
U1250,Domates Çorbası,8,3.1
U1250,Tavuk Şiş,14,3.4
U1250,Mevsim Salata,6,4.0
U1250,Gavurdağı Salata,14,4.8
U1250,Et Sote,4,4.6
U1250,Su Böreği,4,3.8
U1250,Pırasa Yemeği,10,4.1
U1250,Nohut,3,3.3
U1250,Sebze Graten,15,3.1
U1250,Fırın Tavuk,9,3.8
U1251,Pirinç Pilavı,14,4.7
U1251,Kadınbudu Köfte,10,3.1
U1251,Düğün Çorbası,3,4.0
U1251,Tavuk Şiş,12,3.8
U1251,Sütlaç,11,4.8
U1251,Tas Kebabı,8,3.2
U1251,Ezogelin Çorbası,10,5.0
U1251,Mevsim Salata,11,3.9
U1252,Tavuk Şiş,1,3.2
U1252,Çoban Salata,6,4.1
U1252,Kemalpaşa,6,3.8
U1252,Ton Balıklı Salata,12,4.9
U1252,Tas Kebabı,11,4.5
U1252,Ispanak Yemeği,12,4.9
U1252,Karnıyarık,7,4.0
U1252,Tavuk Döner,7,4.2
U1253,İskender Kebap,13,3.8
U1253,Tavuk Sote,15,4.4
U1253,Aşure,12,3.4
U1253,Su Böreği,7,3.9
U1253,Karnıyarık,9,5.0
U1253,Kadınbudu Köfte,6,4.7
U1253,Hamsi Tava,9,3.2
U1253,Tarhana Çorbası,4,4.4
U1253,Orman Kebabı,2,4.5
U1253,Et Sote,5,3.4
U1253,Mercimek Çorbası,7,3.6
U1253,Sebze Graten,11,3.2
U1253,Piliç Topkapı,1,3.3
U1253,Güllaç,6,5.0
U1253,Köfte,10,4.4
U1253,Çoban Salata,2,3.1
U1254,Tavuk Döner,13,3.1
U1254,Orman Kebabı,1,4.6
U1254,Patates Salatası,12,3.1
U1254,Tas Kebabı,4,3.1
U1254,Zeytinyağlı Taze Fasulye,9,3.3
U1254,Ton Balıklı Salata,8,4.3
U1254,Baklava,15,3.4
U1254,İmambayıldı,4,4.8
U1254,Aşure,10,3.0
U1254,Kadınbudu Köfte,1,3.8
U1254,Nohut,8,3.5
U1254,Tavukgöğsü,1,4.8
U1254,Gavurdağı Salata,14,3.3
U1254,Sebze Graten,1,3.5
U1254,Fırın Tavuk,4,4.8
U1254,Domates Çorbası,7,3.5
U1254,Ezogelin Çorbası,2,4.6
U1254,Tavuk Suyu Çorbası,9,4.2
U1254,Pirinç Pilavı,15,4.7
U1254,Tavuk Sote,1,3.8
U1255,Piliç Topkapı,8,4.5
U1255,Hamsi Tava,14,4.7
U1255,Güllaç,8,4.3
U1255,Ispanak Yemeği,11,4.1
U1255,Zeytinyağlı Taze Fasulye,2,4.8
U1255,Tavukgöğsü,14,4.9
U1255,Köfte,8,3.3
U1255,Fırın Tavuk,9,4.5
U1255,Karnıyarık,5,3.6
U1255,Pırasa Yemeği,2,4.8
U1255,Et Döner,7,4.1
U1255,Patates Salatası,3,4.8
U1255,Et Sote,10,4.1
U1255,Mercimek Köftesi,9,3.1
U1255,Nohut,1,4.6
U1255,Çoban Salata,5,4.9
U1255,Mercimek Çorbası,12,4.7
U1255,Domates Çorbası,3,4.4
U1256,Su Böreği,7,4.9
U1256,Patates Salatası,10,4.9
U1256,Aşure,3,4.0
U1256,Kazandibi,11,3.1
U1256,Izgara Balık,2,5.0
U1256,Ispanak Yemeği,1,4.5
U1256,Profiterol,14,4.7
U1256,Gavurdağı Salata,11,3.1
U1256,Rus Salatası,10,3.4
U1256,Sütlaç,4,4.9
U1256,Patates Kızartması,8,3.6
U1256,Tas Kebabı,15,3.8
U1256,Sigara Böreği,15,4.7
U1257,Ton Balıklı Salata,4,4.0
U1257,Tavuk Döner,15,4.9
U1257,Tavuk Suyu Çorbası,13,4.9
U1257,Tavuk Şiş,15,3.6
U1257,Sigara Böreği,11,3.6
U1258,Tavuk Döner,6,4.0
U1258,Ispanak Yemeği,1,3.2
U1258,Zeytinyağlı Taze Fasulye,3,3.5
U1258,İskender Kebap,15,4.5
U1258,Kuru Fasulye,15,4.1
U1259,Makarna,10,3.4
U1259,Pirinç Pilavı,5,4.7
U1259,Orman Kebabı,2,4.0
U1259,İskender Kebap,4,3.8
U1259,Güllaç,12,4.4
U1259,Zeytinyağlı Sarma,7,4.1
U1259,Izgara Balık,1,3.5
U1259,Tavuk Sote,10,3.3
U1259,Domates Çorbası,12,3.1
U1260,İmambayıldı,9,3.3
U1260,Tavuk Şiş,14,4.9
U1260,Sezar Salata,6,4.5
U1260,Patates Kızartması,6,4.3
U1260,Ton Balıklı Salata,8,4.6
U1260,Hamsi Tava,7,4.7
U1260,Tavuk Suyu Çorbası,6,4.1
U1260,Aşure,6,3.6
U1260,Zeytinyağlı Enginar,8,5.0
U1260,Yayla Çorbası,14,4.3
U1260,Bulgur Pilavı,9,4.6
U1260,Tavukgöğsü,5,3.9
U1260,Et Sote,14,3.3
U1260,Mercimek Çorbası,6,3.3
U1260,Nohut,12,3.1
U1260,Piliç Topkapı,7,4.4
U1260,Kemalpaşa,13,4.9
U1261,Ispanak Yemeği,3,3.4
U1261,Et Sote,15,4.8
U1261,Patates Kızartması,13,3.8
U1261,Köfte,11,3.5
U1261,Kuru Fasulye,4,4.9
U1261,Mercimek Çorbası,11,3.7
U1261,Mantar Çorbası,9,4.7
U1261,Nohut,11,4.6
U1261,Pırasa Yemeği,14,4.1
U1261,Güllaç,4,4.6
U1261,Tavuk Suyu Çorbası,2,3.6
U1261,Hamsi Tava,13,3.3
U1261,Ezogelin Çorbası,6,4.2
U1262,Güllaç,6,3.8
U1262,Zeytinyağlı Enginar,5,3.4
U1262,İrmik Helvası,3,4.6
U1262,Et Sote,13,4.2
U1262,Tarhana Çorbası,14,3.4
U1262,Aşure,3,3.9
U1262,Mercimek Köftesi,5,3.7
U1262,Mercimek Çorbası,1,4.0
U1262,Kadınbudu Köfte,4,3.4
U1262,Pirinç Pilavı,10,4.1
U1262,Çoban Salata,3,3.2
U1262,İskender Kebap,4,3.8
U1262,Ton Balıklı Salata,11,4.6
U1262,Kuru Fasulye,14,4.6
U1262,Sütlaç,5,3.1
U1262,Tavukgöğsü,8,4.2
U1262,Zeytinyağlı Taze Fasulye,5,4.4
U1262,Ispanak Yemeği,9,3.7
U1262,Karnıyarık,5,4.9
U1263,Baklava,5,4.1
U1263,Su Böreği,6,4.3
U1263,Mevsim Salata,2,4.0
U1263,Yayla Çorbası,5,3.1
U1263,Tavukgöğsü,2,3.7
U1263,Sütlaç,11,3.5
U1263,Zeytinyağlı Sarma,11,4.0
U1263,Gavurdağı Salata,13,4.6
U1263,Tavuk Sote,3,4.6
U1264,Patates Kızartması,6,3.5
U1264,Kemalpaşa,3,3.7
U1264,Zeytinyağlı Enginar,12,4.2
U1264,Kadınbudu Köfte,5,4.5
U1264,Kuru Fasulye,1,4.2
U1264,Mevsim Salata,10,4.2
U1264,Rus Salatası,12,3.7
U1264,Sezar Salata,4,4.5
U1264,Tavuk Suyu Çorbası,3,4.1
U1265,Mercimek Köftesi,2,4.3
U1265,Karnıyarık,12,3.4
U1265,İrmik Helvası,12,4.6
U1265,Tarhana Çorbası,1,3.9
U1265,Kemalpaşa,1,3.2
U1265,Düğün Çorbası,14,4.8
U1265,Makarna,5,4.8
U1265,Hamsi Tava,7,4.5
U1265,Kuru Fasulye,6,4.4
U1265,Tavukgöğsü,2,3.1
U1265,Çoban Salata,10,4.8
U1265,Piliç Topkapı,11,3.3
U1265,Ton Balıklı Salata,1,4.6
U1265,Tavuk Sote,13,3.6
U1265,Mercimek Çorbası,10,4.8
U1265,Mantar Çorbası,2,4.3
U1266,Tavukgöğsü,1,3.3
U1266,Kemalpaşa,11,4.8
U1266,Izgara Balık,10,4.5
U1266,Zeytinyağlı Taze Fasulye,12,4.5
U1266,İskender Kebap,6,4.0
U1266,Ton Balıklı Salata,3,4.3
U1266,Tarhana Çorbası,8,3.7
U1266,Patates Salatası,1,4.0
U1266,Karnıyarık,3,4.5
U1266,Tavuk Suyu Çorbası,13,4.6
U1266,Pırasa Yemeği,1,3.3
U1266,Sezar Salata,12,4.2
U1266,Çoban Salata,10,3.1
U1266,Zeytinyağlı Sarma,6,4.4
U1267,Tas Kebabı,7,3.2
U1267,Ispanak Yemeği,12,4.4
U1267,Aşure,9,4.1
U1267,Izgara Balık,4,4.1
U1267,Mantar Çorbası,2,4.7
U1267,Çoban Salata,5,3.2
U1267,Kadınbudu Köfte,7,3.1
U1267,Mevsim Salata,10,4.1
U1267,Tarhana Çorbası,5,3.3
U1267,Tavuk Sote,11,4.4
U1267,Gavurdağı Salata,7,3.3
U1267,Zeytinyağlı Sarma,11,3.5
U1267,Ton Balıklı Salata,14,4.1
U1267,Güllaç,8,4.5
U1267,Su Böreği,12,3.0
U1268,Fırın Tavuk,11,3.8
U1268,Köfte,6,3.6
U1268,Tavukgöğsü,3,3.4
U1268,Gavurdağı Salata,1,4.5
U1268,Profiterol,2,3.0
U1268,Baklava,14,3.1
U1268,Izgara Balık,4,4.1
U1268,Tavuk Suyu Çorbası,4,3.5
U1268,Tarhana Çorbası,2,3.1
U1268,Kemalpaşa,15,4.1
U1268,Nohut,14,4.7
U1268,Kadınbudu Köfte,4,5.0
U1268,İskender Kebap,4,3.5
U1268,Su Böreği,14,4.8
U1268,Mantar Çorbası,4,4.4
U1269,Aşure,10,3.7
U1269,Izgara Balık,6,3.9
U1269,Kuru Fasulye,3,3.3
U1269,Kadınbudu Köfte,11,4.9
U1269,Domates Çorbası,15,4.3
U1270,Domates Çorbası,11,4.8
U1270,Orman Kebabı,14,4.6
U1270,Kadınbudu Köfte,11,4.1
U1270,Ton Balıklı Salata,7,3.3
U1270,Sebze Graten,2,5.0
U1270,Patates Püresi,5,4.6
U1271,İskender Kebap,15,5.0
U1271,Tas Kebabı,1,4.8
U1271,Pırasa Yemeği,3,4.4
U1271,Kuru Fasulye,14,3.7
U1271,Düğün Çorbası,6,3.7
U1271,Baklava,12,3.4
U1271,Aşure,3,4.3
U1271,Orman Kebabı,1,3.8
U1271,Çoban Salata,2,4.9
U1271,Zeytinyağlı Taze Fasulye,4,3.9
U1271,Et Sote,8,4.2
U1271,Sigara Böreği,3,3.7
U1271,Rus Salatası,9,4.2
U1271,Tavuk Sote,13,3.6
U1271,Revani,4,4.6
U1271,Su Böreği,4,3.9
U1271,Karnıyarık,15,3.7
U1271,Pirinç Pilavı,1,3.1
U1271,Hamsi Tava,3,3.3
U1272,Baklava,8,4.2
U1272,Köfte,13,3.9
U1272,Orman Kebabı,1,4.5
U1272,İskender Kebap,2,4.9
U1272,İmambayıldı,3,3.9
U1272,Ispanak Yemeği,10,3.4
U1272,Mantar Çorbası,3,3.4
U1272,Tas Kebabı,14,3.5
U1272,Zeytinyağlı Taze Fasulye,13,3.6
U1272,Nohut,13,4.4
U1272,Tavukgöğsü,3,4.4
U1272,Kemalpaşa,12,4.7
U1272,Çoban Salata,15,4.8
U1272,Mevsim Salata,13,3.7
U1273,Sütlaç,6,4.7
U1273,Zeytinyağlı Sarma,7,3.9
U1273,Piliç Topkapı,12,3.2
U1273,Nohut,11,4.7
U1273,Çoban Salata,14,3.7
U1273,Ispanak Yemeği,8,3.9
U1273,İrmik Helvası,11,4.2
U1273,Rus Salatası,6,4.0
U1273,Köfte,6,3.7
U1274,Düğün Çorbası,13,3.8
U1274,Et Sote,1,3.4
U1274,Zeytinyağlı Taze Fasulye,9,3.4
U1274,Nohut,14,3.9
U1274,Fırın Tavuk,7,3.5
U1274,Sigara Böreği,4,3.9
U1274,Mantar Çorbası,15,4.4
U1274,Kuru Fasulye,10,4.7
U1274,Ezogelin Çorbası,7,4.2
U1274,Pırasa Yemeği,11,4.2
U1274,Kemalpaşa,7,4.2
U1274,Sütlaç,13,4.9
U1274,Zeytinyağlı Enginar,2,4.6
U1274,Et Döner,3,4.4
U1274,Karnıyarık,1,3.0
U1275,Fırın Tavuk,12,4.0
U1275,Ton Balıklı Salata,10,3.2
U1275,İrmik Helvası,14,4.9
U1275,Kazandibi,13,4.8
U1275,Güllaç,15,4.1
U1276,Tavuk Şiş,12,4.8
U1276,Piliç Topkapı,13,3.6
U1276,İmambayıldı,7,4.2
U1276,Tarhana Çorbası,14,4.4
U1276,Güllaç,7,3.1
U1276,Karnıyarık,9,3.7
U1276,Tavukgöğsü,11,4.7
U1276,İskender Kebap,7,4.6
U1276,Zeytinyağlı Enginar,4,4.7
U1276,Patates Salatası,1,4.8
U1276,Tavuk Suyu Çorbası,11,3.9
U1276,Zeytinyağlı Taze Fasulye,1,3.8
U1276,Zeytinyağlı Sarma,7,4.9
U1276,Hamsi Tava,7,4.6
U1276,Su Böreği,10,3.2
U1276,Kazandibi,7,4.6
U1276,Orman Kebabı,2,4.4
U1276,Tas Kebabı,15,4.8
U1276,Rus Salatası,12,3.3
U1277,Et Sote,13,3.9
U1277,Zeytinyağlı Sarma,3,4.4
U1277,Güllaç,1,4.4
U1277,Pirinç Pilavı,1,4.6
U1277,Patates Püresi,11,3.6
U1277,Bulgur Pilavı,11,3.9
U1277,Tavuk Sote,7,4.2
U1277,Yayla Çorbası,8,3.8
U1277,Zeytinyağlı Taze Fasulye,13,3.8
U1277,Karnıyarık,4,3.4
U1277,Kuru Fasulye,7,3.2
U1277,Baklava,2,4.2
U1277,Çoban Salata,2,4.8
U1278,Patates Püresi,13,3.5
U1278,Patates Kızartması,12,3.6
U1278,Revani,12,3.0
U1278,Baklava,6,3.1
U1278,Pırasa Yemeği,14,4.9
U1278,Et Sote,5,4.1
U1278,İrmik Helvası,2,3.6
U1278,Tavuk Sote,6,3.6
U1278,Bulgur Pilavı,2,3.2
U1279,Et Döner,10,3.7
U1279,Pirinç Pilavı,5,3.9
U1279,Kuru Fasulye,15,5.0
U1279,Düğün Çorbası,3,3.3
U1279,Profiterol,3,3.5
U1279,Bulgur Pilavı,10,5.0
U1279,İskender Kebap,15,3.9
U1279,Nohut,5,3.8
U1280,Çoban Salata,13,4.3
U1280,Ispanak Yemeği,12,3.9
U1280,Patates Kızartması,14,3.6
U1280,Tavuk Sote,7,5.0
U1280,Kemalpaşa,4,3.5
U1280,Sütlaç,9,3.5
U1280,Tavukgöğsü,1,4.4
U1281,Kazandibi,4,4.7
U1281,İskender Kebap,12,3.1
U1281,Düğün Çorbası,8,3.4
U1281,İrmik Helvası,11,4.7
U1281,Zeytinyağlı Sarma,13,4.5
U1281,Pirinç Pilavı,13,3.6
U1282,Ispanak Yemeği,2,3.5
U1282,Rus Salatası,10,4.2
U1282,Domates Çorbası,2,3.7
U1282,Güllaç,10,4.1
U1282,Baklava,15,4.9
U1282,Izgara Balık,6,4.6
U1282,Tavuk Sote,6,4.8
U1282,Ton Balıklı Salata,11,3.9
U1282,Zeytinyağlı Sarma,7,3.7
U1282,Mercimek Köftesi,3,3.1
U1282,Tavukgöğsü,8,3.1
U1282,Köfte,9,5.0
U1282,Orman Kebabı,12,5.0
U1282,Patates Salatası,12,3.6
U1282,Sebze Graten,7,3.0
U1282,Profiterol,14,3.1
U1283,Pirinç Pilavı,10,4.8
U1283,Mercimek Çorbası,8,4.2
U1283,Tavuk Sote,11,4.7
U1283,Tavuk Döner,2,3.5
U1283,Patates Kızartması,7,3.8
U1284,Kadınbudu Köfte,15,4.4
U1284,Karnıyarık,12,3.3
U1284,Tavuk Şiş,10,4.2
U1284,Patates Kızartması,2,4.9
U1284,Tavuk Sote,13,3.1
U1284,Zeytinyağlı Sarma,5,3.7
U1284,Orman Kebabı,2,3.9
U1284,Kazandibi,3,4.1
U1284,Sigara Böreği,15,3.2
U1284,İrmik Helvası,2,4.7
U1284,Revani,13,3.2
U1284,Profiterol,2,4.2
U1284,Aşure,3,4.6
U1284,Piliç Topkapı,11,3.8
U1285,Tavuk Döner,14,4.9
U1285,Sütlaç,2,4.3
U1285,Ispanak Yemeği,3,3.0
U1285,Nohut,13,3.2
U1285,Tas Kebabı,1,3.6
U1285,Fırın Tavuk,10,4.9
U1285,Kadınbudu Köfte,3,3.7
U1285,Baklava,1,4.1
U1285,Mantar Çorbası,2,4.0
U1285,Güllaç,9,4.1
U1285,Çoban Salata,7,4.9
U1285,Tarhana Çorbası,11,4.9
U1285,Zeytinyağlı Taze Fasulye,6,4.1
U1285,Patates Püresi,5,3.9
U1285,Revani,1,4.5
U1285,Makarna,4,5.0
U1285,Tavuk Sote,5,4.1
U1285,Mercimek Çorbası,4,3.5
U1285,Sezar Salata,7,4.7
U1286,Izgara Balık,10,3.8
U1286,Pırasa Yemeği,13,4.9
U1286,Baklava,14,3.5
U1286,Mercimek Köftesi,12,4.7
U1286,Mercimek Çorbası,2,3.5
U1286,Patates Salatası,10,4.0
U1286,Ton Balıklı Salata,4,3.5
U1286,Et Döner,13,4.0
U1286,Zeytinyağlı Taze Fasulye,9,3.8
U1286,İrmik Helvası,15,4.2
U1286,Çoban Salata,4,3.2
U1286,Revani,12,3.3
U1287,Tavuk Suyu Çorbası,11,3.4
U1287,Patates Kızartması,9,4.1
U1287,Et Sote,10,3.6
U1287,Sütlaç,13,4.0
U1287,Izgara Balık,14,4.6
U1288,Kazandibi,4,4.3
U1288,Sezar Salata,2,3.3
U1288,Piliç Topkapı,12,3.6
U1288,Su Böreği,3,3.6
U1288,Aşure,8,4.3
U1288,Tavuk Sote,1,4.8
U1288,Makarna,12,3.3
U1288,Sütlaç,14,3.6
U1288,Baklava,10,3.4
U1289,Patates Püresi,8,4.0
U1289,Sezar Salata,1,3.5
U1289,Tavuk Döner,12,3.7
U1289,İskender Kebap,10,4.9
U1289,Zeytinyağlı Enginar,10,4.6
U1289,Köfte,11,3.8
U1289,Tavuk Sote,15,4.8
U1289,Zeytinyağlı Sarma,6,5.0
U1289,Revani,9,3.6
U1289,Ton Balıklı Salata,10,3.8
U1289,Pırasa Yemeği,1,3.3
U1289,Hamsi Tava,14,3.0
U1289,Rus Salatası,4,3.9
U1289,Orman Kebabı,6,4.1
U1289,Bulgur Pilavı,1,3.3
U1289,Ezogelin Çorbası,15,4.5
U1290,Yayla Çorbası,14,4.7
U1290,Zeytinyağlı Sarma,1,3.3
U1290,Tavukgöğsü,5,3.4
U1290,Sebze Graten,8,3.2
U1290,Ispanak Yemeği,14,4.8
U1290,Patates Salatası,2,5.0
U1290,Mercimek Çorbası,1,4.0
U1290,Kemalpaşa,2,3.2
U1290,Gavurdağı Salata,12,4.6
U1290,Patates Kızartması,3,4.6
U1290,Mantar Çorbası,8,4.8
U1290,Kadınbudu Köfte,9,4.0
U1290,İrmik Helvası,9,3.5
U1290,İskender Kebap,7,5.0
U1290,Et Döner,14,4.8
U1290,Mevsim Salata,8,4.6
U1290,Fırın Tavuk,10,4.8
U1291,Zeytinyağlı Sarma,7,4.5
U1291,Izgara Balık,5,4.0
U1291,Mercimek Çorbası,6,4.5
U1291,İskender Kebap,5,3.9
U1291,Mevsim Salata,12,4.2
U1291,Hamsi Tava,8,3.6
U1291,Zeytinyağlı Enginar,7,4.5
U1291,Orman Kebabı,15,3.1
U1291,Ezogelin Çorbası,9,4.6
U1291,Tavukgöğsü,13,3.8
U1291,Mercimek Köftesi,5,4.5
U1292,Mercimek Köftesi,9,4.1
U1292,Domates Çorbası,13,3.9
U1292,Pırasa Yemeği,13,4.1
U1292,Fırın Tavuk,9,4.8
U1292,Sezar Salata,5,3.3
U1292,Zeytinyağlı Sarma,10,4.4
U1292,Çoban Salata,7,3.1
U1293,Mevsim Salata,10,4.7
U1293,Kuru Fasulye,5,4.8
U1293,Piliç Topkapı,12,3.9
U1293,Tavuk Şiş,11,4.5
U1293,Gavurdağı Salata,12,4.8
U1293,Ton Balıklı Salata,10,3.3
U1293,Tavukgöğsü,4,4.0
U1293,Mercimek Köftesi,10,4.5
U1293,Ispanak Yemeği,11,4.7
U1294,Baklava,8,4.2
U1294,Yayla Çorbası,14,4.5
U1294,Sezar Salata,10,4.0
U1294,Patates Salatası,13,4.8
U1294,Kadınbudu Köfte,15,3.4
U1294,Mercimek Köftesi,3,4.9
U1294,Zeytinyağlı Taze Fasulye,10,4.5
U1294,Tavuk Sote,15,3.7
U1294,Sütlaç,12,3.3
U1294,Kazandibi,15,4.9
U1294,Aşure,3,3.8
U1294,Patates Kızartması,13,3.3
U1294,Izgara Balık,2,4.3
U1294,Tavuk Şiş,2,4.6
U1294,Fırın Tavuk,2,4.3
U1294,Rus Salatası,14,4.1
U1294,Pırasa Yemeği,2,4.7
U1294,Piliç Topkapı,14,4.0
U1294,Bulgur Pilavı,10,3.3
U1295,Patates Püresi,3,4.1
U1295,Zeytinyağlı Enginar,10,3.3
U1295,Bulgur Pilavı,9,4.8
U1295,Piliç Topkapı,9,4.3
U1295,Ton Balıklı Salata,11,4.7
U1295,Tarhana Çorbası,4,4.5
U1296,Piliç Topkapı,8,4.4
U1296,Ton Balıklı Salata,6,4.2
U1296,Patates Püresi,4,3.5
U1296,Mercimek Köftesi,1,4.1
U1296,Yayla Çorbası,7,4.2
U1296,Tavuk Döner,5,3.9
U1296,Sigara Böreği,7,3.7
U1296,Ispanak Yemeği,2,3.8
U1296,Sebze Graten,10,3.6
U1296,Mercimek Çorbası,1,4.8
U1296,Rus Salatası,8,3.9
U1296,Et Sote,3,3.2
U1296,Su Böreği,4,3.0
U1297,Et Sote,9,3.4
U1297,Makarna,11,5.0
U1297,Tavuk Şiş,13,4.6
U1297,Fırın Tavuk,3,3.9
U1297,Zeytinyağlı Enginar,7,3.0
U1297,Orman Kebabı,13,3.6
U1297,Mercimek Çorbası,5,4.2
U1297,Profiterol,8,4.0
U1298,Tavuk Suyu Çorbası,13,4.5
U1298,Su Böreği,4,4.6
U1298,Revani,5,3.7
U1298,Orman Kebabı,6,4.7
U1298,İskender Kebap,8,4.7
U1298,Tavuk Döner,15,3.7
U1298,Tavuk Şiş,8,3.7
U1298,Sebze Graten,12,4.5
U1298,Bulgur Pilavı,12,3.4
U1298,Pirinç Pilavı,4,3.9
U1298,Fırın Tavuk,5,4.7
U1298,Tavukgöğsü,3,4.1
U1298,Patates Kızartması,14,4.8
U1298,Mercimek Çorbası,7,4.0
U1298,Piliç Topkapı,13,3.0
U1298,İmambayıldı,3,3.2
U1299,Zeytinyağlı Taze Fasulye,2,3.3
U1299,Kazandibi,3,4.5
U1299,Zeytinyağlı Enginar,7,3.6
U1299,Profiterol,7,4.8
U1299,Orman Kebabı,14,3.8
U1300,İrmik Helvası,11,4.0
U1300,Baklava,15,3.3
U1300,Tarhana Çorbası,11,3.4
U1300,Ezogelin Çorbası,15,3.3
U1300,Piliç Topkapı,12,3.4
U1300,Mercimek Çorbası,15,3.3
U1300,Rus Salatası,15,3.5
U1300,Izgara Balık,3,4.5
U1300,Patates Püresi,8,4.9
U1300,Pirinç Pilavı,13,3.7
U1300,Pırasa Yemeği,9,3.2
U1300,Tavuk Şiş,10,3.8
U1300,Düğün Çorbası,12,3.2
U1300,Mercimek Köftesi,14,4.5
U1300,Zeytinyağlı Taze Fasulye,12,4.0
U1300,Aşure,2,3.3
U1300,Tavukgöğsü,13,3.3
U1300,Tavuk Sote,6,3.4
U1300,Et Döner,6,3.4
U1301,Mantar Çorbası,5,3.6
U1301,Mercimek Köftesi,5,4.3
U1301,Aşure,6,3.9
U1301,Fırın Tavuk,14,3.6
U1301,Nohut,5,4.0
U1301,Kadınbudu Köfte,8,3.3
U1301,Profiterol,4,4.2
U1301,Kemalpaşa,3,4.3
U1301,Sütlaç,4,4.4
U1301,Domates Çorbası,2,4.3
U1302,Ezogelin Çorbası,8,4.7
U1302,Et Döner,1,4.8
U1302,Sütlaç,4,4.7
U1302,Sebze Graten,1,4.3
U1302,Sezar Salata,1,3.6
U1302,Yayla Çorbası,4,4.1
U1302,Pirinç Pilavı,3,3.7
U1302,Kemalpaşa,8,4.6
U1302,Makarna,13,3.4
U1302,Patates Püresi,12,3.8
U1302,Zeytinyağlı Enginar,13,4.5
U1303,Köfte,7,4.2
U1303,Piliç Topkapı,4,3.6
U1303,Çoban Salata,6,3.7
U1303,Hamsi Tava,10,4.4
U1303,Zeytinyağlı Taze Fasulye,12,5.0
U1303,Bulgur Pilavı,11,4.6
U1303,Rus Salatası,7,5.0
U1303,Mercimek Çorbası,2,4.1
U1303,Ispanak Yemeği,4,3.6
U1303,Su Böreği,15,4.1
U1303,Sütlaç,13,3.5
U1303,Et Sote,4,3.7
U1303,Sezar Salata,11,3.7
U1303,Mevsim Salata,6,3.5
U1304,Revani,2,3.7
U1304,Sebze Graten,4,3.8
U1304,İskender Kebap,2,4.8
U1304,Tavuk Döner,10,3.7
U1304,İmambayıldı,9,3.3
U1304,Izgara Balık,11,4.8
U1304,İrmik Helvası,8,4.2
U1304,Nohut,10,4.3
U1304,Tarhana Çorbası,1,4.3
U1304,Tavuk Suyu Çorbası,7,3.5
U1304,Profiterol,3,3.6
U1304,Çoban Salata,1,4.2
U1305,Tarhana Çorbası,8,3.7
U1305,Pırasa Yemeği,3,4.8
U1305,Tavuk Döner,8,3.4
U1305,Zeytinyağlı Taze Fasulye,11,3.9
U1305,Çoban Salata,7,4.5
U1305,Tavuk Sote,13,4.2
U1305,Fırın Tavuk,1,4.9
U1305,Zeytinyağlı Enginar,8,4.2
U1305,Güllaç,2,3.5
U1305,Patates Püresi,15,4.0
U1305,Yayla Çorbası,10,4.1
U1305,Makarna,13,3.8
U1305,İskender Kebap,3,3.9
U1305,Sigara Böreği,7,4.5
U1305,Sezar Salata,9,3.0
U1305,Et Sote,10,3.8
U1306,Kuru Fasulye,2,4.3
U1306,Nohut,4,3.4
U1306,Pirinç Pilavı,2,4.7
U1306,Ton Balıklı Salata,13,4.0
U1306,Mercimek Çorbası,6,3.2
U1306,Et Sote,5,3.1
U1306,Çoban Salata,5,4.7
U1306,Patates Kızartması,11,4.0
U1307,Tavuk Şiş,3,3.9
U1307,Fırın Tavuk,5,4.1
U1307,Patates Kızartması,9,4.4
U1307,Makarna,11,3.6
U1307,Sezar Salata,12,3.3
U1307,Tas Kebabı,4,3.9
U1307,Çoban Salata,4,5.0
U1307,Köfte,8,3.5
U1307,Rus Salatası,9,3.4
U1308,Tarhana Çorbası,11,3.6
U1308,Baklava,1,3.1
U1308,Makarna,13,3.2
U1308,Ezogelin Çorbası,10,4.9
U1308,Revani,7,4.4
U1308,İmambayıldı,13,3.2
U1308,Patates Salatası,5,4.8
U1308,Su Böreği,2,4.7
U1308,Kuru Fasulye,10,4.5
U1308,Pirinç Pilavı,11,3.5
U1308,Et Döner,2,4.4
U1308,Rus Salatası,10,3.1
U1308,Tas Kebabı,5,3.3
U1309,Düğün Çorbası,11,3.5
U1309,Ispanak Yemeği,4,3.6
U1309,Sütlaç,1,3.8
U1309,Nohut,11,4.2
U1309,Tavuk Suyu Çorbası,11,3.2
U1309,İrmik Helvası,5,3.9
U1310,Izgara Balık,7,3.5
U1310,İmambayıldı,12,4.9
U1310,Tavuk Şiş,11,3.7
U1310,Profiterol,8,4.6
U1310,Su Böreği,6,4.1
U1310,Ispanak Yemeği,13,3.2
U1310,Rus Salatası,12,5.0
U1310,Mevsim Salata,15,4.1
U1310,Piliç Topkapı,13,4.3
U1310,Mercimek Çorbası,6,4.8
U1310,Bulgur Pilavı,14,4.1
U1310,Hamsi Tava,13,3.2
U1310,Tas Kebabı,3,3.3
U1310,Karnıyarık,8,3.7
U1310,Zeytinyağlı Enginar,11,4.1
U1310,Pırasa Yemeği,5,4.7
U1311,Zeytinyağlı Sarma,5,4.6
U1311,Et Döner,5,3.6
U1311,Patates Kızartması,1,4.1
U1311,Yayla Çorbası,9,4.9
U1311,Çoban Salata,1,4.9
U1311,Sezar Salata,5,3.9
U1311,Orman Kebabı,9,4.7
U1312,Köfte,12,3.2
U1312,Tavuk Suyu Çorbası,12,3.4
U1312,Kadınbudu Köfte,5,4.4
U1312,Tavukgöğsü,2,4.6
U1312,Sigara Böreği,8,3.7
U1312,Izgara Balık,4,4.9
U1312,Et Sote,1,4.9
U1312,Zeytinyağlı Enginar,8,3.6
U1313,Patates Püresi,6,4.6
U1313,Kemalpaşa,12,4.8
U1313,Bulgur Pilavı,13,4.5
U1313,Ezogelin Çorbası,8,3.5
U1313,Ispanak Yemeği,13,4.2
U1313,Baklava,10,4.6
U1313,Kadınbudu Köfte,12,4.6
U1313,Et Döner,4,4.7
U1313,Tavukgöğsü,2,4.7
U1313,Tas Kebabı,10,3.1
U1313,Sebze Graten,9,4.6
U1313,Tavuk Sote,13,4.0
U1313,Mevsim Salata,14,3.6
U1313,Rus Salatası,5,4.5
U1313,İrmik Helvası,6,4.7
U1313,Karnıyarık,4,3.2
U1313,Güllaç,4,4.0
U1313,Mantar Çorbası,14,4.3
U1314,Aşure,15,3.4
U1314,Pırasa Yemeği,13,3.3
U1314,Köfte,12,3.0
U1314,Tas Kebabı,9,4.7
U1314,Yayla Çorbası,4,4.6
U1314,Sigara Böreği,5,3.0
U1314,Hamsi Tava,10,5.0
U1315,Piliç Topkapı,13,3.1
U1315,Fırın Tavuk,8,3.0
U1315,Gavurdağı Salata,1,4.5
U1315,Patates Püresi,9,3.2
U1315,Baklava,8,4.3
U1316,Tavuk Döner,15,3.6
U1316,Mercimek Çorbası,4,3.5
U1316,Patates Salatası,4,4.7
U1316,Bulgur Pilavı,14,3.4
U1316,Kuru Fasulye,5,3.6
U1316,İrmik Helvası,7,3.9
U1316,Makarna,2,3.9
U1316,Tavuk Sote,7,3.3
U1316,Tavuk Suyu Çorbası,14,3.5
U1316,Tarhana Çorbası,10,3.1
U1316,Kemalpaşa,3,4.5
U1316,Orman Kebabı,13,3.4
U1316,Pirinç Pilavı,7,4.6
U1317,Profiterol,5,3.4
U1317,Kazandibi,12,4.7
U1317,Mevsim Salata,6,4.5
U1317,Ton Balıklı Salata,8,4.4
U1317,Su Böreği,3,4.3
U1317,Rus Salatası,11,4.9
U1317,Karnıyarık,7,3.0
U1317,Çoban Salata,5,4.1
U1317,Kuru Fasulye,12,4.9
U1317,Köfte,1,4.0
U1317,Patates Püresi,15,3.1
U1317,Kadınbudu Köfte,2,4.3
U1317,Mantar Çorbası,10,3.0
U1317,Aşure,13,3.2
U1317,Izgara Balık,10,3.9
U1317,Patates Salatası,1,4.8
U1317,Güllaç,1,3.6
U1318,Rus Salatası,14,4.7
U1318,Zeytinyağlı Taze Fasulye,11,4.3
U1318,Zeytinyağlı Sarma,2,3.7
U1318,Patates Kızartması,2,4.2
U1318,Kemalpaşa,8,3.6
U1318,Bulgur Pilavı,9,4.6
U1318,Zeytinyağlı Enginar,7,4.8
U1318,Piliç Topkapı,11,4.0
U1319,Revani,11,5.0
U1319,Çoban Salata,3,5.0
U1319,Kuru Fasulye,3,3.3
U1319,Profiterol,10,4.4
U1319,Karnıyarık,2,3.6
U1319,Patates Püresi,2,3.2
U1319,Gavurdağı Salata,2,4.0
U1319,Et Döner,7,5.0
U1319,İskender Kebap,10,3.5
U1319,Zeytinyağlı Taze Fasulye,11,4.7
U1319,Patates Kızartması,4,3.8
U1319,Sezar Salata,14,3.5
U1319,Izgara Balık,12,3.4
U1319,Tavuk Döner,4,3.3
U1319,Bulgur Pilavı,6,4.0
U1320,Yayla Çorbası,12,3.8
U1320,Orman Kebabı,6,3.7
U1320,Gavurdağı Salata,13,3.9
U1320,Kuru Fasulye,9,4.3
U1320,Su Böreği,2,4.2
U1320,Kadınbudu Köfte,10,5.0
U1320,Patates Kızartması,10,4.1
U1320,Piliç Topkapı,6,4.0
U1320,Baklava,8,3.8
U1320,Et Sote,4,4.0
U1320,Tavukgöğsü,9,3.2
U1320,Mercimek Çorbası,4,4.8
U1320,İrmik Helvası,7,3.8
U1321,Piliç Topkapı,3,3.5
U1321,Orman Kebabı,11,3.3
U1321,Nohut,13,4.0
U1321,Kuru Fasulye,14,3.8
U1321,Karnıyarık,1,4.6
U1321,Pirinç Pilavı,14,4.3
U1321,Yayla Çorbası,3,3.8
U1322,Pırasa Yemeği,2,4.5
U1322,Tas Kebabı,2,3.1
U1322,Nohut,2,3.5
U1322,Mantar Çorbası,10,4.8
U1322,Mercimek Çorbası,11,3.2
U1322,Sebze Graten,8,4.8
U1322,Tavukgöğsü,9,4.2
U1322,Tavuk Şiş,6,4.9
U1322,Çoban Salata,13,3.1
U1322,Köfte,10,3.9
U1322,Fırın Tavuk,2,3.4
U1322,Patates Püresi,6,4.8
U1323,Aşure,13,4.6
U1323,Et Sote,2,3.3
U1323,Fırın Tavuk,9,4.5
U1323,Zeytinyağlı Sarma,13,4.2
U1323,Izgara Balık,3,3.5
U1323,Mercimek Çorbası,4,4.9
U1324,Tavuk Suyu Çorbası,15,3.3
U1324,Yayla Çorbası,15,4.8
U1324,Sigara Böreği,8,4.1
U1324,Ispanak Yemeği,12,3.8
U1324,Su Böreği,5,4.3
U1324,Sezar Salata,2,3.0
U1324,Tavukgöğsü,1,3.1
U1324,Profiterol,9,3.8
U1324,İmambayıldı,2,3.6
U1324,Patates Püresi,12,5.0
U1324,Mevsim Salata,8,3.1
U1324,Revani,5,4.7
U1324,Tarhana Çorbası,13,4.0
U1324,Tavuk Şiş,13,3.8
U1324,Patates Salatası,8,4.4
U1324,Mercimek Çorbası,6,4.5
U1324,Zeytinyağlı Sarma,2,3.3
U1324,İskender Kebap,14,4.9
U1324,Düğün Çorbası,4,3.0
U1325,Kuru Fasulye,8,4.1
U1325,Zeytinyağlı Taze Fasulye,3,4.7
U1325,Tavuk Döner,8,4.1
U1325,Sigara Böreği,15,3.9
U1325,Hamsi Tava,10,4.0
U1325,Tavuk Şiş,4,4.4
U1325,Pirinç Pilavı,10,3.6
U1325,Çoban Salata,10,4.3
U1325,Baklava,3,4.4
U1326,Çoban Salata,3,3.1
U1326,Tarhana Çorbası,13,3.6
U1326,Mantar Çorbası,6,4.6
U1326,Tavuk Suyu Çorbası,11,3.7
U1326,Patates Kızartması,13,3.6
U1326,Fırın Tavuk,4,3.1
U1326,Sezar Salata,4,4.6
U1326,Et Sote,12,3.7
U1326,Ispanak Yemeği,15,3.3
U1326,Tas Kebabı,9,4.1
U1326,Sebze Graten,5,3.7
U1326,İskender Kebap,9,4.3
U1326,Ezogelin Çorbası,13,3.6
U1326,Zeytinyağlı Enginar,14,3.8
U1326,Kazandibi,15,3.5
U1326,Orman Kebabı,11,3.8
U1326,Güllaç,15,4.1
U1326,Revani,2,4.2
U1327,Mantar Çorbası,6,4.2
U1327,Profiterol,5,3.6
U1327,Tavuk Şiş,10,4.5
U1327,Çoban Salata,12,4.4
U1327,Piliç Topkapı,2,3.2
U1327,Güllaç,3,3.4
U1327,Mevsim Salata,13,4.6
U1327,Nohut,6,3.3
U1327,Gavurdağı Salata,10,4.9
U1327,Fırın Tavuk,14,3.7
U1327,Patates Kızartması,1,4.0
U1327,Sigara Böreği,2,3.5
U1327,Tavukgöğsü,5,3.8
U1327,Düğün Çorbası,11,4.8
U1327,Kemalpaşa,6,3.0
U1327,Pırasa Yemeği,3,3.2
U1327,Sütlaç,5,3.3
U1327,Baklava,4,4.6
U1327,Izgara Balık,6,4.9
U1328,Tas Kebabı,5,4.2
U1328,Kazandibi,3,4.1
U1328,Profiterol,14,4.9
U1328,Ton Balıklı Salata,12,3.6
U1328,Zeytinyağlı Enginar,4,3.0
U1328,Tavuk Suyu Çorbası,9,3.8
U1328,Düğün Çorbası,2,4.7
U1328,Revani,5,4.8
U1328,Et Sote,8,3.5
U1328,Köfte,12,3.4
U1328,Tavuk Sote,10,5.0
U1328,Güllaç,14,3.4
U1328,Domates Çorbası,5,3.3
U1328,Bulgur Pilavı,6,4.1
U1328,Tavuk Döner,5,3.2
U1328,Ezogelin Çorbası,2,3.2
U1328,Nohut,13,3.9
U1328,Sebze Graten,11,3.1
U1328,Baklava,10,4.8
U1328,Yayla Çorbası,7,4.2
U1329,Makarna,3,3.4
U1329,Patates Kızartması,3,4.1
U1329,Tavuk Şiş,4,4.5
U1329,Nohut,9,4.8
U1329,Hamsi Tava,5,4.5
U1329,Köfte,14,3.4
U1329,Sebze Graten,8,3.2
U1330,İrmik Helvası,13,5.0
U1330,Aşure,3,3.8
U1330,Piliç Topkapı,8,4.3
U1330,İskender Kebap,11,3.8
U1330,Patates Kızartması,5,3.1
U1330,Et Döner,12,3.6
U1330,Tarhana Çorbası,7,4.4
U1330,Ispanak Yemeği,11,4.0
U1330,Sütlaç,14,4.7
U1330,Tavuk Sote,5,4.4
U1330,Patates Salatası,1,4.3
U1331,Pirinç Pilavı,14,4.0
U1331,Baklava,15,4.3
U1331,Patates Salatası,13,3.3
U1331,Orman Kebabı,7,3.4
U1331,Düğün Çorbası,6,4.2
U1331,Ispanak Yemeği,10,3.8
U1331,Yayla Çorbası,1,5.0
U1331,Kemalpaşa,7,4.0
U1331,Revani,3,4.0
U1331,Pırasa Yemeği,13,3.1
U1331,Sebze Graten,2,3.9
U1332,Kemalpaşa,2,3.8
U1332,Tavuk Suyu Çorbası,3,4.3
U1332,Patates Salatası,10,3.1
U1332,Sigara Böreği,3,3.2
U1332,Patates Püresi,12,4.8
U1332,Pırasa Yemeği,8,3.3
U1332,Profiterol,11,3.2
U1332,Yayla Çorbası,2,4.3
U1332,Rus Salatası,7,4.3
U1332,Et Sote,11,4.4
U1332,Ezogelin Çorbası,2,3.0
U1332,Et Döner,8,3.0
U1332,Makarna,15,4.7
U1332,Tas Kebabı,15,4.1
U1333,Mantar Çorbası,1,3.2
U1333,Tavuk Döner,5,4.6
U1333,Mercimek Çorbası,8,3.3
U1333,Et Sote,9,3.7
U1333,Tavuk Şiş,8,4.7
U1333,Sebze Graten,9,3.3
U1333,Zeytinyağlı Sarma,11,3.4
U1333,Tavukgöğsü,1,3.9
U1333,Tarhana Çorbası,11,3.1
U1333,Mevsim Salata,9,4.3
U1333,Güllaç,4,3.8
U1333,Nohut,8,3.7
U1333,Aşure,12,3.8
U1333,Orman Kebabı,7,5.0
U1333,Patates Kızartması,10,3.5
U1333,Ispanak Yemeği,9,3.0
U1334,Tavuk Döner,10,3.1
U1334,Piliç Topkapı,2,3.2
U1334,Mevsim Salata,10,3.3
U1334,Köfte,1,4.0
U1334,Tavuk Sote,9,4.6
U1334,Sigara Böreği,9,4.8
U1334,Karnıyarık,14,4.8
U1334,Tavukgöğsü,12,5.0
U1335,Kazandibi,4,3.9
U1335,Sütlaç,1,4.2
U1335,Tas Kebabı,1,4.4
U1335,Profiterol,1,5.0
U1335,Tavukgöğsü,11,3.8
U1335,Çoban Salata,3,4.2
U1335,Et Döner,12,4.8
U1335,Et Sote,10,4.3
U1335,Nohut,11,4.2
U1335,Kadınbudu Köfte,14,3.7
U1335,Baklava,12,4.4
U1335,Bulgur Pilavı,15,3.4
U1336,Karnıyarık,14,3.8
U1336,Bulgur Pilavı,11,3.5
U1336,Gavurdağı Salata,3,3.1
U1336,İrmik Helvası,1,4.7
U1336,Tavuk Suyu Çorbası,4,4.7
U1336,Zeytinyağlı Taze Fasulye,7,4.5
U1336,Tavukgöğsü,14,4.8
U1336,Kadınbudu Köfte,11,3.5
U1336,Patates Püresi,12,4.3
U1336,Sezar Salata,1,4.8
U1336,Sütlaç,11,4.3
U1336,Mercimek Köftesi,6,4.2
U1337,Tavuk Şiş,12,4.3
U1337,Kemalpaşa,10,3.0
U1337,Piliç Topkapı,14,4.4
U1337,Düğün Çorbası,3,4.6
U1337,Sigara Böreği,1,3.8
U1337,Güllaç,2,3.7
U1337,Kuru Fasulye,7,4.1
U1337,Kadınbudu Köfte,11,3.2
U1337,Mercimek Köftesi,13,3.7
U1337,Et Döner,6,4.8
U1337,Revani,4,5.0
U1337,Köfte,11,4.4
U1337,Baklava,6,3.7
U1337,Makarna,8,4.8
U1337,İmambayıldı,9,4.7
U1337,İrmik Helvası,15,4.2
U1337,Patates Püresi,8,4.9
U1338,Su Böreği,12,4.1
U1338,Kemalpaşa,7,4.7
U1338,Patates Salatası,7,3.3
U1338,Ispanak Yemeği,5,3.6
U1338,Sezar Salata,9,4.1
U1338,Yayla Çorbası,1,4.8
U1338,Tavuk Şiş,15,3.9
U1338,Sigara Böreği,7,4.5
U1338,Sütlaç,13,3.2
U1338,Mercimek Köftesi,11,4.5
U1338,Aşure,1,4.8
U1338,Et Döner,2,4.1
U1338,Tavuk Suyu Çorbası,6,3.5
U1338,Mevsim Salata,10,3.1
U1338,Düğün Çorbası,5,3.4
U1338,Ton Balıklı Salata,4,3.4
U1339,Zeytinyağlı Enginar,5,3.2
U1339,Tavuk Suyu Çorbası,10,4.8
U1339,Kuru Fasulye,5,3.8
U1339,Zeytinyağlı Taze Fasulye,3,4.9
U1339,Kemalpaşa,7,4.0
U1339,Pirinç Pilavı,3,4.7
U1339,Karnıyarık,11,4.5
U1339,Tavukgöğsü,14,4.0
U1339,Sebze Graten,11,3.6
U1339,Zeytinyağlı Sarma,8,4.5
U1339,Patates Salatası,6,4.9
U1339,Mantar Çorbası,1,4.9
U1339,Sigara Böreği,4,4.2
U1339,Fırın Tavuk,2,3.7
U1339,Hamsi Tava,13,4.3
U1340,Tas Kebabı,15,4.1
U1340,Et Döner,7,4.9
U1340,Sebze Graten,13,3.7
U1340,Zeytinyağlı Enginar,5,3.3
U1340,Aşure,3,3.4
U1340,Hamsi Tava,13,3.8
U1340,Nohut,11,4.1
U1340,Tarhana Çorbası,6,4.1
U1340,Rus Salatası,8,4.5
U1340,Pırasa Yemeği,14,4.6
U1340,Tavukgöğsü,12,4.2
U1340,Et Sote,12,4.0
U1340,Kemalpaşa,12,3.0
U1340,Revani,10,4.3
U1341,Düğün Çorbası,2,4.9
U1341,Yayla Çorbası,5,4.8
U1341,Tavuk Döner,8,3.3
U1341,Et Sote,4,4.8
U1341,Makarna,8,4.6
U1341,Mercimek Köftesi,3,4.9
U1341,Ezogelin Çorbası,5,3.3
U1341,Revani,9,3.8
U1341,Kazandibi,2,4.4
U1341,Mantar Çorbası,4,4.4
U1341,Nohut,5,3.8
U1341,Et Döner,11,3.4
U1341,Ton Balıklı Salata,11,4.2
U1341,Rus Salatası,13,3.8
U1341,Su Böreği,2,4.0
U1341,Bulgur Pilavı,10,4.9
U1341,Tas Kebabı,2,3.7
U1341,Zeytinyağlı Taze Fasulye,8,3.8
U1341,Hamsi Tava,5,3.4
U1341,Mevsim Salata,14,3.7
U1342,Sigara Böreği,8,4.3
U1342,Pirinç Pilavı,14,3.5
U1342,Profiterol,11,4.3
U1342,Et Sote,5,3.9
U1342,Sezar Salata,4,3.1
U1342,Kazandibi,5,3.4
U1342,Et Döner,7,4.5
U1342,Mercimek Köftesi,2,4.9
U1342,Ezogelin Çorbası,5,3.8
U1342,İmambayıldı,4,3.4
U1342,Patates Kızartması,9,4.5
U1342,Nohut,10,4.6
U1342,Tavuk Suyu Çorbası,8,4.1
U1342,Rus Salatası,5,3.8
U1342,Fırın Tavuk,6,4.7
U1343,Tarhana Çorbası,9,3.7
U1343,Fırın Tavuk,5,4.8
U1343,Zeytinyağlı Enginar,14,3.5
U1343,Kemalpaşa,2,3.4
U1343,Mevsim Salata,9,3.3
U1343,Hamsi Tava,14,4.4
U1343,Rus Salatası,15,4.4
U1343,Makarna,1,3.6
U1343,Tavuk Şiş,11,4.4
U1343,Sebze Graten,15,3.7
U1343,Pırasa Yemeği,8,4.0
U1343,Et Sote,9,3.2
U1343,Güllaç,5,4.9
U1343,Profiterol,9,4.1
U1343,Tas Kebabı,15,3.1
U1343,Ton Balıklı Salata,7,3.6
U1343,Ezogelin Çorbası,1,3.5
U1344,Sütlaç,7,3.1
U1344,Kemalpaşa,4,3.4
U1344,Tavukgöğsü,15,3.2
U1344,Kadınbudu Köfte,4,4.7
U1344,Orman Kebabı,5,3.5
U1344,İskender Kebap,5,3.3
U1344,Revani,6,4.7
U1344,Sigara Böreği,9,3.3
U1344,Güllaç,12,4.5
U1345,Nohut,1,3.7
U1345,Zeytinyağlı Enginar,10,3.8
U1345,Zeytinyağlı Sarma,9,3.2
U1345,Bulgur Pilavı,12,3.1
U1345,Yayla Çorbası,10,4.3
U1345,Patates Kızartması,3,4.1
U1345,Zeytinyağlı Taze Fasulye,5,4.4
U1345,Sebze Graten,6,3.5
U1345,Kemalpaşa,4,3.3
U1345,Ezogelin Çorbası,11,3.2
U1345,Tavuk Döner,9,4.4
U1345,Rus Salatası,15,3.8
U1345,Güllaç,9,3.9
U1345,Tavuk Sote,4,3.7
U1345,Ton Balıklı Salata,14,3.8
U1345,Makarna,2,4.7
U1345,Gavurdağı Salata,10,4.6
U1346,Zeytinyağlı Sarma,11,3.3
U1346,Ispanak Yemeği,13,4.8
U1346,Zeytinyağlı Enginar,11,3.4
U1346,Domates Çorbası,14,3.7
U1346,Su Böreği,13,3.4
U1346,Mevsim Salata,10,4.4
U1346,Mercimek Köftesi,11,3.8
U1346,İskender Kebap,2,4.8
U1346,İrmik Helvası,7,3.1
U1346,Kuru Fasulye,12,4.2
U1346,Patates Salatası,11,4.3
U1346,Yayla Çorbası,15,4.0
U1346,Et Sote,6,5.0
U1346,Ezogelin Çorbası,12,3.2
U1347,Sigara Böreği,6,3.3
U1347,İskender Kebap,12,3.7
U1347,Piliç Topkapı,4,4.7
U1347,Ezogelin Çorbası,1,4.3
U1347,Kuru Fasulye,5,3.6
U1347,Et Döner,6,3.3
U1347,Et Sote,5,4.8
U1347,Ispanak Yemeği,9,3.6
U1347,Tavuk Döner,7,4.8
U1347,Su Böreği,8,4.0
U1348,Patates Kızartması,8,3.1
U1348,Ispanak Yemeği,8,4.7
U1348,Izgara Balık,9,4.0
U1348,Rus Salatası,3,4.8
U1348,Düğün Çorbası,13,4.1
U1349,Karnıyarık,14,3.6
U1349,Piliç Topkapı,5,3.6
U1349,Tavukgöğsü,12,4.1
U1349,Aşure,4,4.0
U1349,Sezar Salata,6,3.3
U1349,Fırın Tavuk,5,4.7
U1349,Su Böreği,4,3.3
U1349,Tarhana Çorbası,6,3.8
U1349,Mercimek Çorbası,1,3.4
U1349,Kadınbudu Köfte,14,3.3
U1349,Patates Salatası,15,4.8
U1349,Güllaç,1,4.8
U1349,Revani,10,3.2
U1350,Tavukgöğsü,7,4.7
U1350,Makarna,2,4.4
U1350,Izgara Balık,12,3.8
U1350,Kadınbudu Köfte,9,4.4
U1350,Pirinç Pilavı,15,4.1
U1350,Hamsi Tava,13,4.6
U1350,Et Sote,4,4.8
U1350,Tas Kebabı,6,3.9
U1350,Sezar Salata,9,3.2
U1350,Kazandibi,15,4.3
U1350,Kuru Fasulye,3,4.1
U1350,Fırın Tavuk,8,4.1
U1350,Aşure,15,4.7
U1350,Mevsim Salata,15,4.1
U1350,Patates Püresi,11,3.7
U1350,Tarhana Çorbası,6,4.8
U1350,Tavuk Döner,14,4.8
U1351,Domates Çorbası,3,3.1
U1351,Makarna,2,4.7
U1351,Mercimek Köftesi,10,4.6
U1351,Patates Salatası,2,4.8
U1351,Zeytinyağlı Enginar,8,4.9
U1351,Kuru Fasulye,9,3.2
U1351,Tarhana Çorbası,15,3.7
U1351,Tas Kebabı,12,4.5
U1351,Tavuk Döner,1,3.4
U1351,Hamsi Tava,14,4.1
U1351,Fırın Tavuk,5,4.2
U1351,Tavukgöğsü,12,3.2
U1351,Çoban Salata,5,4.1
U1351,Rus Salatası,15,3.6
U1351,Sezar Salata,7,4.3
U1351,Pırasa Yemeği,5,4.0
U1351,Zeytinyağlı Taze Fasulye,1,3.6
U1351,Zeytinyağlı Sarma,15,3.4
U1351,İrmik Helvası,13,3.1
U1352,Zeytinyağlı Enginar,15,3.5
U1352,Tavukgöğsü,9,4.7
U1352,Köfte,12,4.5
U1352,Profiterol,3,3.3
U1352,Çoban Salata,15,3.6
U1352,Zeytinyağlı Taze Fasulye,7,4.3
U1352,Gavurdağı Salata,15,3.5
U1352,Kazandibi,9,4.3
U1353,Ezogelin Çorbası,10,4.4
U1353,Et Sote,11,3.2
U1353,Düğün Çorbası,7,5.0
U1353,Baklava,12,3.5
U1353,Zeytinyağlı Enginar,14,3.8
U1353,Fırın Tavuk,11,4.0
U1353,İrmik Helvası,7,3.2
U1353,Tas Kebabı,11,4.8
U1353,Karnıyarık,15,4.9
U1353,Kuru Fasulye,11,4.9
U1353,Kadınbudu Köfte,10,4.5
U1353,Revani,5,4.3
U1353,Tarhana Çorbası,13,3.2
U1353,Zeytinyağlı Taze Fasulye,12,3.9
U1353,Yayla Çorbası,2,3.4
U1354,Köfte,7,4.2
U1354,Et Sote,8,4.9
U1354,Kazandibi,10,4.9
U1354,Nohut,7,4.7
U1354,Tavuk Sote,6,4.0
U1354,Mevsim Salata,3,3.4
U1354,Patates Püresi,1,4.8
U1354,Ezogelin Çorbası,11,4.2
U1354,Zeytinyağlı Taze Fasulye,6,3.0
U1354,Sebze Graten,13,3.8
U1355,Patates Salatası,9,4.5
U1355,İmambayıldı,11,3.3
U1355,Tavukgöğsü,4,3.2
U1355,Ezogelin Çorbası,2,4.4
U1355,Et Döner,10,3.8
U1356,Tavuk Sote,4,3.2
U1356,Tavuk Suyu Çorbası,8,3.3
U1356,Piliç Topkapı,6,4.6
U1356,Orman Kebabı,8,4.0
U1356,Izgara Balık,13,3.4
U1356,İskender Kebap,11,3.4
U1356,Sütlaç,12,4.7
U1356,Nohut,10,4.9
U1356,Baklava,15,4.3
U1356,İmambayıldı,10,3.6
U1356,Mercimek Köftesi,3,3.4
U1356,Ton Balıklı Salata,9,3.3
U1356,Bulgur Pilavı,8,4.5
U1356,Patates Kızartması,11,4.2
U1356,Mevsim Salata,6,4.4
U1356,Et Sote,3,4.1
U1356,Tavukgöğsü,5,4.5
U1356,Mantar Çorbası,7,4.7
U1357,Kadınbudu Köfte,4,3.3
U1357,Ton Balıklı Salata,6,4.3
U1357,Baklava,5,3.1
U1357,Tarhana Çorbası,12,4.8
U1357,Orman Kebabı,1,4.7
U1357,Yayla Çorbası,6,3.2
U1357,Hamsi Tava,8,3.6
U1358,Mantar Çorbası,9,3.1
U1358,Kemalpaşa,9,3.5
U1358,Zeytinyağlı Enginar,12,3.5
U1358,Ispanak Yemeği,15,4.5
U1358,Hamsi Tava,1,4.9
U1358,Makarna,11,4.7
U1358,Tavuk Döner,15,4.4
U1358,Piliç Topkapı,3,3.6
U1358,Sezar Salata,13,4.4
U1358,Su Böreği,7,4.6
U1358,Sebze Graten,2,4.9
U1358,Mercimek Köftesi,4,3.1
U1358,Patates Salatası,15,4.3
U1358,Sigara Böreği,13,3.3
U1358,Gavurdağı Salata,4,4.3
U1358,Ton Balıklı Salata,8,4.5
U1359,Zeytinyağlı Enginar,1,3.2
U1359,Mantar Çorbası,3,4.3
U1359,Patates Salatası,9,4.1
U1359,Revani,7,4.9
U1359,Kadınbudu Köfte,11,4.1
U1359,Patates Kızartması,3,4.7
U1359,Pırasa Yemeği,1,3.7
U1359,Tavuk Döner,6,3.7
U1359,Bulgur Pilavı,6,4.2
U1360,Aşure,14,3.2
U1360,Fırın Tavuk,2,4.0
U1360,Bulgur Pilavı,7,4.3
U1360,Mevsim Salata,15,4.7
U1360,Zeytinyağlı Enginar,7,3.4
U1361,Kemalpaşa,9,4.9
U1361,Düğün Çorbası,7,3.7
U1361,Ezogelin Çorbası,12,3.6
U1361,Aşure,4,4.1
U1361,Domates Çorbası,7,4.9
U1361,Tavuk Döner,6,3.4
U1361,Mercimek Çorbası,15,4.8
U1361,Sebze Graten,13,4.0
U1361,Kazandibi,10,3.3
U1361,Pirinç Pilavı,9,4.4
U1361,Tavukgöğsü,6,3.1
U1361,Ispanak Yemeği,2,4.4
U1361,Piliç Topkapı,15,4.5
U1361,Tavuk Sote,9,3.4
U1361,Tavuk Şiş,1,3.3
U1361,İmambayıldı,1,3.8
U1362,Domates Çorbası,14,4.4
U1362,Ispanak Yemeği,5,3.2
U1362,Tavuk Suyu Çorbası,2,4.9
U1362,Et Sote,1,3.2
U1362,Bulgur Pilavı,12,3.9
U1362,İrmik Helvası,14,3.5
U1362,Tarhana Çorbası,13,3.5
U1362,Su Böreği,11,4.6
U1362,Pirinç Pilavı,1,3.9
U1362,Gavurdağı Salata,8,3.7
U1362,Aşure,13,4.8
U1362,Kadınbudu Köfte,5,4.3
U1362,Fırın Tavuk,14,3.4
U1362,Sütlaç,4,3.1
U1362,Tavuk Sote,3,3.1
U1362,Orman Kebabı,2,3.1
U1363,Baklava,13,4.9
U1363,Sebze Graten,2,3.2
U1363,Tarhana Çorbası,6,4.2
U1363,Et Sote,1,4.0
U1363,Rus Salatası,10,4.1
U1363,Yayla Çorbası,3,4.7
U1363,Profiterol,1,4.9
U1364,Fırın Tavuk,9,4.6
U1364,Tavuk Döner,2,3.1
U1364,Ezogelin Çorbası,2,4.1
U1364,Mevsim Salata,14,3.5
U1364,Piliç Topkapı,10,4.3
U1364,Patates Salatası,11,4.4
U1364,Patates Püresi,2,3.1
U1364,İmambayıldı,5,4.3
U1364,Domates Çorbası,5,3.7
U1364,Tavuk Şiş,14,4.6
U1365,Pirinç Pilavı,2,4.8
U1365,Kemalpaşa,14,4.8
U1365,Profiterol,11,3.5
U1365,Izgara Balık,5,4.1
U1365,Tas Kebabı,13,3.1
U1365,Mevsim Salata,6,3.5
U1365,Mercimek Köftesi,13,3.8
U1365,Tavuk Sote,14,3.5
U1365,İskender Kebap,5,3.6
U1365,Gavurdağı Salata,7,3.9
U1365,Fırın Tavuk,11,3.5
U1365,Tavuk Suyu Çorbası,5,4.5
U1365,İmambayıldı,6,3.4
U1365,Aşure,15,3.2
U1365,Zeytinyağlı Taze Fasulye,6,4.2
U1366,Patates Püresi,15,4.5
U1366,Rus Salatası,15,4.5
U1366,Revani,5,4.7
U1366,Orman Kebabı,12,3.5
U1366,Köfte,2,3.8
U1366,Piliç Topkapı,13,3.3
U1366,Tarhana Çorbası,12,3.2
U1366,Gavurdağı Salata,7,4.9
U1366,Et Döner,14,3.4
U1366,Ton Balıklı Salata,9,4.8
U1366,Et Sote,6,4.8
U1367,Sigara Böreği,14,4.0
U1367,Yayla Çorbası,11,3.7
U1367,Piliç Topkapı,12,4.0
U1367,Rus Salatası,8,3.1
U1367,Mercimek Köftesi,10,4.3
U1367,Kuru Fasulye,14,3.7
U1367,Fırın Tavuk,4,4.8
U1367,Çoban Salata,8,3.2
U1367,İmambayıldı,6,4.2
U1367,Mevsim Salata,14,3.8
U1367,Sütlaç,11,3.3
U1367,Nohut,8,3.1
U1367,Patates Salatası,15,3.3
U1367,Profiterol,1,3.0
U1367,Izgara Balık,10,3.9
U1367,Karnıyarık,11,4.3
U1368,Tavuk Suyu Çorbası,1,4.6
U1368,İskender Kebap,9,3.2
U1368,Tavuk Sote,7,4.5
U1368,Tas Kebabı,12,3.1
U1368,Piliç Topkapı,15,3.1
U1368,Patates Salatası,11,5.0
U1368,Sezar Salata,6,4.2
U1368,Köfte,9,4.1
U1368,Hamsi Tava,8,5.0
U1368,Et Sote,8,3.0
U1368,Düğün Çorbası,10,4.7
U1368,Baklava,12,4.2
U1368,Fırın Tavuk,4,4.7
U1368,Sütlaç,9,4.8
U1368,Tavuk Şiş,12,3.9
U1368,Nohut,8,3.5
U1368,Çoban Salata,15,4.5
U1368,Mercimek Köftesi,7,4.8
U1369,Kemalpaşa,10,4.6
U1369,Yayla Çorbası,2,3.6
U1369,Domates Çorbası,10,3.6
U1369,Karnıyarık,7,4.3
U1369,Revani,15,4.0
U1369,Kadınbudu Köfte,15,4.1
U1369,Mevsim Salata,7,3.4
U1369,Nohut,11,4.2
U1369,Sütlaç,10,3.3
U1370,Sigara Böreği,12,3.5
U1370,Patates Salatası,3,4.8
U1370,Mevsim Salata,15,4.0
U1370,Tavuk Şiş,14,3.4
U1370,Ton Balıklı Salata,6,4.5
U1370,Rus Salatası,11,4.6
U1370,Makarna,12,5.0
U1370,Tarhana Çorbası,10,3.9
U1370,Ezogelin Çorbası,5,4.0
U1370,Tas Kebabı,13,5.0
U1370,Aşure,9,5.0
U1370,Pirinç Pilavı,2,3.4
U1370,Pırasa Yemeği,12,4.7
U1370,Bulgur Pilavı,14,4.4
U1370,Zeytinyağlı Enginar,14,4.4
U1370,Sütlaç,10,4.6
U1370,İrmik Helvası,7,4.9
U1370,Su Böreği,4,4.2
U1370,Yayla Çorbası,3,4.8
U1371,Nohut,5,3.3
U1371,Aşure,8,3.8
U1371,Su Böreği,15,3.6
U1371,Sezar Salata,5,3.1
U1371,Yayla Çorbası,14,3.2
U1371,Domates Çorbası,13,3.5
U1371,Et Sote,13,3.9
U1371,Zeytinyağlı Enginar,11,3.5
U1371,Revani,15,4.9
U1371,Patates Kızartması,2,4.8
U1372,Ton Balıklı Salata,13,4.3
U1372,Yayla Çorbası,11,3.6
U1372,Piliç Topkapı,6,3.0
U1372,Rus Salatası,11,3.7
U1372,Tavuk Suyu Çorbası,8,4.8
U1372,Çoban Salata,2,3.4
U1372,Fırın Tavuk,14,4.9
U1372,Sigara Böreği,14,3.3
U1372,Tavuk Sote,10,3.7
U1372,Düğün Çorbası,14,4.5
U1372,Et Sote,3,3.9
U1372,İrmik Helvası,14,5.0
U1372,İmambayıldı,6,4.9
U1372,Tavuk Şiş,13,3.0
U1373,Zeytinyağlı Sarma,4,3.4
U1373,İskender Kebap,14,4.6
U1373,Kemalpaşa,1,3.3
U1373,Tavuk Döner,2,3.7
U1373,Bulgur Pilavı,15,4.1
U1373,Tavuk Suyu Çorbası,2,4.4
U1373,Tarhana Çorbası,11,4.7
U1373,Tas Kebabı,10,4.8
U1373,İrmik Helvası,1,4.5
U1373,Güllaç,12,3.9
U1373,Tavuk Sote,7,4.1
U1373,Sütlaç,14,4.9
U1373,Kuru Fasulye,3,4.7
U1373,Karnıyarık,15,4.6
U1373,Domates Çorbası,7,3.1
U1373,Hamsi Tava,14,4.7
U1373,Tavuk Şiş,13,4.5
U1373,Yayla Çorbası,12,3.7
U1373,Ton Balıklı Salata,15,3.3
U1373,Nohut,7,3.8
U1374,Ton Balıklı Salata,13,3.6
U1374,Sezar Salata,15,3.4
U1374,Zeytinyağlı Enginar,13,4.8
U1374,Zeytinyağlı Sarma,1,4.5
U1374,Güllaç,2,4.3
U1374,Patates Kızartması,10,4.2
U1374,Tarhana Çorbası,11,3.1
U1374,Tavuk Sote,10,3.8
U1374,Düğün Çorbası,11,3.9
U1374,Karnıyarık,8,3.5
U1374,Ispanak Yemeği,8,3.1
U1374,Mantar Çorbası,6,3.2
U1374,Fırın Tavuk,12,4.8
U1374,Gavurdağı Salata,7,3.9
U1374,Yayla Çorbası,15,3.8
U1374,Sigara Böreği,7,3.6
U1375,Patates Kızartması,5,4.5
U1375,Sigara Böreği,5,3.8
U1375,Mantar Çorbası,12,3.8
U1375,Çoban Salata,2,3.8
U1375,İmambayıldı,10,3.2
U1375,Bulgur Pilavı,2,3.9
U1375,Tas Kebabı,4,3.8
U1375,Hamsi Tava,4,4.3
U1375,Et Sote,1,4.2
U1375,Tavuk Döner,8,3.2
U1375,Su Böreği,15,3.4
U1375,Sütlaç,13,4.7
U1376,Sezar Salata,13,3.4
U1376,Patates Kızartması,2,4.0
U1376,Bulgur Pilavı,11,3.2
U1376,Zeytinyağlı Taze Fasulye,5,3.3
U1376,Baklava,3,4.8
U1376,Zeytinyağlı Sarma,2,4.7
U1377,Zeytinyağlı Taze Fasulye,2,4.2
U1377,Tavuk Döner,11,4.3
U1377,Et Döner,12,4.8
U1377,Patates Kızartması,14,4.4
U1377,Kuru Fasulye,4,4.2
U1377,Ton Balıklı Salata,6,3.0
U1377,Et Sote,13,4.5
U1377,Bulgur Pilavı,7,3.7
U1377,Domates Çorbası,5,3.1
U1377,Sütlaç,14,4.6
U1377,Çoban Salata,12,3.6
U1377,Güllaç,2,4.3
U1377,Izgara Balık,11,4.9
U1377,Revani,13,4.7
U1377,Tavukgöğsü,12,4.1
U1377,Gavurdağı Salata,2,4.9
U1378,Revani,10,3.1
U1378,Mercimek Köftesi,12,3.4
U1378,Tavuk Sote,2,3.4
U1378,Nohut,6,3.4
U1378,Pırasa Yemeği,1,4.0
U1379,Rus Salatası,4,4.2
U1379,Mevsim Salata,9,3.6
U1379,Patates Püresi,5,4.7
U1379,Fırın Tavuk,5,4.3
U1379,Tavuk Sote,14,4.3
U1379,Hamsi Tava,2,4.6
U1379,Güllaç,7,4.1
U1379,Kadınbudu Köfte,8,4.7
U1379,Et Döner,15,3.9
U1379,Tavuk Şiş,6,3.4
U1379,Su Böreği,9,3.6
U1379,Mercimek Çorbası,7,3.3
U1379,Piliç Topkapı,5,3.7
U1379,İskender Kebap,15,4.0
U1379,Profiterol,8,3.0
U1379,Zeytinyağlı Sarma,11,4.7
U1379,Izgara Balık,6,3.1
U1379,Tavukgöğsü,1,3.5
U1379,Et Sote,10,4.3
U1379,Domates Çorbası,7,4.4
U1380,Sütlaç,5,4.9
U1380,Kadınbudu Köfte,1,4.6
U1380,Yayla Çorbası,5,4.1
U1380,Kazandibi,9,3.2
U1380,Patates Püresi,13,4.5
U1380,Izgara Balık,14,4.5
U1381,Rus Salatası,6,4.8
U1381,Güllaç,5,4.2
U1381,Tas Kebabı,2,4.5
U1381,Patates Püresi,8,3.6
U1381,Çoban Salata,2,3.4
U1381,Tarhana Çorbası,11,3.5
U1382,Su Böreği,13,3.5
U1382,Karnıyarık,13,4.3
U1382,Gavurdağı Salata,13,4.1
U1382,Rus Salatası,10,4.0
U1382,Pirinç Pilavı,4,4.4
U1382,Kadınbudu Köfte,8,4.5
U1382,Mevsim Salata,8,3.8
U1382,Pırasa Yemeği,6,4.8
U1382,Hamsi Tava,8,4.6
U1382,Tavuk Suyu Çorbası,15,3.2
U1382,Mercimek Köftesi,11,5.0
U1382,Sütlaç,11,4.9
U1382,Patates Salatası,4,4.3
U1382,Kuru Fasulye,12,3.7
U1382,Tavuk Şiş,5,3.7
U1382,Et Sote,2,3.8
U1382,Çoban Salata,15,3.0
U1383,Zeytinyağlı Enginar,11,3.3
U1383,Fırın Tavuk,14,3.2
U1383,Profiterol,9,4.8
U1383,İmambayıldı,15,3.8
U1383,Aşure,2,3.0
U1383,Sezar Salata,6,3.6
U1383,Gavurdağı Salata,11,4.9
U1383,Tavukgöğsü,3,3.1
U1383,Tarhana Çorbası,13,4.0
U1383,Baklava,11,4.3
U1383,Tavuk Şiş,3,4.2
U1383,Karnıyarık,5,4.5
U1383,İrmik Helvası,14,3.8
U1384,Sigara Böreği,6,4.3
U1384,Yayla Çorbası,9,3.1
U1384,Patates Kızartması,11,4.0
U1384,Patates Püresi,15,4.8
U1384,Aşure,4,3.1
U1384,Tavukgöğsü,4,3.8
U1384,Mercimek Köftesi,7,4.0
U1384,Kazandibi,4,3.5
U1384,Çoban Salata,12,4.4
U1384,Tavuk Suyu Çorbası,11,3.8
U1384,Mevsim Salata,12,3.1
U1384,Zeytinyağlı Enginar,7,3.1
U1385,Rus Salatası,10,4.4
U1385,Mercimek Köftesi,12,4.3
U1385,İrmik Helvası,12,4.2
U1385,Ezogelin Çorbası,1,4.5
U1385,Tavuk Suyu Çorbası,3,4.2
U1385,Bulgur Pilavı,9,5.0
U1385,Et Döner,15,3.4
U1385,Tarhana Çorbası,5,4.8
U1385,Pirinç Pilavı,5,3.8
U1385,Sebze Graten,3,3.8
U1385,Köfte,9,3.2
U1385,Patates Püresi,7,4.7
U1385,Revani,2,4.2
U1386,Makarna,10,4.2
U1386,Et Döner,6,3.0
U1386,Sezar Salata,2,4.9
U1386,Gavurdağı Salata,13,4.1
U1386,Kuru Fasulye,15,3.5
U1386,Tavukgöğsü,14,3.2
U1386,Aşure,13,3.9
U1386,Patates Salatası,6,3.6
U1386,Tarhana Çorbası,4,4.2
U1386,Ton Balıklı Salata,9,3.6
U1387,Et Sote,10,3.4
U1387,Makarna,2,4.3
U1387,Izgara Balık,14,3.6
U1387,Hamsi Tava,6,4.9
U1387,Mercimek Çorbası,12,5.0
U1387,Zeytinyağlı Sarma,9,4.6
U1387,Rus Salatası,12,3.1
U1388,Izgara Balık,9,3.9
U1388,Orman Kebabı,13,3.4
U1388,Hamsi Tava,7,3.4
U1388,Gavurdağı Salata,12,3.2
U1388,Çoban Salata,11,3.7
U1388,Tarhana Çorbası,4,3.3
U1388,Piliç Topkapı,7,3.9
U1388,Patates Salatası,7,4.2
U1388,Zeytinyağlı Enginar,7,4.0
U1389,Patates Püresi,13,3.5
U1389,Bulgur Pilavı,5,3.1
U1389,Mercimek Köftesi,12,4.7
U1389,Makarna,12,3.6
U1389,Zeytinyağlı Enginar,13,3.4
U1389,Mantar Çorbası,4,4.6
U1389,Aşure,15,3.2
U1389,Tavuk Şiş,14,4.4
U1389,Piliç Topkapı,9,3.8
U1390,İrmik Helvası,13,3.1
U1390,Kemalpaşa,5,3.7
U1390,Zeytinyağlı Taze Fasulye,10,4.3
U1390,Patates Püresi,13,4.7
U1390,Kazandibi,15,3.6
U1390,Et Sote,15,4.4
U1390,Ezogelin Çorbası,11,4.1
U1390,Yayla Çorbası,14,3.2
U1390,Mercimek Çorbası,10,4.8
U1390,Sigara Böreği,3,3.8
U1390,Kadınbudu Köfte,13,4.1
U1390,Patates Kızartması,4,4.7
U1390,Köfte,3,3.3
U1390,İskender Kebap,12,3.7
U1390,Piliç Topkapı,3,3.4
U1390,Tavukgöğsü,9,5.0
U1390,Tavuk Şiş,8,4.4
U1391,İrmik Helvası,4,4.2
U1391,Kazandibi,3,3.1
U1391,Patates Püresi,10,3.5
U1391,Yayla Çorbası,7,3.6
U1391,Nohut,3,3.7
U1391,Mercimek Köftesi,11,3.7
U1392,Karnıyarık,9,4.6
U1392,Tavuk Suyu Çorbası,10,4.3
U1392,Ispanak Yemeği,2,3.6
U1392,Mercimek Köftesi,14,3.6
U1392,Sütlaç,10,3.7
U1392,Zeytinyağlı Enginar,9,4.4
U1392,Çoban Salata,1,4.4
U1392,Makarna,12,3.6
U1392,Sebze Graten,12,4.7
U1392,Nohut,9,3.0
U1392,Hamsi Tava,1,4.3
U1392,Yayla Çorbası,10,4.9
U1392,Patates Püresi,8,4.3
U1392,Bulgur Pilavı,2,3.5
U1392,Su Böreği,11,4.7
U1393,Sebze Graten,5,3.1
U1393,Mevsim Salata,11,4.6
U1393,Rus Salatası,7,4.2
U1393,Güllaç,1,4.2
U1393,Profiterol,8,3.9
U1393,Kuru Fasulye,4,3.3
U1393,Düğün Çorbası,4,4.9
U1393,Bulgur Pilavı,14,3.3
U1393,Sigara Böreği,15,4.9
U1393,Çoban Salata,9,3.2
U1394,Sigara Böreği,13,3.4
U1394,Patates Püresi,8,4.6
U1394,Sebze Graten,8,4.8
U1394,Et Döner,4,3.5
U1394,Karnıyarık,7,4.6
U1394,Tavukgöğsü,7,3.5
U1394,Domates Çorbası,2,3.8
U1395,Kemalpaşa,6,4.6
U1395,Kuru Fasulye,4,3.6
U1395,Tavuk Şiş,8,4.1
U1395,Piliç Topkapı,6,3.2
U1395,Kadınbudu Köfte,5,4.1
U1395,Gavurdağı Salata,13,3.0
U1395,Patates Salatası,6,4.7
U1395,Domates Çorbası,5,4.0
U1395,Zeytinyağlı Taze Fasulye,5,4.5
U1395,Et Döner,1,5.0
U1395,İmambayıldı,4,3.0
U1395,Köfte,2,3.2
U1395,İskender Kebap,1,3.0
U1395,Patates Kızartması,8,3.6
U1395,Fırın Tavuk,3,3.0
U1395,Nohut,12,4.9
U1395,Su Böreği,14,3.6
U1395,Et Sote,8,3.4
U1395,Tavuk Sote,3,3.0
U1395,Sebze Graten,2,3.6
U1396,Nohut,9,3.9
U1396,Zeytinyağlı Enginar,1,4.4
U1396,Kuru Fasulye,1,3.9
U1396,Tavukgöğsü,7,4.8
U1396,Ton Balıklı Salata,9,4.6
U1396,Zeytinyağlı Sarma,1,3.4
U1396,Ispanak Yemeği,5,4.4
U1396,Zeytinyağlı Taze Fasulye,14,5.0
U1396,Aşure,14,4.5
U1396,Sebze Graten,5,4.2
U1396,Hamsi Tava,10,4.9
U1396,Tavuk Döner,2,3.5
U1396,Sigara Böreği,4,4.4
U1396,Patates Püresi,14,3.1
U1397,Pırasa Yemeği,11,4.0
U1397,Domates Çorbası,6,4.7
U1397,İskender Kebap,8,3.9
U1397,Düğün Çorbası,2,3.2
U1397,Tarhana Çorbası,10,3.3
U1397,Baklava,15,3.6
U1397,Köfte,6,4.6
U1397,Aşure,6,4.2
U1397,Kuru Fasulye,14,3.5
U1397,Ezogelin Çorbası,11,3.9
U1397,Ispanak Yemeği,6,5.0
U1398,Sezar Salata,4,3.6
U1398,Düğün Çorbası,8,4.8
U1398,Tavuk Suyu Çorbası,13,3.4
U1398,Gavurdağı Salata,5,4.5
U1398,Yayla Çorbası,12,4.7
U1398,Zeytinyağlı Taze Fasulye,15,3.9
U1398,Su Böreği,6,4.8
U1398,Tavukgöğsü,8,4.2
U1398,Piliç Topkapı,10,3.8
U1398,İskender Kebap,6,4.4
U1399,Ezogelin Çorbası,15,3.3
U1399,Kuru Fasulye,13,3.7
U1399,Ispanak Yemeği,11,4.4
U1399,Nohut,6,4.6
U1399,Pirinç Pilavı,3,4.0
U1399,Tas Kebabı,4,3.8
U1399,Ton Balıklı Salata,9,3.3
U1399,Kemalpaşa,13,4.5
U1399,Bulgur Pilavı,6,4.7
U1399,Et Döner,4,4.8
U1399,Karnıyarık,1,4.0
U1399,Aşure,12,4.8
U1399,Pırasa Yemeği,2,3.7
U1399,Sütlaç,8,4.8
U1399,Patates Püresi,3,4.3
U1399,Profiterol,11,3.7
U1399,Rus Salatası,10,3.6
U1399,Mercimek Köftesi,12,4.8
U1400,Güllaç,7,3.5
U1400,Piliç Topkapı,15,3.1
U1400,Tavuk Şiş,15,4.8
U1400,Köfte,3,4.7
U1400,Zeytinyağlı Sarma,10,3.5
U1400,Pirinç Pilavı,9,4.7
U1400,Makarna,5,4.5
U1400,Kadınbudu Köfte,6,4.6
U1400,Domates Çorbası,7,3.5
U1400,Sebze Graten,10,4.7
U1400,İskender Kebap,6,3.5
U1400,Ton Balıklı Salata,3,3.6
U1400,Tavukgöğsü,13,4.3
U1401,Yayla Çorbası,5,4.8
U1401,Tavuk Suyu Çorbası,6,4.3
U1401,Izgara Balık,1,3.0
U1401,Fırın Tavuk,2,4.0
U1401,İrmik Helvası,10,4.1
U1401,Zeytinyağlı Sarma,12,4.4
U1401,Zeytinyağlı Taze Fasulye,15,4.7
U1401,Hamsi Tava,15,3.1
U1401,Aşure,12,4.6
U1401,Et Sote,15,3.1
U1401,Orman Kebabı,14,4.1
U1401,Kazandibi,3,4.7
U1401,Patates Püresi,6,4.4
U1401,Mantar Çorbası,9,4.5
U1401,Patates Kızartması,10,5.0
U1401,Ezogelin Çorbası,13,5.0
U1401,Mercimek Köftesi,8,4.8
U1401,Tavukgöğsü,14,3.7
U1401,Profiterol,14,3.4
U1402,Tavuk Döner,12,4.3
U1402,Orman Kebabı,6,3.1
U1402,Zeytinyağlı Taze Fasulye,4,3.6
U1402,Mercimek Çorbası,6,3.8
U1402,Pirinç Pilavı,3,3.5
U1402,Revani,10,3.1
U1402,Sütlaç,11,3.7
U1402,Makarna,15,4.7
U1402,Zeytinyağlı Enginar,15,4.4
U1402,Kuru Fasulye,14,3.9
U1402,Tarhana Çorbası,6,4.1
U1402,Tavukgöğsü,2,3.3
U1402,Çoban Salata,14,4.4
U1402,Karnıyarık,13,3.6
U1402,Baklava,10,3.0
U1403,Profiterol,4,4.4
U1403,Revani,13,3.7
U1403,Zeytinyağlı Taze Fasulye,3,3.8
U1403,Tas Kebabı,14,3.1
U1403,Tavuk Sote,2,4.6
U1403,İmambayıldı,12,3.9
U1403,Patates Salatası,2,4.8
U1403,Patates Kızartması,14,3.6
U1403,Düğün Çorbası,14,3.3
U1403,Domates Çorbası,13,3.8
U1403,Su Böreği,7,4.8
U1403,Köfte,8,3.1
U1403,Piliç Topkapı,2,4.5
U1403,Yayla Çorbası,3,3.8
U1403,Mevsim Salata,15,3.1
U1404,Sebze Graten,1,3.9
U1404,Mercimek Köftesi,6,4.2
U1404,Sütlaç,8,3.1
U1404,Bulgur Pilavı,1,4.6
U1404,Güllaç,12,3.1
U1404,Patates Püresi,9,4.4
U1404,Rus Salatası,2,4.7
U1404,Yayla Çorbası,8,4.2
U1404,Tavuk Suyu Çorbası,11,3.7
U1404,Nohut,3,3.4
U1404,Baklava,11,3.6
U1404,Çoban Salata,2,4.3
U1404,İskender Kebap,2,4.8
U1404,Ispanak Yemeği,1,4.8
U1405,Hamsi Tava,11,4.7
U1405,Et Sote,15,4.1
U1405,Izgara Balık,2,4.2
U1405,Patates Kızartması,14,4.8
U1405,Gavurdağı Salata,4,4.1
U1405,Tavuk Suyu Çorbası,2,4.4
U1405,Revani,15,3.6
U1405,Nohut,9,4.0
U1405,Çoban Salata,10,3.7
U1405,Köfte,15,3.1
U1405,Karnıyarık,6,3.7
U1405,Tavukgöğsü,12,3.4
U1405,Mercimek Çorbası,11,4.8
U1405,Tavuk Döner,8,3.3
U1405,Zeytinyağlı Enginar,9,4.6
U1406,Zeytinyağlı Sarma,3,4.3
U1406,Ezogelin Çorbası,9,4.4
U1406,Et Sote,15,3.7
U1406,Kadınbudu Köfte,12,3.9
U1406,Karnıyarık,12,4.5
U1406,Kazandibi,14,3.6
U1406,Sebze Graten,5,4.5
U1406,Kuru Fasulye,3,4.3
U1406,Et Döner,7,4.8
U1406,Mercimek Çorbası,2,4.6
U1406,Pırasa Yemeği,3,4.5
U1406,Tavuk Döner,13,4.0
U1406,Profiterol,14,3.2
U1406,Gavurdağı Salata,14,4.4
U1406,İmambayıldı,4,3.2
U1406,Patates Püresi,12,5.0
U1406,Nohut,1,3.3
U1406,Aşure,13,4.1
U1406,Düğün Çorbası,5,4.6
U1406,Tavukgöğsü,2,3.2
U1407,Et Döner,1,4.3
U1407,Et Sote,15,3.7
U1407,Makarna,9,4.1
U1407,Mevsim Salata,8,3.4
U1407,Fırın Tavuk,4,3.1
U1407,Aşure,13,4.3
U1407,Gavurdağı Salata,12,3.9
U1407,Sigara Böreği,6,3.4
U1407,Mercimek Köftesi,1,3.4
U1407,Tavuk Suyu Çorbası,4,3.6
U1407,Mantar Çorbası,1,4.5
U1407,Revani,1,4.9
U1407,Sütlaç,5,4.9
U1407,Köfte,2,3.5
U1408,Ezogelin Çorbası,13,3.4
U1408,Baklava,4,3.4
U1408,Makarna,4,4.6
U1408,Patates Salatası,7,4.1
U1408,Güllaç,7,4.5
U1408,Ton Balıklı Salata,7,4.3
U1408,Kemalpaşa,1,3.3
U1408,Tavuk Suyu Çorbası,7,3.3
U1409,Tavukgöğsü,8,3.6
U1409,Et Sote,10,4.9
U1409,Mercimek Çorbası,6,4.5
U1409,Et Döner,4,4.3
U1409,Zeytinyağlı Sarma,15,3.1
U1410,Güllaç,7,4.1
U1410,Sezar Salata,9,4.4
U1410,Tavuk Şiş,15,3.5
U1410,Kemalpaşa,8,3.9
U1410,Ispanak Yemeği,4,3.8
U1410,Zeytinyağlı Sarma,11,3.5
U1410,Hamsi Tava,11,3.4
U1410,Kuru Fasulye,4,4.8
U1410,Gavurdağı Salata,14,3.3
U1410,Baklava,4,3.3
U1410,Kadınbudu Köfte,2,3.6
U1410,Mercimek Çorbası,3,3.9
U1410,Bulgur Pilavı,3,3.6
U1410,Izgara Balık,12,3.8
U1410,Sebze Graten,6,3.4
U1410,Sigara Böreği,2,4.8
U1410,Profiterol,12,3.1
U1411,Hamsi Tava,2,4.2
U1411,Ezogelin Çorbası,3,3.4
U1411,Tas Kebabı,9,4.2
U1411,Su Böreği,7,3.2
U1411,Güllaç,14,4.5
U1411,Kemalpaşa,10,3.5
U1411,Orman Kebabı,1,3.6
U1412,Sigara Böreği,3,5.0
U1412,Zeytinyağlı Sarma,3,4.5
U1412,İmambayıldı,15,3.2
U1412,Ezogelin Çorbası,15,4.1
U1412,Gavurdağı Salata,3,4.8
U1412,Patates Kızartması,4,4.1
U1412,Mercimek Köftesi,14,3.9
U1413,Tavuk Suyu Çorbası,14,3.9
U1413,Ton Balıklı Salata,1,3.8
U1413,Kazandibi,14,4.6
U1413,Revani,2,3.7
U1413,Pırasa Yemeği,15,4.2
U1413,Mercimek Çorbası,13,3.4
U1413,Tas Kebabı,3,4.6
U1413,Aşure,10,4.8
U1413,Kuru Fasulye,11,3.7
U1413,Hamsi Tava,14,3.4
U1413,Çoban Salata,8,4.9
U1413,Patates Kızartması,15,3.1
U1413,Piliç Topkapı,1,4.5
U1413,Bulgur Pilavı,7,4.9
U1413,Mercimek Köftesi,5,4.9
U1413,İrmik Helvası,3,4.3
U1413,İmambayıldı,15,4.1
U1413,Karnıyarık,9,4.6
U1414,Sütlaç,13,3.1
U1414,Zeytinyağlı Taze Fasulye,14,3.3
U1414,Yayla Çorbası,1,4.3
U1414,Sebze Graten,8,4.7
U1414,Karnıyarık,8,4.9
U1414,Köfte,5,3.9
U1414,Mevsim Salata,7,3.4
U1414,Pirinç Pilavı,8,3.1
U1414,Et Sote,5,4.1
U1414,Revani,14,4.5
U1414,Bulgur Pilavı,2,3.1
U1414,Mercimek Köftesi,15,4.9
U1414,Rus Salatası,10,4.4
U1414,Güllaç,14,3.4
U1414,Kemalpaşa,1,4.0
U1414,Tas Kebabı,10,4.9
U1415,Mantar Çorbası,6,4.7
U1415,Ispanak Yemeği,15,3.4
U1415,Zeytinyağlı Sarma,8,4.0
U1415,Patates Püresi,8,3.1
U1415,Profiterol,12,4.0
U1415,Gavurdağı Salata,2,4.2
U1415,Aşure,7,3.5
U1416,Sezar Salata,14,3.4
U1416,İskender Kebap,13,3.2
U1416,Zeytinyağlı Enginar,8,4.0
U1416,Tavukgöğsü,8,3.8
U1416,Hamsi Tava,2,3.5
U1416,Tavuk Şiş,9,3.5
U1416,Patates Püresi,7,4.2
U1416,Nohut,5,3.1
U1416,Et Sote,7,3.5
U1416,Mercimek Köftesi,11,4.1
U1416,Bulgur Pilavı,5,3.9
U1416,Orman Kebabı,10,3.3
U1416,Baklava,2,4.3
U1416,Düğün Çorbası,1,4.5
U1416,Gavurdağı Salata,5,3.5
U1416,Pirinç Pilavı,3,4.9
U1416,Zeytinyağlı Sarma,5,4.7
U1417,Revani,1,3.3
U1417,Karnıyarık,15,4.7
U1417,Patates Püresi,3,4.7
U1417,Kemalpaşa,4,3.1
U1417,Zeytinyağlı Sarma,12,3.2
U1417,Gavurdağı Salata,6,3.7
U1417,Ispanak Yemeği,10,3.7
U1417,Nohut,14,4.9
U1417,Ezogelin Çorbası,3,4.9
U1418,Ton Balıklı Salata,14,3.5
U1418,Düğün Çorbası,12,4.2
U1418,Revani,1,3.3
U1418,Sebze Graten,12,3.5
U1418,Pırasa Yemeği,15,3.3
U1418,Kemalpaşa,10,3.8
U1418,Tavuk Şiş,5,4.5
U1418,Fırın Tavuk,9,3.5
U1418,Nohut,10,4.6
U1418,Tavukgöğsü,1,3.1
U1418,Sigara Böreği,2,4.4
U1418,İskender Kebap,15,4.2
U1418,Tavuk Suyu Çorbası,2,4.4
U1419,Köfte,11,3.9
U1419,Gavurdağı Salata,2,4.7
U1419,Patates Salatası,14,4.3
U1419,Bulgur Pilavı,11,4.0
U1419,Kadınbudu Köfte,10,3.6
U1419,Mercimek Köftesi,14,3.2
U1419,Hamsi Tava,12,3.2
U1419,Profiterol,11,3.4
U1419,Tas Kebabı,15,3.1
U1419,Mantar Çorbası,4,3.4
U1419,Fırın Tavuk,5,3.5
U1419,Zeytinyağlı Enginar,5,4.5
U1419,Mercimek Çorbası,13,4.1
U1419,Yayla Çorbası,10,3.4
U1419,Nohut,10,4.5
U1420,Kazandibi,6,4.0
U1420,İskender Kebap,11,3.9
U1420,Mercimek Çorbası,12,3.7
U1420,İrmik Helvası,5,4.4
U1420,Makarna,5,3.8
U1420,Patates Kızartması,12,3.3
U1420,Sezar Salata,9,3.4
U1420,Pirinç Pilavı,2,4.0
U1420,Hamsi Tava,6,3.6
U1420,Gavurdağı Salata,11,3.5
U1420,Tavuk Sote,15,3.8
U1420,Patates Püresi,14,3.7
U1420,Yayla Çorbası,7,3.3
U1420,Karnıyarık,5,3.0
U1420,Mevsim Salata,13,4.3
U1420,Zeytinyağlı Taze Fasulye,13,3.4
U1420,Ton Balıklı Salata,2,4.3
U1420,Ezogelin Çorbası,4,3.8
U1421,Mantar Çorbası,10,3.3
U1421,Domates Çorbası,14,3.7
U1421,Kemalpaşa,15,3.0
U1421,Mercimek Çorbası,7,4.0
U1421,Ton Balıklı Salata,12,4.6
U1422,Zeytinyağlı Sarma,14,3.3
U1422,Su Böreği,2,4.9
U1422,Et Döner,12,3.1
U1422,Tavuk Döner,4,4.8
U1422,Domates Çorbası,14,4.1
U1422,Orman Kebabı,10,5.0
U1422,Pırasa Yemeği,4,4.7
U1422,Yayla Çorbası,9,3.3
U1422,Tas Kebabı,13,5.0
U1422,Ezogelin Çorbası,15,4.1
U1422,Piliç Topkapı,3,3.0
U1423,Rus Salatası,1,4.1
U1423,Pirinç Pilavı,4,4.8
U1423,İmambayıldı,5,4.8
U1423,Köfte,10,3.0
U1423,Ispanak Yemeği,12,4.6
U1423,Fırın Tavuk,12,3.5
U1423,Tavuk Döner,10,3.1
U1423,İrmik Helvası,12,4.8
U1423,Gavurdağı Salata,14,3.5
U1423,Sebze Graten,6,4.8
U1423,Domates Çorbası,7,4.7
U1423,Sezar Salata,14,4.9
U1423,Sigara Böreği,12,4.4
U1423,Kadınbudu Köfte,12,3.1
U1424,Tavuk Suyu Çorbası,8,4.1
U1424,Ispanak Yemeği,2,4.1
U1424,Sigara Böreği,14,4.3
U1424,Kuru Fasulye,2,4.1
U1424,İrmik Helvası,4,4.6
U1424,Sezar Salata,10,3.2
U1424,Kadınbudu Köfte,4,4.9
U1425,Mercimek Çorbası,2,5.0
U1425,Sütlaç,14,4.3
U1425,Kuru Fasulye,11,4.9
U1425,Düğün Çorbası,3,3.5
U1425,Kazandibi,6,3.6
U1425,Nohut,2,3.9
U1425,Mantar Çorbası,10,3.2
U1425,Köfte,3,4.9
U1425,Bulgur Pilavı,13,3.6
U1425,Revani,12,3.3
U1425,Gavurdağı Salata,4,3.3
U1425,Tas Kebabı,5,3.5
U1425,Pırasa Yemeği,3,3.7
U1425,Orman Kebabı,7,3.3
U1425,Zeytinyağlı Enginar,3,3.8
U1425,Ispanak Yemeği,8,4.4
U1425,Patates Kızartması,1,4.7
U1425,Hamsi Tava,7,4.0
U1426,İmambayıldı,8,3.5
U1426,Izgara Balık,8,4.5
U1426,Yayla Çorbası,5,4.6
U1426,Zeytinyağlı Taze Fasulye,7,3.6
U1426,Karnıyarık,8,4.4
U1426,Tavuk Sote,5,3.2
U1426,Fırın Tavuk,5,4.2
U1426,Köfte,1,3.1
U1426,Makarna,12,3.6
U1426,Pirinç Pilavı,15,3.9
U1426,Patates Kızartması,15,4.8
U1426,Ezogelin Çorbası,5,3.5
U1426,Gavurdağı Salata,7,3.3
U1426,Tarhana Çorbası,4,3.6
U1426,Mevsim Salata,2,3.7
U1426,Revani,12,4.9
U1426,Kazandibi,1,4.2
U1426,Zeytinyağlı Enginar,2,3.8
U1426,Kadınbudu Köfte,4,4.5
U1426,Patates Salatası,13,3.9
U1427,Su Böreği,11,3.5
U1427,Sebze Graten,1,3.8
U1427,Tavuk Sote,5,4.8
U1427,Mercimek Köftesi,10,4.4
U1427,Et Sote,13,3.7
U1427,Ezogelin Çorbası,6,3.7
U1427,İmambayıldı,3,3.3
U1427,Zeytinyağlı Sarma,9,4.6
U1427,Tavuk Döner,5,3.7
U1427,Piliç Topkapı,6,4.5
U1427,Ton Balıklı Salata,1,3.3
U1427,Fırın Tavuk,4,3.1
U1427,Düğün Çorbası,11,3.5
U1427,Tavukgöğsü,12,3.2
U1427,Köfte,9,3.9
U1427,Kemalpaşa,3,3.5
U1427,Sezar Salata,9,4.8
U1427,Orman Kebabı,3,3.5
U1428,Patates Kızartması,1,4.7
U1428,İskender Kebap,8,4.2
U1428,Revani,14,3.7
U1428,Izgara Balık,14,3.3
U1428,Tavuk Suyu Çorbası,14,4.1
U1428,Sigara Böreği,1,3.7
U1428,Tarhana Çorbası,10,3.6
U1428,Piliç Topkapı,11,3.1
U1428,Mevsim Salata,6,4.8
U1428,Kuru Fasulye,3,4.7
U1428,Mercimek Köftesi,13,4.3
U1428,Mantar Çorbası,12,4.3
U1428,Sebze Graten,12,4.2
U1428,Su Böreği,4,3.6
U1428,Baklava,12,4.2
U1428,Tavuk Döner,11,4.8
U1428,Kemalpaşa,10,4.2
U1428,Yayla Çorbası,7,4.9
U1428,Domates Çorbası,14,4.2
U1428,Zeytinyağlı Sarma,12,4.8
U1429,Yayla Çorbası,14,4.1
U1429,Tavukgöğsü,8,3.1
U1429,Et Döner,7,4.8
U1429,Baklava,6,3.7
U1429,Ton Balıklı Salata,2,4.0
U1429,Fırın Tavuk,8,3.6
U1429,Gavurdağı Salata,7,3.4
U1429,Sütlaç,8,4.8
U1429,Kazandibi,12,4.1
U1429,Tavuk Döner,3,3.2
U1429,Mevsim Salata,11,5.0
U1429,Profiterol,7,4.7
U1429,Ispanak Yemeği,8,3.2
U1429,Sigara Böreği,7,3.1
U1429,Piliç Topkapı,11,3.6
U1430,Gavurdağı Salata,9,3.5
U1430,Güllaç,9,3.3
U1430,Domates Çorbası,8,3.2
U1430,Aşure,9,3.7
U1430,Pirinç Pilavı,13,4.3
U1430,Mercimek Köftesi,2,4.3
U1430,Izgara Balık,13,3.7
U1430,Mantar Çorbası,12,3.3
U1430,Patates Püresi,11,4.8
U1430,Makarna,11,4.3
U1430,Çoban Salata,8,4.7
U1430,Rus Salatası,5,4.7
U1430,Yayla Çorbası,3,3.1
U1430,Ton Balıklı Salata,1,4.0
U1431,Kemalpaşa,13,4.9
U1431,Bulgur Pilavı,5,3.0
U1431,Tavuk Suyu Çorbası,4,3.3
U1431,Kadınbudu Köfte,2,3.7
U1431,Sigara Böreği,3,3.6
U1431,Patates Kızartması,10,4.6
U1431,Revani,11,4.8
U1431,Patates Salatası,12,4.0
U1431,Hamsi Tava,3,3.2
U1431,İmambayıldı,15,3.2
U1431,Nohut,8,4.0
U1431,Mantar Çorbası,9,4.5
U1431,Tavuk Döner,1,4.1
U1431,Piliç Topkapı,6,3.6
U1431,Ispanak Yemeği,2,4.4
U1431,Rus Salatası,5,3.1
U1431,Tavukgöğsü,5,3.3
U1431,Su Böreği,5,4.0
U1431,Köfte,5,4.8
U1431,Karnıyarık,5,3.2
U1432,Pırasa Yemeği,1,4.5
U1432,Domates Çorbası,13,3.9
U1432,Sebze Graten,11,4.7
U1432,Tavukgöğsü,13,4.1
U1432,Sütlaç,10,3.5
U1432,Ton Balıklı Salata,2,3.9
U1432,Hamsi Tava,10,3.6
U1432,Fırın Tavuk,1,4.0
U1432,Güllaç,8,3.0
U1432,Ispanak Yemeği,13,4.6
U1432,Piliç Topkapı,3,3.3
U1432,Köfte,12,4.3
U1432,Tavuk Suyu Çorbası,8,4.9
U1432,Zeytinyağlı Enginar,1,3.1
U1432,Su Böreği,2,4.1
U1432,Tavuk Döner,11,4.5
U1432,Sigara Böreği,14,4.4
U1432,İmambayıldı,12,4.3
U1432,Zeytinyağlı Taze Fasulye,2,4.0
U1433,Patates Püresi,5,4.3
U1433,Nohut,4,3.7
U1433,Sezar Salata,12,4.2
U1433,Tarhana Çorbası,8,4.7
U1433,Fırın Tavuk,15,3.1
U1433,Tavuk Döner,7,3.5
U1433,Zeytinyağlı Sarma,15,4.2
U1433,Baklava,1,4.2
U1433,Çoban Salata,4,3.9
U1433,Ezogelin Çorbası,15,3.9
U1433,İskender Kebap,9,3.6
U1433,Sigara Böreği,1,4.1
U1433,Domates Çorbası,7,3.3
U1433,Tavuk Sote,6,4.3
U1433,Tavuk Şiş,8,3.8
U1434,Profiterol,10,4.1
U1434,Baklava,7,3.4
U1434,Karnıyarık,3,4.0
U1434,Patates Püresi,10,4.5
U1434,Güllaç,6,4.7
U1435,Makarna,14,4.5
U1435,İmambayıldı,4,3.4
U1435,Mercimek Çorbası,9,3.4
U1435,Sebze Graten,5,4.8
U1435,Izgara Balık,9,4.3
U1435,Yayla Çorbası,2,3.9
U1435,Düğün Çorbası,10,3.8
U1435,Mantar Çorbası,14,3.5
U1435,Piliç Topkapı,13,3.5
U1435,Sezar Salata,12,3.9
U1436,Kadınbudu Köfte,8,3.8
U1436,Pirinç Pilavı,12,3.8
U1436,Bulgur Pilavı,5,4.2
U1436,İskender Kebap,11,3.7
U1436,Tavuk Sote,11,3.9
U1436,Tas Kebabı,5,4.1
U1436,Piliç Topkapı,7,3.9
U1436,Zeytinyağlı Sarma,10,3.5
U1436,Güllaç,6,3.2
U1436,Revani,3,4.3
U1436,Tavuk Şiş,2,4.6
U1436,Sütlaç,10,3.3
U1437,Izgara Balık,7,3.2
U1437,Kadınbudu Köfte,7,4.5
U1437,İskender Kebap,15,3.3
U1437,Zeytinyağlı Taze Fasulye,7,3.9
U1437,Revani,15,4.3
U1437,Orman Kebabı,12,4.1
U1437,Patates Püresi,14,4.4
U1437,Tarhana Çorbası,5,3.0
U1437,Sigara Böreği,1,3.8
U1437,Nohut,10,4.3
U1437,Kemalpaşa,14,4.2
U1437,Domates Çorbası,7,3.9
U1437,Et Sote,2,3.1
U1437,İrmik Helvası,7,4.4
U1437,Mantar Çorbası,15,3.6
U1437,İmambayıldı,9,3.3
U1437,Hamsi Tava,12,4.8
U1437,Sebze Graten,13,4.8
U1438,Zeytinyağlı Taze Fasulye,1,4.5
U1438,Patates Kızartması,9,4.1
U1438,Karnıyarık,14,3.4
U1438,Ispanak Yemeği,14,4.7
U1438,Gavurdağı Salata,8,3.5
U1439,Çoban Salata,14,4.4
U1439,Revani,4,5.0
U1439,Kuru Fasulye,14,4.0
U1439,Tavuk Döner,8,4.1
U1439,Orman Kebabı,4,4.7
U1439,Patates Kızartması,4,4.9
U1440,Köfte,8,4.7
U1440,Çoban Salata,14,3.1
U1440,Patates Püresi,9,4.6
U1440,Nohut,15,4.9
U1440,Sütlaç,6,4.4
U1440,Mantar Çorbası,7,3.2
U1440,Et Döner,14,5.0
U1440,Kadınbudu Köfte,15,3.5
U1440,Mercimek Çorbası,15,4.9
U1440,Domates Çorbası,5,4.7
U1440,Sigara Böreği,6,4.4
U1440,Kuru Fasulye,15,4.2
U1441,Mantar Çorbası,4,3.1
U1441,Karnıyarık,10,4.5
U1441,Orman Kebabı,15,5.0
U1441,Pirinç Pilavı,13,4.7
U1441,Revani,5,4.5
U1441,Su Böreği,8,4.5
U1441,Nohut,3,4.0
U1441,İrmik Helvası,15,4.2
U1441,Mercimek Köftesi,3,4.0
U1441,Mercimek Çorbası,6,3.7
U1441,Çoban Salata,4,4.0
U1441,Zeytinyağlı Taze Fasulye,2,3.6
U1441,Baklava,9,3.1
U1441,Pırasa Yemeği,2,4.9
U1442,Ton Balıklı Salata,15,4.2
U1442,Su Böreği,7,4.3
U1442,Bulgur Pilavı,14,4.5
U1442,İskender Kebap,13,4.6
U1442,Kadınbudu Köfte,4,3.9
U1442,Kemalpaşa,1,3.4
U1442,Köfte,9,3.9
U1442,Tavuk Döner,5,3.4
U1442,Revani,7,4.5
U1442,Hamsi Tava,15,4.5
U1442,Zeytinyağlı Enginar,11,4.7
U1442,Sezar Salata,13,4.5
U1443,Köfte,9,3.8
U1443,Aşure,8,3.9
U1443,Tavuk Şiş,12,4.8
U1443,İrmik Helvası,11,3.4
U1443,Patates Salatası,15,4.5
U1444,Fırın Tavuk,7,4.5
U1444,İrmik Helvası,1,3.1
U1444,Gavurdağı Salata,5,3.6
U1444,Tavukgöğsü,10,4.5
U1444,Kadınbudu Köfte,7,3.3
U1444,Mantar Çorbası,8,4.0
U1444,İskender Kebap,13,3.8
U1444,Düğün Çorbası,4,3.7
U1444,Nohut,2,4.5
U1444,Patates Salatası,9,4.3
U1444,Zeytinyağlı Enginar,3,3.7
U1444,Kazandibi,12,4.9
U1444,Sezar Salata,13,3.5
U1445,Su Böreği,2,5.0
U1445,Pirinç Pilavı,5,3.4
U1445,Baklava,12,3.9
U1445,Tarhana Çorbası,8,4.7
U1445,Rus Salatası,2,4.5
U1445,Sigara Böreği,10,4.5
U1446,Tavuk Döner,3,3.3
U1446,Zeytinyağlı Enginar,11,4.8
U1446,Bulgur Pilavı,4,4.9
U1446,Kadınbudu Köfte,6,3.4
U1446,Ton Balıklı Salata,10,4.3
U1446,Sebze Graten,8,5.0
U1447,Su Böreği,9,3.2
U1447,İskender Kebap,6,4.6
U1447,Patates Kızartması,3,4.4
U1447,Profiterol,7,4.4
U1447,Patates Püresi,2,4.6
U1447,Tavuk Şiş,1,4.7
U1447,Kadınbudu Köfte,12,4.8
U1447,İmambayıldı,11,4.4
U1447,Yayla Çorbası,8,3.7
U1447,Tavuk Suyu Çorbası,11,4.6
U1448,Düğün Çorbası,3,4.9
U1448,Revani,1,3.5
U1448,Sigara Böreği,3,4.4
U1448,İskender Kebap,12,3.9
U1448,Kemalpaşa,8,3.3
U1448,Tavuk Şiş,8,4.6
U1448,Köfte,7,4.9
U1448,Ton Balıklı Salata,2,4.9
U1448,Pırasa Yemeği,14,4.3
U1448,Piliç Topkapı,3,4.0
U1448,Güllaç,10,3.1
U1448,Sütlaç,15,4.8
U1449,Tavuk Şiş,8,3.9
U1449,Kemalpaşa,12,3.4
U1449,Orman Kebabı,5,3.9
U1449,Kazandibi,10,3.0
U1449,Izgara Balık,1,4.8
U1449,İmambayıldı,4,4.7
U1450,Fırın Tavuk,9,4.8
U1450,Revani,3,3.8
U1450,Gavurdağı Salata,8,4.4
U1450,Aşure,3,4.5
U1450,Sebze Graten,13,3.9
U1451,Mantar Çorbası,5,3.2
U1451,Zeytinyağlı Taze Fasulye,14,4.1
U1451,Patates Kızartması,10,3.0
U1451,Fırın Tavuk,7,3.6
U1451,Su Böreği,7,4.7
U1452,Pırasa Yemeği,5,4.6
U1452,Patates Kızartması,12,4.4
U1452,Pirinç Pilavı,2,4.8
U1452,Mevsim Salata,10,4.2
U1452,Aşure,6,4.5
U1452,Rus Salatası,12,4.5
U1453,Mercimek Çorbası,13,3.6
U1453,Domates Çorbası,11,4.5
U1453,Zeytinyağlı Taze Fasulye,14,3.9
U1453,Tarhana Çorbası,11,3.2
U1453,Profiterol,9,3.1
U1453,Mevsim Salata,8,4.7
U1453,Kemalpaşa,6,4.0
U1453,Ton Balıklı Salata,2,4.9
U1453,Karnıyarık,5,3.8
U1453,Baklava,4,4.2
U1453,Çoban Salata,3,4.1
U1453,Revani,12,3.8
U1453,İrmik Helvası,8,4.4
U1453,Pirinç Pilavı,4,4.3
U1453,Güllaç,2,3.5
U1453,Et Sote,3,4.8
U1453,Zeytinyağlı Sarma,7,4.9
U1454,Çoban Salata,14,3.2
U1454,Mercimek Köftesi,5,3.1
U1454,Tavuk Şiş,15,3.3
U1454,Mercimek Çorbası,3,3.2
U1454,Domates Çorbası,3,4.7
U1454,Rus Salatası,9,4.9
U1454,Patates Kızartması,2,3.1
U1454,Sezar Salata,7,3.5
U1454,Sebze Graten,4,3.8
U1454,Tarhana Çorbası,13,4.1
U1454,Ispanak Yemeği,3,4.6
U1454,Patates Salatası,12,3.2
U1454,İmambayıldı,2,3.6
U1455,Mantar Çorbası,15,4.1
U1455,Ispanak Yemeği,15,3.3
U1455,Baklava,6,4.0
U1455,Tavuk Döner,13,3.0
U1455,Sezar Salata,12,4.7
U1455,Kazandibi,2,3.5
U1455,Ton Balıklı Salata,8,4.7
U1455,Gavurdağı Salata,2,3.7
U1455,Tas Kebabı,15,3.0
U1455,Mevsim Salata,13,4.5
U1455,Orman Kebabı,1,3.1
U1456,Çoban Salata,5,3.5
U1456,Makarna,2,3.3
U1456,Et Sote,14,3.8
U1456,Revani,9,4.3
U1456,İskender Kebap,13,3.9
U1456,Kemalpaşa,9,3.2
U1456,Profiterol,3,3.6
U1456,Kuru Fasulye,1,4.8
U1456,Patates Salatası,13,3.8
U1456,Mevsim Salata,14,3.6
U1456,Kazandibi,14,4.7
U1456,Zeytinyağlı Taze Fasulye,13,3.4
U1456,Ezogelin Çorbası,1,3.1
U1456,Tavuk Şiş,14,4.6
U1456,Aşure,1,3.1
U1456,Yayla Çorbası,5,4.6
U1456,Mercimek Çorbası,6,4.5
U1457,Aşure,12,4.1
U1457,Köfte,9,3.5
U1457,Kuru Fasulye,9,4.4
U1457,Ezogelin Çorbası,11,3.8
U1457,Et Sote,14,3.4
U1457,Su Böreği,7,3.9
U1457,Sezar Salata,5,4.6
U1457,Karnıyarık,11,3.2
U1457,Tavukgöğsü,10,3.1
U1457,Fırın Tavuk,8,3.9
U1457,Kadınbudu Köfte,12,4.2
U1457,Sigara Böreği,6,3.1
U1457,Ispanak Yemeği,5,3.8
U1457,Patates Salatası,7,4.9
U1457,Zeytinyağlı Taze Fasulye,10,3.2
U1457,Çoban Salata,4,4.3
U1457,Sebze Graten,6,3.1
U1458,Pirinç Pilavı,3,4.6
U1458,Aşure,5,3.7
U1458,Ezogelin Çorbası,13,3.8
U1458,Sebze Graten,14,3.3
U1458,Köfte,3,4.8
U1458,Sezar Salata,2,3.2
U1458,İrmik Helvası,12,3.0
U1458,Zeytinyağlı Enginar,13,4.5
U1458,Tavuk Sote,13,4.9
U1458,Domates Çorbası,14,4.9
U1458,Patates Salatası,10,3.9
U1459,Piliç Topkapı,10,4.0
U1459,Nohut,4,4.9
U1459,Zeytinyağlı Enginar,13,4.0
U1459,Tavuk Döner,11,4.6
U1459,Tas Kebabı,1,4.0
U1459,Sezar Salata,15,3.1
U1459,Düğün Çorbası,5,4.1
U1459,Kadınbudu Köfte,10,4.0
U1460,Piliç Topkapı,6,3.4
U1460,Makarna,7,4.5
U1460,Revani,10,4.4
U1460,Patates Püresi,11,3.7
U1460,İskender Kebap,1,3.1
U1460,Profiterol,9,4.5
U1460,Ton Balıklı Salata,12,4.6
U1460,Zeytinyağlı Taze Fasulye,11,4.3
U1460,Patates Salatası,7,4.7
U1460,Tavuk Suyu Çorbası,5,4.9
U1460,Mantar Çorbası,8,4.9
U1460,Tavuk Şiş,15,4.3
U1460,Zeytinyağlı Enginar,14,3.0
U1460,İmambayıldı,13,3.1
U1461,Tavuk Sote,9,3.7
U1461,Tarhana Çorbası,3,3.2
U1461,Hamsi Tava,7,3.1
U1461,Kemalpaşa,11,3.9
U1461,Ton Balıklı Salata,1,3.8
U1461,Patates Kızartması,6,3.0
U1462,Pirinç Pilavı,3,4.2
U1462,Güllaç,2,3.0
U1462,Rus Salatası,15,3.2
U1462,Hamsi Tava,2,4.6
U1462,Köfte,13,3.4
U1462,Et Döner,9,3.3
U1462,Profiterol,10,3.4
U1463,Zeytinyağlı Enginar,6,4.6
U1463,Et Sote,7,4.2
U1463,Mantar Çorbası,2,4.7
U1463,Nohut,5,5.0
U1463,Pırasa Yemeği,3,3.6
U1463,Karnıyarık,5,4.7
U1463,Revani,12,4.7
U1463,Makarna,13,3.4
U1463,Bulgur Pilavı,11,4.3
U1463,Ezogelin Çorbası,3,4.8
U1464,Sezar Salata,8,4.5
U1464,Makarna,8,3.4
U1464,Et Döner,9,3.2
U1464,Mevsim Salata,7,4.3
U1464,Kazandibi,10,4.1
U1464,Pırasa Yemeği,7,3.9
U1464,Domates Çorbası,3,3.4
U1464,Köfte,13,3.9
U1464,Izgara Balık,2,4.7
U1465,Tas Kebabı,8,3.9
U1465,Tavuk Sote,13,3.2
U1465,Pirinç Pilavı,13,3.2
U1465,Pırasa Yemeği,8,3.0
U1465,Kadınbudu Köfte,7,3.2
U1465,Mantar Çorbası,11,4.2
U1465,Rus Salatası,3,4.2
U1466,Bulgur Pilavı,6,4.2
U1466,Tarhana Çorbası,10,3.4
U1466,Aşure,15,4.9
U1466,Mercimek Köftesi,8,3.2
U1466,Sebze Graten,7,3.1
U1466,Sigara Böreği,13,3.6
U1466,Tavuk Sote,9,3.1
U1466,Mantar Çorbası,15,3.9
U1466,Tavuk Suyu Çorbası,9,3.1
U1466,Revani,12,4.1
U1466,Baklava,8,3.2
U1466,Sütlaç,1,3.4
U1466,Karnıyarık,12,3.2
U1466,Patates Püresi,6,4.4
U1466,Su Böreği,13,4.6
U1466,Tavuk Döner,1,3.5
U1466,Orman Kebabı,9,4.4
U1466,Ton Balıklı Salata,3,4.5
U1466,Et Sote,8,4.5
U1467,Tarhana Çorbası,3,4.5
U1467,Kadınbudu Köfte,10,3.9
U1467,Ispanak Yemeği,6,4.7
U1467,Zeytinyağlı Sarma,5,4.2
U1467,Pirinç Pilavı,10,3.8
U1467,İmambayıldı,15,3.6
U1467,Su Böreği,9,4.9
U1467,İskender Kebap,13,3.6
U1467,Sigara Böreği,9,4.9
U1467,Nohut,12,4.6
U1467,Zeytinyağlı Enginar,12,3.3
U1467,Orman Kebabı,5,4.1
U1467,Sebze Graten,1,4.8
U1468,Tavuk Sote,5,5.0
U1468,Tavukgöğsü,13,4.6
U1468,Nohut,2,4.7
U1468,Patates Püresi,7,4.5
U1468,Pirinç Pilavı,6,3.2
U1468,Makarna,12,4.0
U1468,Güllaç,3,3.9
U1468,Et Sote,12,4.2
U1469,Tavuk Döner,13,4.1
U1469,Çoban Salata,6,3.7
U1469,Yayla Çorbası,1,4.0
U1469,Kadınbudu Köfte,7,4.1
U1469,Tavuk Şiş,7,4.1
U1469,Sütlaç,10,4.4
U1469,Kuru Fasulye,12,4.1
U1470,Köfte,2,4.4
U1470,Orman Kebabı,1,3.7
U1470,Gavurdağı Salata,2,4.0
U1470,Baklava,1,4.3
U1470,Patates Kızartması,7,4.3
U1470,Nohut,5,3.8
U1470,İskender Kebap,4,3.0
U1470,Mercimek Köftesi,3,3.9
U1470,Fırın Tavuk,3,4.8
U1471,Hamsi Tava,14,3.6
U1471,Düğün Çorbası,9,3.6
U1471,Tavuk Şiş,4,3.2
U1471,İrmik Helvası,5,4.8
U1471,Köfte,11,4.0
U1471,Mevsim Salata,7,3.6
U1471,Su Böreği,12,4.0
U1471,Mantar Çorbası,13,4.4
U1471,Pırasa Yemeği,12,3.1
U1471,Tavuk Sote,6,4.0
U1471,Baklava,3,3.2
U1471,İskender Kebap,14,4.4
U1471,Patates Püresi,4,3.0
U1471,Nohut,4,3.1
U1471,Tavuk Döner,7,4.4
U1471,Profiterol,12,3.2
U1471,Zeytinyağlı Sarma,15,3.6
U1472,İskender Kebap,2,4.1
U1472,Sezar Salata,2,4.5
U1472,Bulgur Pilavı,1,3.1
U1472,Ezogelin Çorbası,6,3.5
U1472,Et Sote,5,4.5
U1472,İrmik Helvası,5,4.8
U1472,Su Böreği,12,3.8
U1472,Nohut,3,4.0
U1472,Rus Salatası,11,3.2
U1472,Fırın Tavuk,12,4.3
U1472,Aşure,1,3.7
U1472,Hamsi Tava,7,4.3
U1472,Revani,6,4.8
U1472,Tarhana Çorbası,10,3.5
U1473,Rus Salatası,15,3.4
U1473,Revani,8,3.5
U1473,Patates Kızartması,4,3.0
U1473,Patates Püresi,11,4.7
U1473,Baklava,2,3.8
U1473,Güllaç,3,3.7
U1473,Sezar Salata,15,3.6
U1473,Su Böreği,9,4.7
U1473,Pirinç Pilavı,14,4.9
U1473,Tavuk Döner,7,3.9
U1473,Pırasa Yemeği,5,3.2
U1474,Kadınbudu Köfte,15,3.5
U1474,Su Böreği,15,3.9
U1474,Tavukgöğsü,7,4.1
U1474,Kazandibi,1,4.4
U1474,Gavurdağı Salata,13,4.8
U1474,Makarna,6,3.0
U1474,Çoban Salata,12,4.2
U1474,Tavuk Şiş,6,3.3
U1474,Rus Salatası,13,4.7
U1474,Pırasa Yemeği,9,4.0
U1474,Zeytinyağlı Sarma,5,3.7
U1474,İrmik Helvası,13,3.1
U1474,Köfte,3,4.5
U1474,Domates Çorbası,1,3.1
U1474,Yayla Çorbası,14,3.5
U1474,Kemalpaşa,7,4.3
U1475,Aşure,12,3.9
U1475,Pirinç Pilavı,8,4.7
U1475,Ispanak Yemeği,13,3.3
U1475,Güllaç,11,3.7
U1475,Hamsi Tava,10,4.0
U1475,İskender Kebap,8,3.7
U1475,Tas Kebabı,4,4.6
U1475,Sebze Graten,15,3.9
U1475,Sütlaç,6,3.1
U1475,Piliç Topkapı,7,4.9
U1475,Mercimek Köftesi,7,4.8
U1476,Piliç Topkapı,5,3.3
U1476,Sezar Salata,3,4.8
U1476,Tas Kebabı,12,5.0
U1476,Zeytinyağlı Enginar,5,3.8
U1476,Profiterol,10,4.2
U1476,Aşure,1,3.5
U1477,Makarna,15,4.6
U1477,Karnıyarık,9,4.3
U1477,Fırın Tavuk,14,4.8
U1477,İrmik Helvası,3,3.8
U1477,Güllaç,4,3.3
U1477,Köfte,11,3.1
U1477,Yayla Çorbası,12,4.7
U1477,Sütlaç,7,3.2
U1477,Profiterol,9,3.8
U1477,Kazandibi,15,4.9
U1477,Piliç Topkapı,10,4.1
U1477,Mantar Çorbası,2,4.3
U1477,Mercimek Çorbası,12,4.5
U1477,Domates Çorbası,15,4.5
U1477,Su Böreği,12,3.1
U1477,Pırasa Yemeği,4,4.0
U1477,Mercimek Köftesi,9,3.0
U1477,Et Döner,1,4.6
U1477,İskender Kebap,14,3.8
U1478,Gavurdağı Salata,11,3.9
U1478,Tavuk Suyu Çorbası,12,3.5
U1478,Mantar Çorbası,12,4.6
U1478,Kemalpaşa,4,4.5
U1478,Pirinç Pilavı,2,4.5
U1478,Sezar Salata,9,3.6
U1478,Karnıyarık,11,3.8
U1478,Tavuk Döner,13,4.3
U1478,Patates Püresi,11,4.6
U1478,Aşure,11,4.0
U1478,Güllaç,3,3.7
U1478,Domates Çorbası,14,3.9
U1478,Mevsim Salata,8,4.5
U1478,Rus Salatası,1,3.6
U1478,Nohut,2,3.9
U1478,Ton Balıklı Salata,1,3.2
U1478,İskender Kebap,11,4.3
U1478,Orman Kebabı,15,3.5
U1479,Ispanak Yemeği,7,3.5
U1479,Et Döner,11,3.7
U1479,Patates Kızartması,8,3.8
U1479,Et Sote,1,3.6
U1479,Tavuk Döner,5,4.3
U1479,Kazandibi,9,3.9
U1480,Kadınbudu Köfte,11,3.2
U1480,Zeytinyağlı Sarma,12,3.5
U1480,Aşure,4,3.4
U1480,Revani,14,4.8
U1480,Tarhana Çorbası,2,3.4
U1480,Mercimek Çorbası,5,4.6
U1480,Tas Kebabı,6,4.6
U1480,Ezogelin Çorbası,14,4.7
U1480,Bulgur Pilavı,1,3.5
U1480,Gavurdağı Salata,2,3.5
U1480,Düğün Çorbası,10,4.5
U1480,Et Döner,7,4.3
U1480,Sebze Graten,13,4.7
U1480,Patates Salatası,2,3.7
U1480,İrmik Helvası,6,4.4
U1480,Mevsim Salata,9,3.2
U1480,Pirinç Pilavı,6,4.1
U1480,Zeytinyağlı Enginar,6,3.5
U1480,Köfte,13,4.9
U1480,Patates Püresi,7,3.2
U1481,Aşure,13,4.2
U1481,Orman Kebabı,5,3.2
U1481,Sigara Böreği,2,3.6
U1481,Et Döner,15,4.3
U1481,Güllaç,15,3.9
U1481,Baklava,9,4.5
U1481,Rus Salatası,3,4.6
U1481,Tavukgöğsü,4,4.7
U1481,Sütlaç,6,4.2
U1481,Köfte,6,4.8
U1481,Izgara Balık,1,4.3
U1481,Tavuk Sote,1,4.3
U1481,Mevsim Salata,7,4.9
U1481,Ton Balıklı Salata,5,4.8
U1481,Su Böreği,7,3.8
U1481,Sezar Salata,14,3.8
U1481,Tavuk Şiş,10,4.1
U1481,Patates Püresi,14,3.9
U1481,Tavuk Döner,2,3.2
U1481,Kadınbudu Köfte,6,3.3
U1482,Zeytinyağlı Sarma,1,4.1
U1482,Mevsim Salata,14,3.3
U1482,Patates Salatası,3,3.4
U1482,Hamsi Tava,12,3.6
U1482,Kemalpaşa,10,3.5
U1482,Zeytinyağlı Enginar,14,4.1
U1482,Kadınbudu Köfte,15,3.3
U1482,Köfte,8,3.3
U1482,Profiterol,15,3.8
U1482,Tavuk Döner,11,3.5
U1483,Gavurdağı Salata,9,4.1
U1483,Nohut,15,5.0
U1483,Baklava,1,4.3
U1483,Kuru Fasulye,10,4.8
U1483,Tas Kebabı,9,4.0
U1483,Tavuk Sote,12,3.6
U1483,Mercimek Köftesi,1,4.8
U1483,Mantar Çorbası,3,3.9
U1483,Yayla Çorbası,8,3.3
U1483,Ton Balıklı Salata,15,3.5
U1483,Domates Çorbası,8,3.8
U1483,Tavukgöğsü,9,4.5
U1483,Su Böreği,15,4.9
U1483,Revani,1,4.5
U1483,Karnıyarık,15,4.6
U1483,Tavuk Suyu Çorbası,2,3.9
U1483,Makarna,11,4.0
U1483,Izgara Balık,1,3.4
U1483,Güllaç,9,4.3
U1484,Fırın Tavuk,4,3.4
U1484,İskender Kebap,12,3.8
U1484,Sigara Böreği,9,3.1
U1484,Piliç Topkapı,11,3.9
U1484,Sebze Graten,14,3.8
U1484,Tavuk Suyu Çorbası,2,3.3
U1484,Kadınbudu Köfte,12,4.6
U1484,Gavurdağı Salata,6,4.3
U1484,Tavuk Döner,9,3.5
U1485,Sebze Graten,15,3.7
U1485,Düğün Çorbası,6,4.6
U1485,Rus Salatası,1,4.4
U1485,Patates Salatası,1,4.4
U1485,Patates Püresi,8,4.6
U1485,Kazandibi,1,4.7
U1485,Tavukgöğsü,15,3.6
U1485,Zeytinyağlı Taze Fasulye,1,3.8
U1485,Baklava,6,4.1
U1485,Kemalpaşa,11,4.5
U1485,Mercimek Çorbası,8,3.2
U1485,Tas Kebabı,8,3.9
U1486,Tavukgöğsü,7,5.0
U1486,Profiterol,10,4.6
U1486,İmambayıldı,2,4.6
U1486,Aşure,3,4.9
U1486,Tavuk Döner,8,3.1
U1486,Fırın Tavuk,2,3.9
U1486,Gavurdağı Salata,6,4.6
U1486,Yayla Çorbası,14,4.5
U1486,Patates Salatası,11,4.0
U1486,Karnıyarık,3,3.9
U1486,Patates Kızartması,3,4.4
U1486,Rus Salatası,2,3.7
U1486,Sütlaç,11,3.7
U1486,Kuru Fasulye,15,4.6
U1486,Hamsi Tava,2,4.4
U1487,Fırın Tavuk,7,3.9
U1487,İmambayıldı,8,3.0
U1487,Piliç Topkapı,5,4.9
U1487,Kazandibi,7,3.8
U1487,Mercimek Çorbası,3,3.1
U1487,Pırasa Yemeği,1,4.3
U1487,Aşure,2,3.9
U1488,Revani,2,4.6
U1488,Tavuk Suyu Çorbası,1,3.5
U1488,Pırasa Yemeği,15,3.8
U1488,Gavurdağı Salata,7,3.2
U1488,Patates Salatası,2,4.7
U1488,Mercimek Çorbası,4,3.6
U1488,İskender Kebap,10,3.3
U1488,Ton Balıklı Salata,4,3.7
U1488,Piliç Topkapı,10,3.6
U1488,Hamsi Tava,4,4.3
U1488,Zeytinyağlı Enginar,13,3.0
U1488,Aşure,5,4.5
U1488,Mevsim Salata,4,3.2
U1488,Izgara Balık,10,3.4
U1488,Tavukgöğsü,8,4.2
U1488,Düğün Çorbası,11,3.2
U1488,Patates Kızartması,12,4.6
U1488,Ezogelin Çorbası,2,4.5
U1489,Piliç Topkapı,11,4.9
U1489,Kadınbudu Köfte,8,3.8
U1489,Tavuk Suyu Çorbası,13,4.8
U1489,Patates Salatası,10,4.0
U1489,Güllaç,8,3.8
U1489,Sigara Böreği,13,4.1
U1489,Domates Çorbası,11,4.1
U1489,Tavukgöğsü,11,4.3
U1489,Çoban Salata,7,4.5
U1489,İskender Kebap,12,3.0
U1489,Mevsim Salata,8,3.7
U1489,Patates Kızartması,7,4.8
U1490,Su Böreği,11,3.9
U1490,Mantar Çorbası,9,4.1
U1490,İmambayıldı,4,3.8
U1490,Profiterol,10,3.4
U1490,Piliç Topkapı,7,4.2
U1490,Düğün Çorbası,3,4.2
U1490,İskender Kebap,13,4.5
U1490,Aşure,5,4.2
U1490,Et Döner,7,3.6
U1490,Zeytinyağlı Enginar,6,3.5
U1490,Patates Püresi,4,3.1
U1490,Patates Kızartması,2,4.7
U1491,İmambayıldı,11,3.1
U1491,Karnıyarık,15,4.4
U1491,Domates Çorbası,11,4.4
U1491,Makarna,8,4.3
U1491,Kadınbudu Köfte,6,4.0
U1491,İskender Kebap,9,4.8
U1492,Mevsim Salata,6,4.5
U1492,Pırasa Yemeği,13,4.9
U1492,Rus Salatası,9,4.0
U1492,Karnıyarık,4,3.9
U1492,Ezogelin Çorbası,7,4.6
U1492,Orman Kebabı,13,3.9
U1492,Mercimek Çorbası,11,4.2
U1492,Domates Çorbası,2,3.0
U1492,Kemalpaşa,6,3.6
U1492,Zeytinyağlı Sarma,4,3.2
U1492,Ispanak Yemeği,7,3.6
U1493,İrmik Helvası,13,3.6
U1493,Patates Püresi,7,4.8
U1493,Nohut,4,3.0
U1493,Tavuk Döner,8,4.0
U1493,Ispanak Yemeği,4,3.6
U1493,Su Böreği,13,4.9
U1493,Zeytinyağlı Sarma,9,3.8
U1493,Piliç Topkapı,1,5.0
U1493,İmambayıldı,10,4.5
U1493,Tavuk Suyu Çorbası,2,3.8
U1493,Ton Balıklı Salata,12,4.4
U1493,Kadınbudu Köfte,5,4.2
U1493,Yayla Çorbası,3,3.6
U1493,Mantar Çorbası,3,3.5
U1493,Zeytinyağlı Taze Fasulye,5,4.4
U1493,Fırın Tavuk,10,3.6
U1493,Tas Kebabı,14,4.4
U1494,Mevsim Salata,5,3.2
U1494,Kadınbudu Köfte,9,4.1
U1494,Pirinç Pilavı,3,4.5
U1494,Bulgur Pilavı,7,4.8
U1494,Tavuk Döner,12,3.9
U1494,Tavuk Sote,1,4.7
U1494,Piliç Topkapı,13,3.5
U1494,Nohut,8,4.6
U1494,Revani,14,3.3
U1494,İmambayıldı,9,4.2
U1494,Çoban Salata,11,4.3
U1494,Tas Kebabı,13,4.1
U1495,Patates Salatası,1,3.0
U1495,Sebze Graten,12,4.1
U1495,İrmik Helvası,2,3.2
U1495,Mevsim Salata,4,3.7
U1495,Kemalpaşa,2,3.1
U1495,Ispanak Yemeği,3,3.8
U1495,Tavukgöğsü,1,4.9
U1495,Fırın Tavuk,8,3.1
U1495,Mercimek Köftesi,10,3.3
U1495,Baklava,3,4.9
U1495,Çoban Salata,4,4.1
U1495,Ton Balıklı Salata,12,3.6
U1495,Su Böreği,3,5.0
U1496,Rus Salatası,14,4.0
U1496,Çoban Salata,13,4.5
U1496,Profiterol,6,3.3
U1496,Kuru Fasulye,4,4.3
U1496,Kadınbudu Köfte,2,4.4
U1497,Mercimek Köftesi,11,4.7
U1497,Tavukgöğsü,5,4.2
U1497,Çoban Salata,3,4.3
U1497,Kuru Fasulye,13,3.7
U1497,Su Böreği,13,3.2
U1497,Mevsim Salata,4,4.1
U1497,Et Döner,4,4.2
U1498,Sebze Graten,5,4.5
U1498,Ispanak Yemeği,15,4.4
U1498,Domates Çorbası,15,5.0
U1498,Gavurdağı Salata,10,3.1
U1498,Tavukgöğsü,3,4.2
U1498,Piliç Topkapı,5,3.6
U1498,Kemalpaşa,14,4.0
U1498,Fırın Tavuk,14,3.0
U1499,Pirinç Pilavı,13,4.6
U1499,Gavurdağı Salata,2,4.6
U1499,Revani,14,4.1
U1499,Et Döner,11,3.3
U1499,Mevsim Salata,12,4.1
U1499,Su Böreği,7,3.7
U1499,Mantar Çorbası,6,4.7
U1499,Rus Salatası,9,3.2
U1499,Kuru Fasulye,13,3.7
U1499,Kemalpaşa,9,3.4
U1499,Tavuk Döner,5,4.1
U1499,Et Sote,2,3.8
U1499,Zeytinyağlı Taze Fasulye,13,3.2
U1499,Patates Kızartması,3,3.3
U1499,İmambayıldı,2,4.1
U1499,Karnıyarık,4,4.6
U1499,Köfte,14,4.4
U1500,Karnıyarık,5,4.4
U1500,Gavurdağı Salata,10,4.1
U1500,Ton Balıklı Salata,9,3.5
U1500,Ispanak Yemeği,1,4.8
U1500,Profiterol,6,4.8
U1500,Pırasa Yemeği,14,4.0
U1500,İmambayıldı,4,4.1
U1500,Fırın Tavuk,2,3.5
U1500,Baklava,2,4.9
U1500,Patates Püresi,6,4.4
U1500,Mercimek Çorbası,8,4.2
U1500,Sütlaç,9,4.1
U1500,Et Döner,2,4.2
U1501,Tavuk Sote,1,4.3
U1501,Orman Kebabı,11,3.8
U1501,Sütlaç,9,3.6
U1501,Su Böreği,9,3.1
U1501,Kuru Fasulye,4,4.8
U1501,Hamsi Tava,8,3.9
U1501,Fırın Tavuk,12,5.0
U1501,Revani,2,4.3
U1501,Zeytinyağlı Sarma,3,4.5
U1501,Kemalpaşa,9,3.2
U1502,Tavukgöğsü,3,3.3
U1502,Zeytinyağlı Sarma,8,4.0
U1502,Mercimek Çorbası,6,4.9
U1502,Düğün Çorbası,7,4.7
U1502,Makarna,5,4.6
U1502,Mercimek Köftesi,11,4.6
U1502,Zeytinyağlı Enginar,7,3.1
U1502,Zeytinyağlı Taze Fasulye,14,3.2
U1502,Et Döner,3,4.4
U1502,Sebze Graten,15,4.5
U1503,Nohut,10,4.9
U1503,Rus Salatası,7,4.3
U1503,Makarna,12,5.0
U1503,Revani,8,3.3
U1503,Patates Püresi,6,3.1
U1503,Kazandibi,12,3.6
U1503,Et Döner,5,3.7
U1503,Sütlaç,1,4.7
U1503,Izgara Balık,10,3.3
U1503,Orman Kebabı,11,4.7
U1503,Profiterol,11,3.8
U1503,Düğün Çorbası,1,3.3
U1503,İrmik Helvası,6,3.9
U1503,İmambayıldı,7,4.1
U1503,Tas Kebabı,15,3.7
U1503,Mevsim Salata,15,3.9
U1503,Zeytinyağlı Enginar,7,4.2
U1503,Kuru Fasulye,14,3.9
U1503,Patates Salatası,14,4.1
U1503,Kemalpaşa,2,3.4
U1504,Zeytinyağlı Sarma,3,3.0
U1504,Ispanak Yemeği,14,3.5
U1504,Zeytinyağlı Enginar,6,3.6
U1504,Mercimek Köftesi,11,3.4
U1504,Sigara Böreği,15,3.1
U1504,Kuru Fasulye,11,3.4
U1504,Baklava,10,3.6
U1504,Revani,14,3.4
U1504,Karnıyarık,15,4.3
U1504,Mevsim Salata,11,4.8
U1504,İrmik Helvası,5,3.8
U1504,Çoban Salata,15,4.6
U1504,Sezar Salata,5,3.4
U1505,Tarhana Çorbası,9,3.6
U1505,Ton Balıklı Salata,13,4.1
U1505,Bulgur Pilavı,7,3.2
U1505,Tavukgöğsü,4,4.7
U1505,Et Sote,8,4.0
U1505,Gavurdağı Salata,2,3.8
U1506,Zeytinyağlı Enginar,9,4.8
U1506,Domates Çorbası,9,4.7
U1506,Tarhana Çorbası,7,5.0
U1506,Kadınbudu Köfte,3,4.4
U1506,Kemalpaşa,6,3.6
U1506,Sigara Böreği,12,3.8
U1506,Patates Püresi,12,3.9
U1506,Mantar Çorbası,10,3.9
U1506,Düğün Çorbası,12,4.2
U1506,Pirinç Pilavı,14,4.4
U1506,Tavuk Döner,1,4.7
U1506,Tavukgöğsü,14,3.4
U1507,Kemalpaşa,5,3.7
U1507,Çoban Salata,15,4.8
U1507,Sebze Graten,9,3.3
U1507,İskender Kebap,2,3.4
U1507,Kadınbudu Köfte,8,4.9
U1507,Revani,1,4.7
U1507,Makarna,14,4.8
U1507,Yayla Çorbası,7,4.6
U1508,Tavukgöğsü,14,4.7
U1508,Tavuk Sote,9,4.5
U1508,Sezar Salata,1,3.0
U1508,İmambayıldı,15,4.7
U1508,Revani,2,3.8
U1508,Sütlaç,3,3.9
U1508,İskender Kebap,10,4.9
U1508,Zeytinyağlı Taze Fasulye,9,3.4
U1508,Gavurdağı Salata,1,3.2
U1508,Kazandibi,3,4.3
U1508,Mantar Çorbası,4,3.8
U1508,Hamsi Tava,11,3.8
U1508,Piliç Topkapı,15,4.1
U1508,Et Döner,12,3.2
U1508,Pirinç Pilavı,6,3.0
U1508,Mercimek Çorbası,1,4.2
U1508,Tavuk Şiş,5,4.0
U1509,Orman Kebabı,3,3.3
U1509,Makarna,1,4.4
U1509,Piliç Topkapı,6,3.9
U1509,Zeytinyağlı Taze Fasulye,7,3.3
U1509,Rus Salatası,3,4.0
U1509,Bulgur Pilavı,2,3.7
U1509,Çoban Salata,3,3.3
U1510,Mercimek Köftesi,11,4.1
U1510,Mevsim Salata,15,4.0
U1510,Kazandibi,13,4.1
U1510,Fırın Tavuk,8,3.8
U1510,Zeytinyağlı Taze Fasulye,14,4.6
U1510,Aşure,9,3.2
U1510,Hamsi Tava,4,4.2
U1510,Baklava,10,4.9
U1510,Tavuk Şiş,9,4.6
U1510,Piliç Topkapı,7,4.4
U1510,Ton Balıklı Salata,3,4.0
U1510,Domates Çorbası,4,3.2
U1510,Sebze Graten,5,5.0
U1511,Ispanak Yemeği,5,4.9
U1511,Gavurdağı Salata,12,3.4
U1511,Pirinç Pilavı,6,3.0
U1511,Patates Kızartması,7,4.5
U1511,Kemalpaşa,9,3.6
U1511,Sütlaç,13,3.1
U1511,Tavuk Şiş,12,3.2
U1512,Patates Püresi,11,4.8
U1512,Et Sote,5,4.5
U1512,Mercimek Köftesi,3,3.5
U1512,Zeytinyağlı Taze Fasulye,14,3.8
U1512,Sigara Böreği,12,3.2
U1512,Et Döner,10,3.9
U1512,Baklava,2,4.5
U1513,Domates Çorbası,15,4.4
U1513,Patates Kızartması,7,3.6
U1513,Kuru Fasulye,12,4.7
U1513,Tas Kebabı,1,3.8
U1513,Izgara Balık,5,3.2
U1514,Piliç Topkapı,7,3.9
U1514,Mantar Çorbası,8,3.5
U1514,Profiterol,6,3.6
U1514,Çoban Salata,3,3.0
U1514,Izgara Balık,1,3.5
U1514,Kemalpaşa,2,4.8
U1514,Karnıyarık,15,3.0
U1514,Patates Salatası,13,4.6
U1514,İrmik Helvası,10,3.5
U1514,Revani,11,3.8
U1514,İmambayıldı,12,3.4
U1515,Patates Kızartması,4,4.5
U1515,Kazandibi,4,3.0
U1515,Sütlaç,5,4.8
U1515,Izgara Balık,12,4.0
U1515,Tavuk Suyu Çorbası,10,3.4
U1515,Çoban Salata,3,4.2
U1515,Yayla Çorbası,9,3.4
U1515,İrmik Helvası,3,4.7
U1515,Kuru Fasulye,15,4.8
U1515,Mantar Çorbası,3,3.6
U1515,Mevsim Salata,13,4.9
U1515,Ispanak Yemeği,10,3.7
U1515,Mercimek Köftesi,12,4.7
U1515,Pırasa Yemeği,4,4.3
U1516,Tavuk Sote,13,3.7
U1516,Patates Püresi,6,4.7
U1516,Yayla Çorbası,15,3.7
U1516,Pırasa Yemeği,12,3.1
U1516,Kemalpaşa,4,3.4
U1517,Zeytinyağlı Taze Fasulye,1,3.6
U1517,Orman Kebabı,10,3.9
U1517,İskender Kebap,6,4.2
U1517,Sigara Böreği,14,4.4
U1517,Patates Kızartması,5,4.7
U1517,Gavurdağı Salata,10,3.6
U1517,İmambayıldı,7,4.8
U1517,Zeytinyağlı Enginar,2,3.7
U1517,Et Sote,4,4.5
U1517,Kemalpaşa,3,4.3
U1517,Güllaç,10,3.1
U1517,Çoban Salata,14,4.9
U1517,Kuru Fasulye,12,3.8
U1517,Karnıyarık,12,4.4
U1518,Karnıyarık,14,4.3
U1518,Tavukgöğsü,3,3.6
U1518,Bulgur Pilavı,3,3.5
U1518,Çoban Salata,10,4.6
U1518,Düğün Çorbası,1,4.1
U1518,İskender Kebap,14,3.2
U1518,Orman Kebabı,12,3.4
U1518,Köfte,7,4.5
U1518,Sütlaç,14,3.9
U1518,İrmik Helvası,2,3.8
U1518,Tavuk Şiş,7,4.4
U1518,Et Sote,9,4.4
U1518,Kadınbudu Köfte,6,3.4
U1518,Sebze Graten,12,3.3
U1518,Güllaç,12,4.9
U1518,Zeytinyağlı Taze Fasulye,13,3.0
U1518,Tarhana Çorbası,13,3.4
U1518,Zeytinyağlı Sarma,11,4.9
U1518,Izgara Balık,1,4.5
U1519,Zeytinyağlı Sarma,2,4.2
U1519,Domates Çorbası,2,3.7
U1519,Zeytinyağlı Enginar,2,4.8
U1519,Ton Balıklı Salata,14,3.6
U1519,Mercimek Köftesi,9,4.5
U1519,Patates Püresi,15,4.7
U1519,Tavuk Şiş,11,3.2
U1519,Nohut,10,4.7
U1519,Et Döner,13,3.0
U1519,Kemalpaşa,12,4.5
U1519,Baklava,14,3.2
U1520,Mercimek Köftesi,12,4.2
U1520,Tarhana Çorbası,11,3.7
U1520,Rus Salatası,9,4.4
U1520,Revani,6,3.5
U1520,Ton Balıklı Salata,10,3.3
U1520,Tas Kebabı,5,3.9
U1520,Pirinç Pilavı,11,3.3
U1520,İmambayıldı,2,4.1
U1520,Aşure,2,3.9
U1520,Sezar Salata,12,4.0
U1520,Kadınbudu Köfte,15,3.0
U1520,Profiterol,1,3.5
U1520,Yayla Çorbası,13,4.4
U1520,Zeytinyağlı Taze Fasulye,8,5.0
U1520,Kemalpaşa,14,3.1
U1520,Tavuk Sote,10,4.6
U1521,Izgara Balık,5,4.7
U1521,Gavurdağı Salata,4,3.5
U1521,Köfte,11,3.1
U1521,Zeytinyağlı Enginar,15,4.8
U1521,Kuru Fasulye,7,4.2
U1522,Hamsi Tava,7,4.1
U1522,Güllaç,6,4.2
U1522,Köfte,8,4.6
U1522,Kemalpaşa,2,3.6
U1522,Patates Salatası,2,3.0
U1522,Çoban Salata,15,3.3
U1522,Mercimek Köftesi,13,3.6
U1522,Patates Püresi,15,4.7
U1522,Et Sote,8,4.0
U1523,Hamsi Tava,1,3.9
U1523,Mercimek Çorbası,6,3.0
U1523,Izgara Balık,2,3.4
U1523,İmambayıldı,5,3.1
U1523,Gavurdağı Salata,10,3.2
U1523,Patates Kızartması,15,3.4
U1523,Tas Kebabı,1,4.0
U1523,Pırasa Yemeği,7,3.9
U1523,Et Sote,13,3.1
U1523,Tavuk Suyu Çorbası,13,4.3
U1523,Ispanak Yemeği,7,3.8
U1523,Tavuk Şiş,5,4.2
U1523,Zeytinyağlı Taze Fasulye,4,4.5
U1523,Baklava,1,3.4
U1524,Hamsi Tava,4,4.9
U1524,Patates Salatası,10,3.3
U1524,Rus Salatası,9,4.1
U1524,İmambayıldı,3,3.4
U1524,Su Böreği,13,4.1
U1524,Zeytinyağlı Taze Fasulye,2,4.0
U1524,Mercimek Çorbası,3,3.5
U1524,Fırın Tavuk,9,3.4
U1524,Tavuk Suyu Çorbası,4,4.9
U1524,Tavuk Döner,9,4.3
U1524,Karnıyarık,3,3.9
U1524,Orman Kebabı,12,3.3
U1524,Sigara Böreği,12,3.7
U1524,Aşure,9,4.2
U1524,Et Döner,15,4.7
U1524,Tarhana Çorbası,10,4.1
U1525,Çoban Salata,10,3.0
U1525,Zeytinyağlı Enginar,1,3.4
U1525,Karnıyarık,2,4.9
U1525,Zeytinyağlı Sarma,3,4.1
U1525,Sebze Graten,14,3.7
U1525,Fırın Tavuk,8,3.7
U1525,Ispanak Yemeği,12,3.5
U1525,Düğün Çorbası,7,4.2
U1525,Gavurdağı Salata,15,3.6
U1526,Pirinç Pilavı,11,4.5
U1526,Pırasa Yemeği,8,4.4
U1526,İmambayıldı,13,3.1
U1526,Ton Balıklı Salata,12,4.4
U1526,Kazandibi,12,3.1
U1526,İskender Kebap,5,4.4
U1526,Tavuk Suyu Çorbası,7,4.3
U1526,Güllaç,10,3.7
U1526,Sigara Böreği,8,3.2
U1526,Izgara Balık,7,4.4
U1526,Tavuk Şiş,10,4.4
U1526,Mercimek Köftesi,11,4.5
U1526,Tas Kebabı,10,3.9
U1527,Patates Kızartması,10,3.1
U1527,Yayla Çorbası,7,3.8
U1527,Tavuk Sote,4,3.3
U1527,Zeytinyağlı Sarma,10,4.8
U1527,Pırasa Yemeği,10,4.3
U1527,İrmik Helvası,1,3.8
U1527,Zeytinyağlı Taze Fasulye,1,3.2
U1527,Mantar Çorbası,7,4.2
U1527,Patates Salatası,7,4.2
U1527,Bulgur Pilavı,4,3.7
U1527,Karnıyarık,13,3.2
U1527,Baklava,7,4.2
U1527,Tavuk Şiş,6,3.9
U1528,Zeytinyağlı Taze Fasulye,4,3.5
U1528,Pirinç Pilavı,11,4.0
U1528,Rus Salatası,5,3.4
U1528,Kadınbudu Köfte,6,4.3
U1528,İmambayıldı,5,3.8
U1528,Ispanak Yemeği,14,3.4
U1528,Aşure,12,4.4
U1528,Zeytinyağlı Sarma,7,3.4
U1528,Tavuk Şiş,15,4.9
U1528,Mantar Çorbası,1,4.8
U1528,Mercimek Çorbası,14,4.3
U1528,Hamsi Tava,6,3.6
U1528,Sezar Salata,10,3.2
U1528,Et Sote,10,3.6
U1528,Sigara Böreği,6,4.2
U1528,Piliç Topkapı,2,3.2
U1528,Tavuk Suyu Çorbası,15,4.9
U1528,Izgara Balık,8,3.2
U1529,Su Böreği,10,3.2
U1529,Ton Balıklı Salata,2,3.2
U1529,Güllaç,12,4.4
U1529,Mevsim Salata,4,3.5
U1529,Karnıyarık,8,4.2
U1529,Revani,8,4.2
U1529,Tavuk Suyu Çorbası,14,3.2
U1529,Makarna,7,4.3
U1529,Profiterol,13,3.9
U1530,Gavurdağı Salata,6,4.3
U1530,Karnıyarık,7,4.4
U1530,Profiterol,5,3.6
U1530,Izgara Balık,11,3.1
U1530,Revani,13,3.8
U1530,Zeytinyağlı Sarma,2,4.2
U1531,Sigara Böreği,12,3.8
U1531,Revani,12,4.7
U1531,Kemalpaşa,15,4.4
U1531,Tavuk Suyu Çorbası,15,4.4
U1531,Piliç Topkapı,8,4.4
U1531,Tavuk Şiş,9,3.1
U1531,İskender Kebap,10,3.7
U1531,Güllaç,1,4.0
U1531,Tavuk Sote,2,3.6
U1531,Pırasa Yemeği,13,3.2
U1531,Sebze Graten,12,4.8
U1531,Fırın Tavuk,7,3.4
U1531,Patates Püresi,3,3.9
U1531,Hamsi Tava,7,3.6
U1531,Mevsim Salata,15,4.1
U1531,Nohut,1,3.8
U1531,Et Sote,9,3.8
U1531,Aşure,3,4.8
U1531,Tas Kebabı,6,3.7
U1532,Sigara Böreği,1,3.4
U1532,Zeytinyağlı Enginar,5,4.3
U1532,Pirinç Pilavı,11,3.6
U1532,Hamsi Tava,5,3.9
U1532,Kemalpaşa,5,3.0
U1532,Yayla Çorbası,5,3.1
U1532,Tarhana Çorbası,8,4.2
U1532,Et Sote,11,4.3
U1532,Rus Salatası,5,4.5
U1532,Çoban Salata,9,3.6
U1532,Köfte,6,4.4
U1532,Bulgur Pilavı,6,3.6
U1532,Su Böreği,15,4.4
U1532,Güllaç,13,4.7
U1532,Sütlaç,4,3.9
U1533,Zeytinyağlı Enginar,2,4.0
U1533,Mantar Çorbası,10,3.6
U1533,Pirinç Pilavı,11,4.8
U1533,Makarna,8,3.4
U1533,Tavuk Döner,3,3.8
U1533,Sütlaç,15,5.0
U1533,Et Sote,11,4.5
U1533,Su Böreği,1,4.3
U1533,Revani,8,3.0
U1533,Tavukgöğsü,9,4.9
U1534,Kadınbudu Köfte,10,3.7
U1534,Pırasa Yemeği,11,4.3
U1534,Tavuk Döner,13,4.9
U1534,Profiterol,7,3.1
U1534,Ezogelin Çorbası,8,3.1
U1534,Kuru Fasulye,14,3.4
U1534,Makarna,8,3.5
U1534,Tavuk Suyu Çorbası,8,4.0
U1535,Pırasa Yemeği,11,3.2
U1535,Yayla Çorbası,1,3.0
U1535,Pirinç Pilavı,13,4.9
U1535,Sezar Salata,5,3.8
U1535,Kadınbudu Köfte,2,4.1
U1535,Gavurdağı Salata,12,4.3
U1536,Kemalpaşa,11,3.8
U1536,Revani,6,3.7
U1536,Fırın Tavuk,11,4.8
U1536,Kadınbudu Köfte,11,3.3
U1536,Piliç Topkapı,1,4.4
U1537,Zeytinyağlı Enginar,14,4.2
U1537,Ton Balıklı Salata,11,3.8
U1537,Patates Salatası,11,4.3
U1537,İskender Kebap,4,4.3
U1537,Tavuk Döner,10,4.6
U1538,Su Böreği,13,4.1
U1538,Mercimek Köftesi,12,3.1
U1538,Ispanak Yemeği,7,4.7
U1538,Piliç Topkapı,14,4.4
U1538,Sütlaç,14,3.6
U1538,Pırasa Yemeği,11,3.3
U1539,Domates Çorbası,2,4.1
U1539,Köfte,5,4.1
U1539,Sezar Salata,1,3.6
U1539,Zeytinyağlı Taze Fasulye,12,3.6
U1539,Bulgur Pilavı,5,3.9
U1539,Karnıyarık,5,4.6
U1539,Kadınbudu Köfte,1,4.1
U1539,Su Böreği,7,3.5
U1539,Patates Kızartması,13,4.1
U1539,Makarna,12,3.1
U1540,Kadınbudu Köfte,12,4.0
U1540,Patates Kızartması,13,3.9
U1540,Mercimek Köftesi,7,4.5
U1540,Kuru Fasulye,1,4.9
U1540,Tavuk Şiş,14,3.3
U1541,Kemalpaşa,5,4.6
U1541,Mevsim Salata,12,3.9
U1541,Tas Kebabı,5,3.4
U1541,Tavuk Sote,1,3.9
U1541,Ton Balıklı Salata,8,4.9
U1541,Su Böreği,7,4.5
U1542,Tavuk Şiş,9,4.8
U1542,İrmik Helvası,9,4.9
U1542,Nohut,13,3.2
U1542,Su Böreği,5,4.6
U1542,Pirinç Pilavı,4,3.4
U1542,Et Sote,2,4.7
U1542,İskender Kebap,5,3.5
U1542,Aşure,1,3.6
U1542,Düğün Çorbası,11,3.5
U1542,Tas Kebabı,1,4.6
U1542,İmambayıldı,3,3.7
U1542,Sezar Salata,15,4.2
U1542,Makarna,1,4.7
U1543,Zeytinyağlı Enginar,6,3.0
U1543,Izgara Balık,6,3.7
U1543,Ispanak Yemeği,15,5.0
U1543,Zeytinyağlı Sarma,8,4.7
U1543,Mevsim Salata,9,3.2
U1543,Zeytinyağlı Taze Fasulye,6,4.1
U1543,Köfte,3,3.5
U1543,Mercimek Çorbası,7,3.4
U1543,Rus Salatası,4,3.3
U1543,Piliç Topkapı,2,3.3
U1543,Revani,10,3.8
U1543,Güllaç,14,3.4
U1543,Pırasa Yemeği,3,4.8
U1543,Tavuk Suyu Çorbası,9,4.4
U1544,Çoban Salata,10,4.0
U1544,Gavurdağı Salata,5,4.3
U1544,Kemalpaşa,8,4.9
U1544,Zeytinyağlı Sarma,6,4.1
U1544,İskender Kebap,7,3.3
U1544,Sütlaç,2,5.0
U1544,Patates Kızartması,6,4.7
U1544,Sezar Salata,3,4.7
U1544,İrmik Helvası,15,4.8
U1544,Izgara Balık,6,3.3
U1544,Güllaç,15,4.3
U1544,Baklava,3,4.5
U1544,Revani,12,4.6
U1544,Mercimek Çorbası,15,4.6
U1545,Sebze Graten,10,3.6
U1545,Sütlaç,6,4.7
U1545,İmambayıldı,3,5.0
U1545,Patates Kızartması,12,3.4
U1545,Kazandibi,13,3.7
U1545,Ton Balıklı Salata,2,4.2
U1545,Tavuk Suyu Çorbası,3,3.5
U1545,Kadınbudu Köfte,13,3.0
U1545,Pirinç Pilavı,12,4.2
U1545,Tavukgöğsü,10,4.1
U1545,Çoban Salata,12,4.3
U1545,İskender Kebap,3,4.9
U1546,Zeytinyağlı Sarma,15,4.1
U1546,Pirinç Pilavı,9,4.5
U1546,Et Döner,11,4.8
U1546,Makarna,3,3.5
U1546,Tavuk Suyu Çorbası,9,4.2
U1546,Sezar Salata,14,4.6
U1546,Orman Kebabı,8,3.4
U1546,Kuru Fasulye,15,4.5
U1546,Kazandibi,15,4.2
U1546,Rus Salatası,15,3.7
U1546,Çoban Salata,6,3.0
U1546,Ezogelin Çorbası,13,3.5
U1546,İrmik Helvası,1,4.0
U1547,Gavurdağı Salata,12,4.5
U1547,Profiterol,14,3.9
U1547,Mantar Çorbası,8,3.9
U1547,Tavuk Suyu Çorbası,15,3.0
U1547,Kemalpaşa,5,4.3
U1547,Karnıyarık,3,3.6
U1547,Ton Balıklı Salata,3,3.5
U1547,Nohut,13,4.5
U1547,Köfte,9,5.0
U1547,Çoban Salata,10,4.9
U1547,Aşure,11,3.8
U1547,Zeytinyağlı Sarma,5,3.2
U1548,Tavuk Suyu Çorbası,13,3.9
U1548,Et Döner,10,3.7
U1548,Mercimek Çorbası,2,3.9
U1548,İskender Kebap,7,3.8
U1548,Tavukgöğsü,5,3.9
U1548,Zeytinyağlı Sarma,15,3.3
U1548,Et Sote,12,4.0
U1548,Sezar Salata,12,3.6
U1548,Tavuk Şiş,5,3.4
U1548,Patates Salatası,14,4.1
U1548,Pırasa Yemeği,1,3.9
U1548,Ispanak Yemeği,6,5.0
U1548,Nohut,14,4.0
U1548,Yayla Çorbası,1,4.0
U1548,İmambayıldı,4,3.6
U1548,Zeytinyağlı Enginar,12,4.2
U1548,Mantar Çorbası,13,3.6
U1549,Ton Balıklı Salata,9,4.1
U1549,Nohut,12,5.0
U1549,Fırın Tavuk,10,3.6
U1549,Kadınbudu Köfte,1,4.2
U1549,Sigara Böreği,1,4.6
U1549,Pırasa Yemeği,7,3.7
U1549,Ispanak Yemeği,8,3.8
U1549,Revani,14,5.0
U1549,Mevsim Salata,14,3.7
U1549,Sebze Graten,10,3.9
U1550,Zeytinyağlı Enginar,10,4.3
U1550,Domates Çorbası,6,4.0
U1550,Sebze Graten,12,4.2
U1550,Yayla Çorbası,1,3.8
U1550,Tavuk Sote,3,4.0
U1550,Düğün Çorbası,12,3.3
U1550,Orman Kebabı,13,4.9
U1550,Tas Kebabı,14,4.0
U1550,Tavukgöğsü,11,4.7
U1550,Karnıyarık,7,3.2
U1550,Patates Kızartması,13,4.0
U1550,Nohut,11,3.5
U1550,Et Sote,12,4.6
U1550,Aşure,12,3.1
U1550,Izgara Balık,15,3.9
U1550,Fırın Tavuk,10,3.5
U1550,Sigara Böreği,5,4.8
U1550,Tavuk Suyu Çorbası,8,4.2
U1550,Makarna,8,3.9
U1551,Patates Kızartması,14,3.7
U1551,Patates Püresi,12,3.8
U1551,Fırın Tavuk,9,3.4
U1551,Zeytinyağlı Taze Fasulye,15,3.2
U1551,Izgara Balık,2,4.1
U1551,Revani,3,5.0
U1551,Mercimek Köftesi,13,4.6
U1551,Tavuk Şiş,9,4.2
U1551,Mantar Çorbası,10,4.9
U1551,Nohut,3,3.1
U1551,Kemalpaşa,15,3.1
U1551,Ispanak Yemeği,14,4.9
U1551,Tarhana Çorbası,3,3.7
U1551,İmambayıldı,1,4.0
U1552,Aşure,7,3.6
U1552,Orman Kebabı,11,4.2
U1552,Tavuk Döner,7,4.3
U1552,Zeytinyağlı Taze Fasulye,14,3.4
U1552,Rus Salatası,12,3.1
U1552,Bulgur Pilavı,6,4.5
U1552,Tavuk Suyu Çorbası,13,3.2
U1552,Yayla Çorbası,4,4.5
U1552,Mercimek Köftesi,4,4.7
U1552,Düğün Çorbası,1,3.8
U1552,Ton Balıklı Salata,7,3.3
U1552,Patates Salatası,2,4.7
U1553,Mercimek Çorbası,3,3.2
U1553,Et Sote,7,5.0
U1553,Nohut,8,4.9
U1553,Mevsim Salata,10,3.4
U1553,Zeytinyağlı Taze Fasulye,2,4.5
U1553,Patates Püresi,9,3.1
U1553,Mercimek Köftesi,5,4.7
U1553,Tarhana Çorbası,7,3.1
U1553,Çoban Salata,11,5.0
U1553,İmambayıldı,10,4.3
U1553,Makarna,12,4.1
U1553,Tas Kebabı,5,3.4
U1554,Kadınbudu Köfte,3,4.7
U1554,Tavuk Şiş,7,4.4
U1554,Sigara Böreği,12,3.3
U1554,Düğün Çorbası,12,4.9
U1554,Pirinç Pilavı,3,4.2
U1554,Izgara Balık,3,3.5
U1554,Mercimek Çorbası,6,3.9
U1554,Tarhana Çorbası,6,4.6
U1554,Zeytinyağlı Enginar,4,3.9
U1554,Profiterol,8,3.4
U1554,Sezar Salata,6,3.4
U1554,Hamsi Tava,4,4.3
U1554,Nohut,10,4.2
U1554,Et Sote,15,3.5
U1555,Revani,4,3.2
U1555,Patates Kızartması,2,3.9
U1555,Sütlaç,2,3.5
U1555,Makarna,8,4.4
U1555,Mevsim Salata,1,4.1
U1556,Sezar Salata,4,3.3
U1556,Patates Püresi,2,3.9
U1556,Mevsim Salata,2,3.3
U1556,Düğün Çorbası,14,4.4
U1556,İmambayıldı,8,4.8
U1556,Sebze Graten,1,4.6
U1556,Kemalpaşa,2,5.0
U1556,Mantar Çorbası,14,3.4
U1557,Orman Kebabı,3,4.4
U1557,İrmik Helvası,7,3.6
U1557,Gavurdağı Salata,3,3.7
U1557,Izgara Balık,5,4.3
U1557,Mevsim Salata,11,3.4
U1558,Pirinç Pilavı,5,3.4
U1558,Et Döner,9,3.7
U1558,Bulgur Pilavı,5,4.6
U1558,Ton Balıklı Salata,11,4.5
U1558,Pırasa Yemeği,14,3.7
U1558,Tavuk Döner,2,4.2
U1558,Baklava,8,3.9
U1558,Fırın Tavuk,8,3.1
U1558,Mevsim Salata,12,3.2
U1558,Tavukgöğsü,9,3.5
U1558,Tavuk Suyu Çorbası,15,4.8
U1558,Piliç Topkapı,9,4.3
U1558,Güllaç,15,4.1
U1558,Gavurdağı Salata,7,3.3
U1558,Zeytinyağlı Taze Fasulye,11,3.6
U1559,İrmik Helvası,3,4.7
U1559,Patates Püresi,14,3.3
U1559,Pirinç Pilavı,13,3.5
U1559,Nohut,2,3.2
U1559,Tas Kebabı,5,4.8
U1559,Yayla Çorbası,13,4.0
U1560,Ispanak Yemeği,15,4.2
U1560,Çoban Salata,14,3.7
U1560,Patates Salatası,12,4.1
U1560,Patates Kızartması,5,4.5
U1560,Et Sote,15,3.9
U1560,Revani,13,3.6
U1560,Tavuk Suyu Çorbası,15,4.7
U1560,Güllaç,15,3.3
U1560,Tavukgöğsü,5,4.8
U1560,Sütlaç,6,3.2
U1561,Bulgur Pilavı,8,4.5
U1561,Kadınbudu Köfte,10,4.9
U1561,Et Döner,5,4.2
U1561,Ispanak Yemeği,7,4.9
U1561,Düğün Çorbası,13,3.3
U1561,Sezar Salata,13,3.1
U1561,Mantar Çorbası,9,4.2
U1561,Kuru Fasulye,12,3.8
U1561,Profiterol,6,4.4
U1561,Fırın Tavuk,9,4.2
U1561,Tavuk Sote,3,4.0
U1562,Tavuk Sote,9,4.9
U1562,Kuru Fasulye,9,3.4
U1562,Mevsim Salata,15,3.7
U1562,Yayla Çorbası,15,3.1
U1562,Düğün Çorbası,15,4.1
U1562,Fırın Tavuk,10,4.2
U1563,Zeytinyağlı Taze Fasulye,3,4.3
U1563,İskender Kebap,11,3.9
U1563,Sütlaç,12,4.8
U1563,Sigara Böreği,4,4.7
U1563,Baklava,1,4.2
U1563,Nohut,14,3.2
U1563,Sezar Salata,5,3.2
U1563,Fırın Tavuk,8,3.1
U1563,Bulgur Pilavı,2,4.2
U1563,Tavuk Suyu Çorbası,13,3.7
U1563,Zeytinyağlı Sarma,12,3.5
U1563,İrmik Helvası,10,4.2
U1563,Kemalpaşa,2,4.3
U1563,Patates Kızartması,7,3.1
U1563,Güllaç,9,3.0
U1563,Tavuk Şiş,2,4.5
U1563,Çoban Salata,13,3.8
U1563,Piliç Topkapı,12,3.3
U1563,Mercimek Köftesi,4,4.6
U1563,Köfte,7,3.9
U1564,Yayla Çorbası,1,3.7
U1564,Tas Kebabı,5,3.1
U1564,Domates Çorbası,5,4.0
U1564,Tavuk Şiş,4,3.1
U1564,Sütlaç,1,3.4
U1564,Makarna,8,4.2
U1564,Pırasa Yemeği,11,3.4
U1564,Tavuk Suyu Çorbası,4,3.5
U1564,Sezar Salata,4,4.9
U1564,Tarhana Çorbası,15,4.4
U1564,Kuru Fasulye,1,4.0
U1564,Izgara Balık,4,4.9
U1564,Patates Püresi,15,3.7
U1564,Tavuk Sote,14,3.7
U1564,Çoban Salata,10,4.8
U1565,Izgara Balık,13,5.0
U1565,Kadınbudu Köfte,2,4.2
U1565,Mevsim Salata,4,5.0
U1565,Patates Kızartması,7,3.2
U1565,Ton Balıklı Salata,1,3.3
U1565,İrmik Helvası,10,3.6
U1565,Tavuk Döner,11,4.1
U1565,Mercimek Köftesi,7,3.7
U1565,Aşure,7,4.6
U1565,Et Sote,6,3.2
U1565,Tarhana Çorbası,12,4.8
U1565,Zeytinyağlı Taze Fasulye,9,4.5
U1565,Pırasa Yemeği,10,4.2
U1566,Tavuk Sote,7,4.7
U1566,Karnıyarık,11,3.8
U1566,Fırın Tavuk,9,4.9
U1566,Çoban Salata,11,3.4
U1566,Domates Çorbası,1,3.4
U1566,Nohut,7,4.2
U1566,Sebze Graten,9,4.2
U1566,İmambayıldı,12,4.2
U1567,Patates Salatası,1,3.0
U1567,Sigara Böreği,4,4.0
U1567,Profiterol,14,3.2
U1567,Kemalpaşa,10,4.9
U1567,Pirinç Pilavı,15,3.7
U1567,Ton Balıklı Salata,8,4.8
U1568,Makarna,6,3.3
U1568,Pirinç Pilavı,4,4.4
U1568,Güllaç,6,3.4
U1568,Mercimek Köftesi,1,3.2
U1568,Mercimek Çorbası,7,3.0
U1569,Yayla Çorbası,9,5.0
U1569,Ezogelin Çorbası,13,4.1
U1569,Mercimek Çorbası,13,3.3
U1569,Patates Püresi,13,3.9
U1569,Hamsi Tava,8,4.1
U1569,Sütlaç,8,3.1
U1569,Sezar Salata,14,3.6
U1569,Tavuk Sote,11,3.6
U1569,Mercimek Köftesi,8,3.5
U1569,Köfte,12,4.3
U1569,Zeytinyağlı Enginar,9,4.6
U1569,Tavukgöğsü,10,4.1
U1569,Patates Kızartması,6,3.5
U1569,Orman Kebabı,10,4.2
U1569,Patates Salatası,5,4.8
U1569,Mantar Çorbası,3,4.6
U1569,Kuru Fasulye,3,4.2
U1569,Sebze Graten,9,4.8
U1569,Su Böreği,12,4.2
U1569,Zeytinyağlı Taze Fasulye,12,3.4
U1570,Karnıyarık,5,3.4
U1570,Sigara Böreği,3,4.9
U1570,Çoban Salata,14,3.8
U1570,Izgara Balık,1,3.8
U1570,Köfte,5,4.3
U1570,Tavuk Suyu Çorbası,13,4.7
U1570,İmambayıldı,5,3.9
U1570,Sezar Salata,7,3.8
U1570,Kuru Fasulye,15,3.1
U1570,Kadınbudu Köfte,15,3.3
U1570,Revani,6,3.5
U1570,Güllaç,11,4.9
U1571,Et Döner,3,4.3
U1571,Patates Salatası,5,3.7
U1571,Ispanak Yemeği,13,3.1
U1571,Tas Kebabı,14,4.6
U1571,Gavurdağı Salata,6,4.1
U1571,Hamsi Tava,4,4.3
U1571,Aşure,6,4.4
U1571,Tavuk Döner,15,4.3
U1571,Çoban Salata,3,5.0
U1571,Mantar Çorbası,9,3.8
U1571,Rus Salatası,6,4.9
U1571,Izgara Balık,12,4.9
U1571,Köfte,3,4.6
U1571,Nohut,14,4.3
U1572,Mevsim Salata,13,3.5
U1572,Tavuk Suyu Çorbası,1,3.6
U1572,Köfte,15,3.7
U1572,Makarna,10,4.5
U1572,Karnıyarık,5,4.0
U1572,Gavurdağı Salata,1,3.3
U1572,Patates Kızartması,11,3.5
U1572,Et Döner,15,3.8
U1572,Aşure,12,4.6
U1572,Piliç Topkapı,4,3.4
U1572,Kadınbudu Köfte,2,4.6
U1572,Revani,12,4.5
U1572,İskender Kebap,10,4.4
U1572,Düğün Çorbası,5,4.6
U1573,Aşure,4,4.3
U1573,Fırın Tavuk,10,3.2
U1573,Köfte,8,3.7
U1573,Tas Kebabı,1,3.4
U1573,İskender Kebap,1,5.0
U1573,Sebze Graten,6,4.5
U1573,Patates Püresi,1,3.2
U1573,Sütlaç,9,4.4
U1574,Düğün Çorbası,4,3.7
U1574,Bulgur Pilavı,11,4.8
U1574,İskender Kebap,2,3.9
U1574,Kadınbudu Köfte,4,4.8
U1574,Çoban Salata,12,3.3
U1574,Gavurdağı Salata,7,3.9
U1574,Sezar Salata,13,3.2
U1574,Domates Çorbası,6,4.7
U1574,İmambayıldı,6,4.7
U1574,Su Böreği,15,4.9
U1574,Makarna,11,3.6
U1574,Nohut,5,4.2
U1574,Ispanak Yemeği,6,4.3
U1574,Kuru Fasulye,3,3.3
U1575,Baklava,6,4.1
U1575,Tas Kebabı,13,4.1
U1575,Kuru Fasulye,9,4.2
U1575,Güllaç,1,4.2
U1575,İskender Kebap,15,3.2
U1575,Patates Kızartması,7,3.8
U1575,Mevsim Salata,2,3.7
U1575,Zeytinyağlı Taze Fasulye,13,3.0
U1575,Izgara Balık,7,4.4
U1575,Pirinç Pilavı,5,4.4
U1575,Tavukgöğsü,2,4.3
U1575,Zeytinyağlı Enginar,13,3.1
U1575,Sebze Graten,13,4.4
U1575,Düğün Çorbası,15,4.1
U1575,Patates Salatası,10,3.9
U1575,Orman Kebabı,9,4.5
U1575,Et Döner,8,3.2
U1575,Kazandibi,4,3.5
U1575,Kadınbudu Köfte,3,3.8
U1576,Zeytinyağlı Taze Fasulye,15,3.4
U1576,Patates Salatası,6,4.1
U1576,Mevsim Salata,2,4.1
U1576,Su Böreği,2,3.6
U1576,Tavuk Suyu Çorbası,5,3.0
U1576,Hamsi Tava,2,3.3
U1577,Su Böreği,6,4.4
U1577,Mevsim Salata,4,3.4
U1577,Bulgur Pilavı,11,3.8
U1577,Piliç Topkapı,5,4.4
U1577,Kadınbudu Köfte,5,4.6
U1577,Mercimek Çorbası,2,4.3
U1577,Fırın Tavuk,6,4.6
U1577,Mercimek Köftesi,3,3.4
U1578,Izgara Balık,15,4.3
U1578,İmambayıldı,1,4.7
U1578,Patates Salatası,5,4.6
U1578,Baklava,2,4.9
U1578,Köfte,3,4.9
U1578,Düğün Çorbası,9,4.4
U1578,Bulgur Pilavı,13,4.4
U1578,İrmik Helvası,3,4.0
U1578,Sigara Böreği,7,4.2
U1578,Sebze Graten,11,4.4
U1578,Gavurdağı Salata,9,3.3
U1578,Kemalpaşa,7,4.7
U1578,Sezar Salata,6,4.0
U1578,Su Böreği,8,4.5
U1578,Tavuk Şiş,13,4.8
U1578,Ezogelin Çorbası,11,3.8
U1579,Tas Kebabı,12,4.5
U1579,Mercimek Çorbası,3,4.9
U1579,Mevsim Salata,8,3.4
U1579,Sütlaç,1,4.3
U1579,Mercimek Köftesi,1,4.4
U1579,Baklava,15,4.9
U1580,Düğün Çorbası,2,4.2
U1580,Nohut,11,4.5
U1580,Gavurdağı Salata,6,3.9
U1580,Orman Kebabı,15,3.6
U1580,Kemalpaşa,4,4.2
U1580,Sütlaç,2,4.0
U1580,Profiterol,11,3.8
U1580,Rus Salatası,8,3.6
U1580,Tas Kebabı,4,3.9
U1581,Piliç Topkapı,15,4.6
U1581,Patates Salatası,4,3.0
U1581,Makarna,9,4.7
U1581,Zeytinyağlı Enginar,3,3.0
U1581,Ispanak Yemeği,9,4.8
U1581,Domates Çorbası,1,4.3
U1581,Kadınbudu Köfte,8,4.3
U1581,İskender Kebap,7,4.9
U1581,Tavuk Şiş,5,3.7
U1581,Tavuk Suyu Çorbası,8,4.6
U1581,Patates Kızartması,15,3.5
U1581,Zeytinyağlı Sarma,7,4.1
U1581,Kuru Fasulye,10,3.9
U1581,Çoban Salata,6,3.9
U1582,Revani,15,3.1
U1582,Mantar Çorbası,14,3.9
U1582,Bulgur Pilavı,5,4.8
U1582,Patates Püresi,6,4.5
U1582,Zeytinyağlı Taze Fasulye,8,4.8
U1582,Makarna,15,4.6
U1582,Kadınbudu Köfte,5,4.6
U1582,Kazandibi,15,4.7
U1582,Orman Kebabı,5,3.9
U1582,Sezar Salata,13,3.7
U1582,Köfte,3,3.5
U1582,İskender Kebap,6,3.9
U1582,Mercimek Çorbası,14,4.2
U1582,Güllaç,14,3.4
U1582,Zeytinyağlı Enginar,8,3.5
U1582,Tavuk Suyu Çorbası,7,3.4
U1582,Et Döner,15,3.9
U1582,Düğün Çorbası,5,3.6
U1583,Sebze Graten,11,3.3
U1583,Domates Çorbası,15,3.2
U1583,Ton Balıklı Salata,1,3.0
U1583,Ispanak Yemeği,13,3.3
U1583,Aşure,1,3.3
U1583,Et Sote,7,4.3
U1583,Patates Salatası,3,4.3
U1583,Tas Kebabı,15,4.7
U1583,Tavuk Döner,15,3.2
U1583,Patates Püresi,10,5.0
U1583,Çoban Salata,4,3.6
U1583,Orman Kebabı,14,4.1
U1583,Karnıyarık,6,3.5
U1584,Düğün Çorbası,10,5.0
U1584,Pirinç Pilavı,14,3.2
U1584,İmambayıldı,8,3.1
U1584,Köfte,2,3.8
U1584,Tas Kebabı,14,3.1
U1584,Baklava,11,3.6
U1584,Mevsim Salata,7,3.2
U1584,Tavukgöğsü,5,3.4
U1584,Yayla Çorbası,13,4.4
U1584,Tarhana Çorbası,15,4.0
U1584,Ton Balıklı Salata,8,3.0
U1584,Sütlaç,13,3.6
U1585,Tavuk Şiş,15,4.7
U1585,Kemalpaşa,5,3.1
U1585,Ezogelin Çorbası,11,3.5
U1585,Mercimek Köftesi,8,3.8
U1585,Köfte,8,3.1
U1585,Patates Püresi,2,4.0
U1585,Baklava,4,4.8
U1585,Pirinç Pilavı,7,3.3
U1585,Tavukgöğsü,13,4.7
U1585,Sezar Salata,2,4.9
U1585,Kazandibi,11,3.3
U1585,Mantar Çorbası,9,4.3
U1585,Profiterol,1,3.6
U1585,Kadınbudu Köfte,2,4.1
U1585,Bulgur Pilavı,6,3.6
U1585,Aşure,1,4.6
U1586,Zeytinyağlı Enginar,15,3.5
U1586,Ton Balıklı Salata,8,4.8
U1586,Su Böreği,14,3.7
U1586,Mercimek Köftesi,11,3.4
U1586,Rus Salatası,15,3.2
U1586,Patates Salatası,14,3.5
U1586,Yayla Çorbası,9,3.5
U1586,Et Döner,15,4.3
U1586,Gavurdağı Salata,5,3.4
U1586,İrmik Helvası,4,3.3
U1587,Bulgur Pilavı,5,5.0
U1587,Gavurdağı Salata,4,3.9
U1587,Sütlaç,13,4.5
U1587,Patates Kızartması,5,4.2
U1587,Rus Salatası,13,4.4
U1587,Tavukgöğsü,8,3.3
U1587,Domates Çorbası,5,4.8
U1587,Baklava,4,3.0
U1587,Mantar Çorbası,4,4.4
U1587,Patates Salatası,5,3.6
U1588,Baklava,9,4.1
U1588,Pirinç Pilavı,6,3.1
U1588,Tavuk Suyu Çorbası,9,4.9
U1588,Gavurdağı Salata,12,3.2
U1588,Kemalpaşa,4,4.7
U1588,Sebze Graten,1,4.0
U1588,Güllaç,10,4.3
U1589,Zeytinyağlı Taze Fasulye,6,4.4
U1589,Tavuk Döner,4,4.6
U1589,Kuru Fasulye,11,4.8
U1589,Domates Çorbası,15,4.3
U1589,Orman Kebabı,13,3.8
U1589,Profiterol,4,4.6
U1589,Aşure,11,3.5
U1589,Su Böreği,13,4.9
U1589,Tavuk Sote,15,3.8
U1589,Zeytinyağlı Enginar,5,3.5
U1589,Karnıyarık,7,3.8
U1589,Et Döner,10,4.8
U1589,Patates Salatası,6,3.6
U1589,Makarna,4,4.0
U1589,Kazandibi,3,4.6
U1589,Kadınbudu Köfte,9,4.3
U1589,İskender Kebap,13,3.7
U1590,İmambayıldı,12,3.0
U1590,Orman Kebabı,4,4.0
U1590,Gavurdağı Salata,7,4.7
U1590,Nohut,1,3.1
U1590,Makarna,8,3.3
U1590,Güllaç,4,3.8
U1590,Piliç Topkapı,5,3.5
U1590,Bulgur Pilavı,9,4.0
U1591,Et Sote,11,3.9
U1591,Karnıyarık,7,4.1
U1591,Mercimek Çorbası,12,4.1
U1591,Zeytinyağlı Enginar,7,3.6
U1591,İskender Kebap,10,3.3
U1591,Kuru Fasulye,12,5.0
U1591,Pirinç Pilavı,12,3.0
U1591,Sebze Graten,12,5.0
U1592,Kadınbudu Köfte,3,4.1
U1592,Orman Kebabı,10,4.2
U1592,Hamsi Tava,10,3.9
U1592,Mantar Çorbası,12,3.4
U1592,Sigara Böreği,13,3.9
U1592,Ezogelin Çorbası,15,3.6
U1592,Tavukgöğsü,6,4.8
U1592,Güllaç,4,3.7
U1592,Karnıyarık,6,4.6
U1592,Patates Salatası,13,3.7
U1592,İmambayıldı,3,4.4
U1592,Et Döner,12,3.9
U1593,Kuru Fasulye,7,3.9
U1593,Izgara Balık,2,5.0
U1593,Su Böreği,15,3.4
U1593,Düğün Çorbası,10,4.7
U1593,Çoban Salata,11,4.7
U1593,Aşure,6,4.9
U1593,Karnıyarık,6,3.1
U1593,Makarna,13,3.4
U1593,Ispanak Yemeği,12,3.9
U1593,Tavuk Suyu Çorbası,10,4.6
U1593,Rus Salatası,11,3.7
U1593,Nohut,6,3.0
U1594,Zeytinyağlı Sarma,4,4.2
U1594,İrmik Helvası,12,4.3
U1594,Piliç Topkapı,10,4.1
U1594,Bulgur Pilavı,10,3.1
U1594,Pirinç Pilavı,8,3.7
U1594,Kemalpaşa,9,4.4
U1594,Tavuk Şiş,13,3.8
U1594,Mantar Çorbası,12,4.5
U1594,Mercimek Çorbası,6,4.9
U1594,Makarna,7,4.4
U1594,Revani,12,3.2
U1594,Baklava,12,3.1
U1594,Köfte,11,4.6
U1594,Ton Balıklı Salata,6,3.5
U1594,Mercimek Köftesi,5,3.1
U1594,Su Böreği,2,3.4
U1594,Et Döner,14,4.0
U1594,Mevsim Salata,4,3.8
U1595,Revani,15,4.9
U1595,Sigara Böreği,5,4.3
U1595,Mercimek Çorbası,5,4.7
U1595,Ezogelin Çorbası,11,4.9
U1595,Tas Kebabı,13,4.7
U1595,Aşure,7,3.3
U1595,Su Böreği,4,3.5
U1595,Tarhana Çorbası,10,4.6
U1595,Tavuk Döner,5,4.6
U1595,Nohut,13,3.1
U1595,İmambayıldı,2,4.7
U1595,Sebze Graten,10,3.5
U1596,Zeytinyağlı Enginar,13,4.3
U1596,Güllaç,1,4.9
U1596,İrmik Helvası,12,3.1
U1596,Yayla Çorbası,5,3.6
U1596,Tavuk Sote,1,3.6
U1596,Rus Salatası,1,3.0
U1596,Düğün Çorbası,11,3.9
U1596,Et Döner,4,4.5
U1596,Sigara Böreği,6,3.2
U1596,Tavuk Suyu Çorbası,9,4.5
U1596,Gavurdağı Salata,3,4.8
U1596,Et Sote,12,3.5
U1596,İskender Kebap,9,5.0
U1597,İmambayıldı,15,4.4
U1597,Mantar Çorbası,9,3.6
U1597,Rus Salatası,6,3.5
U1597,Izgara Balık,5,4.7
U1597,Güllaç,3,5.0
U1597,Baklava,9,4.5
U1597,Mercimek Köftesi,5,4.8
U1597,Profiterol,14,4.0
U1597,Hamsi Tava,12,5.0
U1597,Patates Püresi,12,4.5
U1597,Gavurdağı Salata,1,3.9
U1597,Tavuk Sote,4,5.0
U1597,İrmik Helvası,9,3.5
U1597,Ispanak Yemeği,5,3.5
U1597,Mercimek Çorbası,7,4.9
U1597,Orman Kebabı,13,4.2
U1597,Sigara Böreği,13,3.5
U1597,Domates Çorbası,2,3.6
U1597,Çoban Salata,8,4.7
U1597,Patates Salatası,9,4.4
U1598,Zeytinyağlı Enginar,3,3.6
U1598,Mercimek Köftesi,11,3.9
U1598,Tavuk Şiş,8,3.3
U1598,Zeytinyağlı Sarma,13,4.7
U1598,Baklava,10,3.8
U1598,İrmik Helvası,2,4.0
U1598,Tavukgöğsü,4,3.9
U1598,Ispanak Yemeği,7,3.2
U1599,Et Sote,11,3.0
U1599,Mercimek Köftesi,14,3.3
U1599,Kadınbudu Köfte,5,3.2
U1599,Nohut,1,3.7
U1599,Düğün Çorbası,15,3.9
U1599,Tavuk Şiş,2,4.3
U1599,İrmik Helvası,9,4.0
U1599,İmambayıldı,13,4.7
U1599,Patates Salatası,14,4.2
U1599,Patates Püresi,10,4.5
U1599,Ezogelin Çorbası,8,4.2
U1599,İskender Kebap,10,3.9
U1599,Yayla Çorbası,4,3.9
U1599,Kuru Fasulye,6,3.6
U1600,Mercimek Çorbası,8,4.1
U1600,Revani,14,4.9
U1600,Ezogelin Çorbası,8,4.0
U1600,Sezar Salata,12,3.0
U1600,Tavuk Döner,14,4.2
U1600,Bulgur Pilavı,12,4.1
U1600,Piliç Topkapı,2,4.4
U1600,Hamsi Tava,10,3.1
U1600,Makarna,1,3.7
U1600,Gavurdağı Salata,14,3.4
U1600,Sebze Graten,6,3.1
U1600,Zeytinyağlı Enginar,9,3.0
U1600,Çoban Salata,15,4.3
U1600,Orman Kebabı,7,4.5
U1600,Tavuk Şiş,1,4.9
U1600,İskender Kebap,6,3.9
U1600,Kadınbudu Köfte,14,3.4
U1600,Izgara Balık,13,4.5
U1601,Patates Kızartması,9,4.9
U1601,Makarna,3,3.6
U1601,Tavuk Suyu Çorbası,11,4.1
U1601,Tas Kebabı,6,3.4
U1601,İmambayıldı,13,4.8
U1601,Zeytinyağlı Enginar,2,3.8
U1601,Kadınbudu Köfte,9,4.6
U1602,Su Böreği,11,3.7
U1602,Tarhana Çorbası,1,4.8
U1602,Ezogelin Çorbası,10,3.1
U1602,Sebze Graten,9,4.2
U1602,Mantar Çorbası,3,4.1
U1602,Kadınbudu Köfte,15,4.7
U1602,Piliç Topkapı,3,3.4
U1602,Zeytinyağlı Enginar,15,3.9
U1602,Mevsim Salata,3,3.3
U1602,Tas Kebabı,6,3.7
U1602,Tavuk Şiş,9,3.4
U1602,Tavuk Suyu Çorbası,8,4.2
U1602,Baklava,11,4.3
U1602,Ispanak Yemeği,3,4.7
U1602,Çoban Salata,15,4.6
U1602,Nohut,4,3.2
U1603,Çoban Salata,6,4.1
U1603,Tavuk Suyu Çorbası,8,3.6
U1603,Zeytinyağlı Sarma,14,4.3
U1603,Gavurdağı Salata,13,3.7
U1603,Et Sote,14,5.0
U1603,Orman Kebabı,12,4.8
U1603,Kazandibi,15,4.8
U1604,Ezogelin Çorbası,5,3.2
U1604,Kemalpaşa,13,4.7
U1604,Patates Püresi,4,3.5
U1604,Revani,6,3.2
U1604,Makarna,6,4.5
U1604,Zeytinyağlı Enginar,13,3.4
U1604,Köfte,9,4.5
U1604,Patates Kızartması,6,4.5
U1604,Sütlaç,6,3.6
U1604,Tavukgöğsü,7,4.1
U1604,Kuru Fasulye,15,5.0
U1604,Karnıyarık,10,4.5
U1604,İmambayıldı,5,3.1
U1604,Yayla Çorbası,9,3.4
U1604,Güllaç,13,3.4
U1604,Baklava,9,4.3
U1604,Mantar Çorbası,13,3.3
U1604,Sigara Böreği,12,3.4
U1605,Hamsi Tava,2,4.9
U1605,Düğün Çorbası,12,4.1
U1605,Tavukgöğsü,11,3.1
U1605,Mevsim Salata,14,4.8
U1605,Köfte,8,3.5
U1605,Gavurdağı Salata,15,4.7
U1605,Karnıyarık,7,4.9
U1605,Sezar Salata,15,3.4
U1605,Domates Çorbası,15,4.5
U1605,Pirinç Pilavı,14,4.5
U1605,Et Sote,9,4.2
U1605,Tavuk Şiş,1,4.3
U1605,Makarna,11,4.8
U1605,Tas Kebabı,5,3.9
U1605,Revani,5,4.7
U1605,Yayla Çorbası,14,3.8
U1605,Et Döner,7,4.2
U1605,Kadınbudu Köfte,6,4.7
U1606,Yayla Çorbası,3,3.7
U1606,Bulgur Pilavı,9,4.6
U1606,Mevsim Salata,15,4.1
U1606,Patates Püresi,12,3.6
U1606,Tavuk Sote,1,3.4
U1606,Patates Salatası,9,4.1
U1606,Sigara Böreği,14,4.0
U1606,Sebze Graten,8,5.0
U1606,Düğün Çorbası,10,3.2
U1606,Ispanak Yemeği,2,4.6
U1606,Piliç Topkapı,13,4.3
U1606,Mercimek Köftesi,15,3.2
U1606,Çoban Salata,15,3.8
U1606,Tavuk Şiş,8,4.8
U1607,Orman Kebabı,10,3.7
U1607,Yayla Çorbası,8,4.3
U1607,Sigara Böreği,4,4.4
U1607,Patates Püresi,8,3.7
U1607,Mercimek Köftesi,10,4.9
U1607,Mercimek Çorbası,12,3.4
U1607,Tavukgöğsü,6,3.6
U1607,Kadınbudu Köfte,11,3.0
U1607,Tavuk Sote,3,3.6
U1607,Karnıyarık,11,4.4
U1607,Su Böreği,7,3.6
U1607,Sütlaç,1,3.6
U1607,Pirinç Pilavı,10,3.1
U1607,Kuru Fasulye,10,3.2
U1607,Et Döner,6,4.9
U1607,Nohut,1,4.8
U1607,Sebze Graten,8,4.5
U1607,Zeytinyağlı Enginar,12,4.8
U1608,Ispanak Yemeği,12,3.8
U1608,İrmik Helvası,2,3.5
U1608,Kadınbudu Köfte,9,5.0
U1608,Domates Çorbası,5,4.6
U1608,Fırın Tavuk,5,4.6
U1608,Makarna,6,3.8
U1608,Rus Salatası,12,4.0
U1608,Sigara Böreği,9,4.4
U1608,Zeytinyağlı Taze Fasulye,5,3.9
U1608,Düğün Çorbası,7,4.1
U1608,Izgara Balık,4,4.8
U1608,Ezogelin Çorbası,4,4.0
U1608,Güllaç,9,4.5
U1608,Tarhana Çorbası,7,4.5
U1608,Pırasa Yemeği,12,3.9
U1608,Bulgur Pilavı,5,3.1
U1608,Patates Püresi,6,3.6
U1608,Zeytinyağlı Enginar,1,4.9
U1608,Baklava,9,3.8
U1609,Karnıyarık,3,3.6
U1609,Rus Salatası,13,3.1
U1609,Ispanak Yemeği,8,4.1
U1609,Baklava,12,4.0
U1609,Sebze Graten,2,3.8
U1609,Orman Kebabı,4,4.9
U1609,Tavuk Şiş,6,3.8
U1609,Sütlaç,6,4.1
U1609,Mantar Çorbası,6,3.1
U1609,Tarhana Çorbası,13,3.1
U1609,Gavurdağı Salata,5,4.5
U1609,Nohut,14,4.2
U1609,Kazandibi,10,3.1
U1609,Kuru Fasulye,7,4.1
U1609,Düğün Çorbası,2,4.3
U1609,İrmik Helvası,3,3.6
U1610,Hamsi Tava,7,3.7
U1610,Zeytinyağlı Enginar,6,4.8
U1610,Et Döner,2,3.9
U1610,Izgara Balık,7,4.4
U1610,Tarhana Çorbası,7,4.8
U1610,Kadınbudu Köfte,4,3.6
U1610,Tavukgöğsü,1,4.4
U1610,Kemalpaşa,13,3.1
U1610,Pırasa Yemeği,13,4.6
U1611,İskender Kebap,6,3.9
U1611,Izgara Balık,15,4.2
U1611,Mercimek Çorbası,1,3.8
U1611,Mercimek Köftesi,5,3.2
U1611,Piliç Topkapı,1,3.3
U1611,Sebze Graten,7,4.1
U1611,Makarna,15,3.0
U1611,Bulgur Pilavı,9,4.4
U1611,Pirinç Pilavı,14,4.9
U1611,Çoban Salata,12,3.7
U1611,Patates Salatası,12,4.9
U1611,Güllaç,5,3.9
U1612,Ton Balıklı Salata,11,4.2
U1612,Patates Salatası,3,3.5
U1612,Nohut,2,3.6
U1612,Ezogelin Çorbası,4,4.6
U1612,Tavuk Döner,6,4.8
U1612,İskender Kebap,2,4.0
U1612,Revani,6,3.9
U1612,Tas Kebabı,14,3.9
U1612,Piliç Topkapı,4,4.3
U1612,Mantar Çorbası,2,3.9
U1612,Patates Kızartması,5,3.8
U1612,Makarna,9,3.3
U1612,Fırın Tavuk,4,4.9
U1612,Hamsi Tava,10,3.6
U1612,Tarhana Çorbası,14,3.9
U1612,Tavuk Şiş,3,4.9
U1612,Zeytinyağlı Enginar,7,3.3
U1613,Gavurdağı Salata,7,3.4
U1613,Baklava,5,3.3
U1613,Aşure,14,4.7
U1613,Zeytinyağlı Taze Fasulye,2,3.3
U1613,Su Böreği,5,4.0
U1613,Kadınbudu Köfte,3,4.1
U1613,Köfte,9,3.9
U1613,Tavuk Suyu Çorbası,10,4.3
U1614,Yayla Çorbası,12,4.5
U1614,Tavuk Suyu Çorbası,6,3.2
U1614,Izgara Balık,3,3.6
U1614,İskender Kebap,7,4.8
U1614,Mercimek Çorbası,10,4.7
U1614,Mercimek Köftesi,11,4.0
U1614,Patates Kızartması,2,4.7
U1614,Düğün Çorbası,4,3.5
U1614,Makarna,15,4.8
U1614,Karnıyarık,15,4.3
U1614,Mantar Çorbası,10,4.3
U1614,Zeytinyağlı Enginar,15,4.4
U1614,Aşure,9,4.3
U1614,Tavuk Sote,15,3.7
U1614,Mevsim Salata,6,4.6
U1614,Ezogelin Çorbası,2,4.1
U1614,Tavuk Şiş,12,3.7
U1614,Tavukgöğsü,14,3.2
U1614,Kuru Fasulye,5,4.9
U1614,Sezar Salata,8,3.9
U1615,Zeytinyağlı Enginar,6,3.5
U1615,Patates Salatası,9,4.9
U1615,Yayla Çorbası,15,4.9
U1615,Ezogelin Çorbası,3,3.6
U1615,İmambayıldı,12,4.4
U1615,Orman Kebabı,14,4.5
U1615,Pirinç Pilavı,12,4.9
U1615,Sezar Salata,15,4.1
U1615,Tavukgöğsü,5,4.2
U1615,Ton Balıklı Salata,8,4.3
U1615,Karnıyarık,13,4.8
U1615,Tavuk Suyu Çorbası,4,4.6
U1615,Fırın Tavuk,7,3.6
U1615,Kadınbudu Köfte,3,3.2
U1615,İskender Kebap,4,3.3
U1615,Makarna,4,4.4
U1616,Pırasa Yemeği,1,4.7
U1616,Patates Kızartması,13,3.7
U1616,Kemalpaşa,9,3.8
U1616,Et Sote,8,4.3
U1616,Gavurdağı Salata,12,3.5
U1616,Çoban Salata,7,4.0
U1616,Pirinç Pilavı,12,4.0
U1616,Orman Kebabı,15,4.4
U1616,Kazandibi,6,4.8
U1616,Rus Salatası,3,3.0
U1616,Hamsi Tava,11,4.2
U1616,Mevsim Salata,2,4.1
U1616,Bulgur Pilavı,7,5.0
U1616,Baklava,13,4.6
U1617,Zeytinyağlı Enginar,10,3.4
U1617,Yayla Çorbası,4,4.7
U1617,Köfte,2,4.4
U1617,Tavuk Sote,15,4.2
U1617,İmambayıldı,12,3.6
U1617,Sezar Salata,2,3.4
U1617,Mevsim Salata,13,3.5
U1617,Patates Kızartması,10,3.6
U1617,Bulgur Pilavı,8,4.5
U1618,Tas Kebabı,15,4.2
U1618,Gavurdağı Salata,7,4.5
U1618,Düğün Çorbası,7,4.7
U1618,Patates Salatası,8,3.8
U1618,Karnıyarık,9,3.1
U1618,Piliç Topkapı,7,3.2
U1618,Nohut,7,4.4
U1618,Patates Püresi,13,4.0
U1618,Orman Kebabı,9,4.3
U1618,Mercimek Çorbası,6,3.9
U1618,Kazandibi,6,3.6
U1618,Tarhana Çorbası,9,3.8
U1618,Et Döner,14,3.1
U1618,Ton Balıklı Salata,5,3.4
U1618,Kuru Fasulye,12,3.4
U1618,Köfte,8,4.7
U1618,Revani,2,3.5
U1618,Mantar Çorbası,3,4.7
U1618,Pırasa Yemeği,11,4.6
U1619,Orman Kebabı,3,3.4
U1619,Pırasa Yemeği,4,4.2
U1619,Karnıyarık,2,4.3
U1619,Mercimek Çorbası,6,3.6
U1619,Revani,7,3.6
U1619,Gavurdağı Salata,8,4.1
U1619,Aşure,1,3.7
U1619,Tavuk Şiş,7,4.4
U1620,Kazandibi,1,4.5
U1620,Makarna,8,4.1
U1620,Tavuk Döner,8,3.7
U1620,Yayla Çorbası,5,4.6
U1620,Çoban Salata,5,4.9
U1620,Köfte,4,4.5
U1620,Izgara Balık,14,4.0
U1620,Güllaç,8,4.9
U1620,Domates Çorbası,1,4.8
U1620,Tas Kebabı,2,3.8
U1621,Sezar Salata,4,3.4
U1621,Kazandibi,10,4.6
U1621,Yayla Çorbası,13,4.4
U1621,Nohut,7,4.3
U1621,Kadınbudu Köfte,13,3.8
U1621,Su Böreği,3,4.1
U1621,Kuru Fasulye,2,3.9
U1621,Pırasa Yemeği,9,4.5
U1621,Köfte,10,3.3
U1622,Mercimek Köftesi,14,3.5
U1622,Ispanak Yemeği,1,4.8
U1622,Pırasa Yemeği,9,4.7
U1622,Bulgur Pilavı,14,4.2
U1622,Gavurdağı Salata,12,4.3
U1622,Revani,6,4.3
U1622,Tavuk Suyu Çorbası,8,4.0
U1622,Kuru Fasulye,10,4.8
U1622,Et Döner,7,4.4
U1622,Düğün Çorbası,6,3.9
U1623,Tas Kebabı,1,4.5
U1623,Zeytinyağlı Sarma,15,4.6
U1623,Su Böreği,9,4.8
U1623,Izgara Balık,13,4.8
U1623,Baklava,1,4.3
U1623,Aşure,9,4.9
U1623,Et Döner,2,3.6
U1623,Et Sote,7,3.7
U1623,Mercimek Çorbası,4,3.7
U1623,Pırasa Yemeği,3,3.3
U1623,Tavuk Şiş,9,3.3
U1623,Kuru Fasulye,9,3.8
U1623,Rus Salatası,11,4.3
U1623,Sütlaç,6,3.2
U1623,Domates Çorbası,4,4.2
U1623,Sigara Böreği,14,4.0
U1624,Sezar Salata,6,4.3
U1624,Tavukgöğsü,15,4.4
U1624,Köfte,8,3.4
U1624,Düğün Çorbası,13,3.0
U1624,Ezogelin Çorbası,13,4.2
U1625,Güllaç,5,4.2
U1625,Revani,14,4.0
U1625,Zeytinyağlı Taze Fasulye,9,4.2
U1625,Su Böreği,1,3.2
U1625,Gavurdağı Salata,1,3.6
U1625,Çoban Salata,2,4.2
U1625,Yayla Çorbası,8,3.4
U1625,Tarhana Çorbası,5,3.1
U1625,Makarna,11,3.5
U1625,Sebze Graten,9,3.6
U1625,Mercimek Çorbası,2,3.6
U1625,Baklava,1,4.3
U1625,Tas Kebabı,9,3.8
U1625,Sezar Salata,5,4.4
U1626,Revani,4,3.6
U1626,Sigara Böreği,15,4.8
U1626,Profiterol,13,3.5
U1626,Zeytinyağlı Enginar,6,3.4
U1626,Yayla Çorbası,7,4.8
U1626,Gavurdağı Salata,1,4.5
U1626,Aşure,4,4.2
U1626,Tavuk Şiş,13,3.6
U1626,Mevsim Salata,14,4.2
U1626,Sezar Salata,9,3.5
U1626,İmambayıldı,6,3.8
U1626,İskender Kebap,9,3.5
U1626,Güllaç,4,3.7
U1626,Pırasa Yemeği,2,3.5
U1626,Kazandibi,1,4.0
U1627,Sigara Böreği,10,5.0
U1627,Aşure,15,3.1
U1627,Et Sote,8,3.1
U1627,Baklava,15,4.5
U1627,Et Döner,7,3.9
U1627,Kadınbudu Köfte,6,3.7
U1627,Patates Püresi,12,3.9
U1627,Orman Kebabı,12,4.2
U1627,Kazandibi,1,4.8
U1627,Ezogelin Çorbası,4,3.8
U1627,Karnıyarık,5,4.9
U1627,Mantar Çorbası,5,3.2
U1627,Ispanak Yemeği,6,3.6
U1627,Pırasa Yemeği,9,3.1
U1627,Mevsim Salata,8,3.7
U1628,Bulgur Pilavı,15,5.0
U1628,Zeytinyağlı Enginar,6,3.1
U1628,Hamsi Tava,15,4.0
U1628,Ezogelin Çorbası,6,4.5
U1628,Mevsim Salata,12,3.7
U1628,Pirinç Pilavı,12,3.9
U1628,Tas Kebabı,9,3.8
U1628,Zeytinyağlı Taze Fasulye,6,3.7
U1628,İrmik Helvası,3,4.6
U1629,Makarna,4,3.3
U1629,Pırasa Yemeği,14,4.6
U1629,Yayla Çorbası,3,5.0
U1629,Domates Çorbası,4,4.9
U1629,Pirinç Pilavı,4,4.4
U1629,Düğün Çorbası,15,3.4
U1629,Tavuk Sote,14,4.4
U1629,Ezogelin Çorbası,13,4.1
U1630,Patates Salatası,9,3.4
U1630,Aşure,10,4.7
U1630,İmambayıldı,14,3.1
U1630,Zeytinyağlı Taze Fasulye,8,4.7
U1630,Patates Püresi,3,4.6
U1630,Tavuk Döner,15,4.9
U1630,Mercimek Çorbası,15,3.3
U1631,Ispanak Yemeği,4,4.9
U1631,Tavuk Döner,14,4.6
U1631,Kemalpaşa,5,3.2
U1631,İmambayıldı,14,3.9
U1631,Tavuk Sote,7,3.4
U1631,Sezar Salata,4,3.6
U1631,Zeytinyağlı Enginar,6,3.8
U1631,Et Sote,11,3.9
U1632,Tavuk Sote,1,4.5
U1632,Profiterol,6,3.5
U1632,Et Sote,7,4.0
U1632,Gavurdağı Salata,7,4.9
U1632,Kemalpaşa,10,4.0
U1632,Sütlaç,13,4.3
U1632,Tas Kebabı,4,4.4
U1633,Hamsi Tava,13,3.5
U1633,Izgara Balık,1,3.7
U1633,Domates Çorbası,15,4.5
U1633,Baklava,11,4.4
U1633,Sigara Böreği,11,3.4
U1633,Zeytinyağlı Sarma,13,3.3
U1634,Gavurdağı Salata,7,4.9
U1634,Pirinç Pilavı,1,3.3
U1634,Ton Balıklı Salata,2,4.5
U1634,Mevsim Salata,9,4.4
U1634,İrmik Helvası,11,4.7
U1634,Revani,8,4.3
U1634,İskender Kebap,13,3.6
U1634,Domates Çorbası,13,3.4
U1634,Piliç Topkapı,12,4.6
U1634,Kazandibi,8,5.0
U1634,İmambayıldı,8,3.8
U1635,Sezar Salata,13,3.1
U1635,Sebze Graten,9,3.8
U1635,Tas Kebabı,5,4.0
U1635,İrmik Helvası,13,4.6
U1635,Sigara Böreği,12,5.0
U1635,Patates Salatası,14,3.7
U1635,Mantar Çorbası,13,4.4
U1635,Makarna,11,3.5
U1635,Hamsi Tava,14,4.0
U1635,Tavukgöğsü,11,3.6
U1635,Zeytinyağlı Sarma,12,4.8
U1635,Kemalpaşa,13,3.2
U1635,Bulgur Pilavı,2,3.5
U1635,Güllaç,2,4.7
U1635,Nohut,1,4.7
U1635,İmambayıldı,4,4.5
U1635,Ispanak Yemeği,9,4.8
U1636,Sütlaç,1,3.7
U1636,Tavuk Suyu Çorbası,1,3.3
U1636,Kemalpaşa,3,4.8
U1636,Orman Kebabı,11,3.5
U1636,Sebze Graten,9,3.3
U1637,Tas Kebabı,10,4.6
U1637,Mercimek Çorbası,1,3.4
U1637,Mevsim Salata,3,4.3
U1637,Bulgur Pilavı,14,4.8
U1637,Aşure,6,4.9
U1637,İmambayıldı,8,3.7
U1637,Sigara Böreği,3,4.3
U1637,Nohut,8,4.6
U1637,Zeytinyağlı Taze Fasulye,12,4.9
U1637,Köfte,7,3.6
U1637,Kuru Fasulye,6,4.5
U1637,Rus Salatası,11,3.9
U1637,Patates Salatası,8,4.3
U1637,Düğün Çorbası,6,3.2
U1637,Orman Kebabı,1,3.4
U1637,Sezar Salata,12,4.0
U1637,Mercimek Köftesi,15,4.3
U1638,Tavuk Sote,6,4.9
U1638,Rus Salatası,5,4.6
U1638,Pırasa Yemeği,3,4.1
U1638,Domates Çorbası,5,3.3
U1638,Tavuk Döner,3,4.4
U1638,Köfte,13,4.5
U1638,Makarna,2,4.9
U1639,Tavukgöğsü,11,4.9
U1639,Et Döner,14,4.2
U1639,Piliç Topkapı,7,3.6
U1639,Çoban Salata,12,3.1
U1639,Patates Püresi,6,4.2
U1639,Nohut,11,3.3
U1639,Profiterol,15,3.7
U1639,Patates Kızartması,11,4.7
U1639,Tavuk Suyu Çorbası,2,4.5
U1639,Köfte,4,3.4
U1639,İskender Kebap,5,5.0
U1640,Rus Salatası,9,3.4
U1640,Bulgur Pilavı,4,3.4
U1640,Tavukgöğsü,12,3.5
U1640,İskender Kebap,2,3.8
U1640,Tas Kebabı,1,3.3
U1640,Et Döner,15,3.7
U1640,Düğün Çorbası,11,3.0
U1640,Tavuk Sote,15,4.4
U1640,Fırın Tavuk,13,3.2
U1641,Pirinç Pilavı,15,3.5
U1641,Kemalpaşa,5,3.7
U1641,Hamsi Tava,2,3.9
U1641,Profiterol,15,4.2
U1641,Düğün Çorbası,7,4.7
U1641,Sütlaç,9,3.7
U1641,Mercimek Çorbası,13,3.8
U1641,Domates Çorbası,1,4.9
U1641,Kuru Fasulye,10,3.3
U1641,Fırın Tavuk,3,4.9
U1641,Pırasa Yemeği,8,4.6
U1641,Rus Salatası,10,3.4
U1641,Orman Kebabı,5,4.8
U1641,Et Sote,7,3.9
U1641,İrmik Helvası,6,4.5
U1641,Mantar Çorbası,5,4.3
U1641,Sigara Böreği,9,4.2
U1641,Patates Salatası,9,4.2
U1641,Tarhana Çorbası,9,4.7
U1641,Baklava,7,3.7
U1642,İrmik Helvası,12,4.6
U1642,Profiterol,9,4.1
U1642,Sezar Salata,13,3.8
U1642,Tavuk Sote,14,4.4
U1642,İskender Kebap,6,3.6
U1642,Düğün Çorbası,12,4.0
U1642,Nohut,1,3.0
U1642,Tarhana Çorbası,12,5.0
U1642,Güllaç,11,4.8
U1642,Yayla Çorbası,14,4.9
U1643,Et Döner,3,3.4
U1643,Domates Çorbası,10,3.6
U1643,Aşure,10,3.5
U1643,Mantar Çorbası,1,3.4
U1643,Tavukgöğsü,3,3.6
U1643,İmambayıldı,4,3.5
U1643,Fırın Tavuk,3,4.7
U1643,Et Sote,12,4.3
U1643,Revani,8,4.6
U1643,Kuru Fasulye,6,3.9
U1643,Tavuk Suyu Çorbası,11,3.8
U1644,Piliç Topkapı,10,4.9
U1644,Orman Kebabı,15,3.7
U1644,Sütlaç,8,4.6
U1644,Yayla Çorbası,10,4.4
U1644,Kazandibi,12,4.2
U1644,Zeytinyağlı Taze Fasulye,14,5.0
U1645,Karnıyarık,9,4.9
U1645,Yayla Çorbası,7,5.0
U1645,Mantar Çorbası,2,4.4
U1645,Ispanak Yemeği,9,4.1
U1645,Tarhana Çorbası,4,3.7
U1645,Baklava,15,4.1
U1645,Rus Salatası,6,4.0
U1645,Ezogelin Çorbası,2,4.5
U1645,Zeytinyağlı Enginar,5,3.6
U1645,Köfte,2,3.2
U1645,Tas Kebabı,11,4.2
U1645,Kadınbudu Köfte,14,4.5
U1645,Gavurdağı Salata,10,4.8
U1645,Nohut,5,4.6
U1645,Tavuk Şiş,3,4.6
U1645,Düğün Çorbası,10,4.8
U1645,Güllaç,11,4.3
U1645,Fırın Tavuk,4,4.7
U1645,İrmik Helvası,8,4.8
U1646,Tavuk Suyu Çorbası,4,3.7
U1646,Köfte,8,3.3
U1646,Tavuk Şiş,5,3.1
U1646,Fırın Tavuk,14,3.6
U1646,Sezar Salata,15,4.7
U1646,Tas Kebabı,14,3.1
U1646,Zeytinyağlı Sarma,2,4.3
U1646,Kazandibi,1,3.1
U1646,Sütlaç,11,3.5
U1646,Et Sote,4,4.0
U1646,Ton Balıklı Salata,10,3.5
U1646,Güllaç,12,4.6
U1646,Baklava,15,4.7
U1646,İmambayıldı,5,4.4
U1646,Çoban Salata,8,3.5
U1646,Sigara Böreği,15,3.2
U1647,Fırın Tavuk,13,4.5
U1647,Piliç Topkapı,1,4.4
U1647,Sütlaç,15,3.9
U1647,Tavuk Şiş,13,5.0
U1647,Ispanak Yemeği,8,4.0
U1647,Tavuk Döner,9,3.5
U1647,Tavuk Suyu Çorbası,14,4.0
U1647,Patates Kızartması,7,3.3
U1648,Su Böreği,13,3.9
U1648,Rus Salatası,10,4.2
U1648,Et Sote,1,4.9
U1648,Kuru Fasulye,8,3.1
U1648,Tavuk Sote,12,3.5
U1648,Ispanak Yemeği,10,3.0
U1648,Gavurdağı Salata,1,4.4
U1648,Nohut,1,3.3
U1648,Sezar Salata,7,3.9
U1648,Kadınbudu Köfte,14,3.4
U1649,Çoban Salata,14,3.3
U1649,Nohut,6,4.9
U1649,Zeytinyağlı Taze Fasulye,15,3.5
U1649,Sezar Salata,14,3.7
U1649,Pırasa Yemeği,8,4.6
U1649,Kadınbudu Köfte,4,3.3
U1649,Ton Balıklı Salata,4,4.8
U1649,Kazandibi,5,4.2
U1649,Sebze Graten,6,4.2
U1650,Sebze Graten,11,4.4
U1650,Sezar Salata,6,4.6
U1650,Düğün Çorbası,6,4.9
U1650,Tavuk Sote,10,4.7
U1650,Gavurdağı Salata,10,4.4
U1650,Kuru Fasulye,1,4.8
U1650,Pirinç Pilavı,2,3.8
U1650,Patates Püresi,9,4.0
U1650,Makarna,12,3.7
U1650,Et Döner,7,4.2
U1650,Tavukgöğsü,3,3.7
U1650,Tavuk Döner,9,3.6
U1650,Kadınbudu Köfte,6,3.3
U1650,Et Sote,2,3.3
U1650,Fırın Tavuk,15,4.0
U1650,Patates Salatası,9,3.7
U1650,Zeytinyağlı Enginar,4,3.4
U1650,Sütlaç,1,4.5
U1650,Domates Çorbası,2,4.4
U1650,Kemalpaşa,13,3.9
U1651,Tas Kebabı,13,3.6
U1651,Baklava,8,3.3
U1651,Sebze Graten,14,4.0
U1651,Et Döner,11,3.5
U1651,Ispanak Yemeği,5,4.6
U1651,İrmik Helvası,11,4.5
U1651,Sigara Böreği,3,4.4
U1651,Gavurdağı Salata,9,3.1
U1651,Tavuk Suyu Çorbası,8,4.4
U1651,Karnıyarık,3,3.1
U1651,Tavuk Şiş,13,3.7
U1651,İmambayıldı,13,4.3
U1651,Izgara Balık,8,3.0
U1651,Et Sote,2,4.3
U1651,Su Böreği,1,3.5
U1651,Pirinç Pilavı,1,4.9
U1652,Su Böreği,9,5.0
U1652,Baklava,8,5.0
U1652,Tavuk Suyu Çorbası,3,3.8
U1652,Pırasa Yemeği,7,3.4
U1652,Revani,7,4.8
U1652,Tarhana Çorbası,4,4.0
U1652,Gavurdağı Salata,9,4.9
U1652,Mercimek Çorbası,2,3.7
U1652,Aşure,4,3.2
U1653,Patates Salatası,6,4.7
U1653,Makarna,6,4.5
U1653,Profiterol,13,3.8
U1653,Tarhana Çorbası,3,3.1
U1653,Patates Kızartması,11,4.6
U1653,Baklava,9,4.4
U1653,Et Döner,3,3.3
U1653,Domates Çorbası,14,3.6
U1653,Gavurdağı Salata,6,3.5
U1653,Rus Salatası,8,4.3
U1653,Su Böreği,12,4.6
U1653,Köfte,15,3.1
U1653,Et Sote,4,4.4
U1654,Gavurdağı Salata,6,4.4
U1654,Tavukgöğsü,1,4.1
U1654,Patates Kızartması,12,4.8
U1654,Sütlaç,11,4.3
U1654,Profiterol,15,3.5
U1654,Güllaç,7,3.7
U1654,Et Döner,5,3.2
U1654,Tarhana Çorbası,6,3.9
U1654,Ton Balıklı Salata,1,4.8
U1654,Makarna,9,4.6
U1654,Yayla Çorbası,5,4.8
U1654,Tavuk Sote,9,4.8
U1654,İrmik Helvası,14,4.3
U1654,Tas Kebabı,6,3.7
U1655,Pirinç Pilavı,10,4.3
U1655,Mantar Çorbası,10,4.0
U1655,Köfte,13,4.2
U1655,Tavuk Suyu Çorbası,4,4.6
U1655,Tas Kebabı,2,3.5
U1655,Rus Salatası,1,4.6
U1655,Domates Çorbası,2,4.4
U1655,Makarna,6,4.5
U1655,Çoban Salata,12,3.4
U1655,İmambayıldı,1,3.9
U1655,Kuru Fasulye,10,4.0
U1655,Et Döner,12,3.8
U1655,Hamsi Tava,14,4.8
U1656,Yayla Çorbası,4,4.6
U1656,Sebze Graten,14,4.9
U1656,Kadınbudu Köfte,5,4.1
U1656,Ton Balıklı Salata,7,4.4
U1656,Tavuk Şiş,4,4.7
U1656,Düğün Çorbası,15,4.0
U1656,Çoban Salata,1,3.7
U1656,Zeytinyağlı Taze Fasulye,2,3.3
U1656,Karnıyarık,14,4.0
U1657,Sebze Graten,5,3.9
U1657,Zeytinyağlı Taze Fasulye,10,4.9
U1657,Güllaç,12,4.2
U1657,Tavuk Suyu Çorbası,10,5.0
U1657,Ispanak Yemeği,8,3.9
U1657,Tavuk Döner,1,4.6
U1657,Tas Kebabı,3,3.9
U1657,Sezar Salata,12,3.1
U1657,Nohut,15,3.9
U1657,Ton Balıklı Salata,2,4.6
U1657,Et Döner,10,4.4
U1657,Baklava,6,3.0
U1657,Çoban Salata,5,3.2
U1657,Yayla Çorbası,7,4.0
U1658,Tavuk Sote,12,3.2
U1658,Mevsim Salata,6,3.6
U1658,Ton Balıklı Salata,3,3.4
U1658,Sebze Graten,1,3.1
U1658,Orman Kebabı,7,3.0
U1658,Su Böreği,1,3.7
U1658,Fırın Tavuk,10,4.2
U1658,Nohut,7,3.8
U1658,Tavukgöğsü,13,4.2
U1658,Gavurdağı Salata,1,4.7
U1658,Et Sote,7,3.5
U1658,Kuru Fasulye,10,4.8
U1658,Zeytinyağlı Sarma,3,4.5
U1658,Piliç Topkapı,13,4.4
U1659,İskender Kebap,14,4.5
U1659,Patates Püresi,14,4.3
U1659,Kazandibi,2,4.8
U1659,Rus Salatası,5,4.8
U1659,Bulgur Pilavı,14,3.2
U1659,Tarhana Çorbası,3,3.7
U1659,Zeytinyağlı Sarma,2,4.0
U1659,Su Böreği,2,4.4
U1659,Sigara Böreği,6,3.4
U1659,İmambayıldı,5,4.1
U1659,Baklava,8,4.5
U1659,Tavuk Döner,9,4.4
U1659,Mercimek Çorbası,3,4.1
U1659,Zeytinyağlı Taze Fasulye,5,3.5
U1659,Piliç Topkapı,6,3.9
U1660,Rus Salatası,10,3.5
U1660,Yayla Çorbası,11,4.1
U1660,İmambayıldı,2,3.8
U1660,Domates Çorbası,2,3.6
U1660,Et Sote,12,4.4
U1660,Makarna,12,4.0
U1660,Ispanak Yemeği,9,4.6
U1660,Mercimek Köftesi,14,3.6
U1660,Zeytinyağlı Enginar,2,4.2
U1660,Tavuk Sote,3,4.7
U1660,Gavurdağı Salata,7,3.4
U1660,Pirinç Pilavı,12,4.1
U1660,Güllaç,3,4.7
U1660,Ton Balıklı Salata,2,4.0
U1660,Kazandibi,6,4.1
U1660,Mercimek Çorbası,2,4.8
U1660,Çoban Salata,7,4.0
U1661,Izgara Balık,15,4.4
U1661,Tavuk Şiş,8,4.3
U1661,Güllaç,11,3.4
U1661,Zeytinyağlı Enginar,6,4.6
U1661,Ezogelin Çorbası,6,4.3
U1661,Orman Kebabı,1,4.7
U1661,Hamsi Tava,5,4.1
U1661,Mevsim Salata,4,4.3
U1661,İskender Kebap,6,3.6
U1661,Mercimek Çorbası,9,3.9
U1661,Zeytinyağlı Sarma,9,4.0
U1661,Tavukgöğsü,11,3.8
U1661,Et Döner,10,4.7
U1661,Rus Salatası,15,3.8
U1661,Sebze Graten,7,4.9
U1661,Patates Salatası,13,4.6
U1661,Yayla Çorbası,2,4.6
U1661,Bulgur Pilavı,6,4.2
U1661,Baklava,8,3.1
U1661,Sütlaç,4,3.9
U1662,Et Döner,15,3.1
U1662,Yayla Çorbası,14,3.9
U1662,Tas Kebabı,8,4.1
U1662,Pirinç Pilavı,6,4.3
U1662,Mantar Çorbası,11,3.7
U1662,Piliç Topkapı,6,3.1
U1662,Kemalpaşa,2,3.6
U1662,İmambayıldı,7,4.5
U1662,Et Sote,10,3.8
U1662,Sezar Salata,7,4.1
U1662,Patates Kızartması,2,3.9
U1662,Kazandibi,8,4.8
U1662,Ispanak Yemeği,10,3.2
U1662,Kadınbudu Köfte,13,3.9
U1662,Sigara Böreği,3,3.1
U1662,Tavuk Şiş,9,4.2
U1663,Sigara Böreği,10,3.2
U1663,Zeytinyağlı Enginar,9,4.1
U1663,Tarhana Çorbası,2,3.8
U1663,Tavuk Şiş,12,3.3
U1663,Fırın Tavuk,12,4.4
U1663,Mercimek Köftesi,15,4.4
U1663,Ezogelin Çorbası,15,4.1
U1663,Kemalpaşa,12,3.4
U1663,Düğün Çorbası,9,4.3
U1663,Tavuk Suyu Çorbası,10,3.2
U1663,Tavuk Sote,13,3.3
U1663,Et Sote,11,3.1
U1663,Nohut,2,3.6
U1663,Tas Kebabı,13,3.2
U1663,Zeytinyağlı Sarma,5,3.1
U1664,Fırın Tavuk,4,3.5
U1664,Tarhana Çorbası,2,4.6
U1664,Makarna,13,3.1
U1664,Zeytinyağlı Taze Fasulye,6,3.3
U1664,Tavuk Döner,12,4.5
U1664,Nohut,13,4.5
U1664,Köfte,5,4.3
U1664,Rus Salatası,14,4.5
U1665,Güllaç,8,4.5
U1665,Ispanak Yemeği,3,4.6
U1665,Patates Kızartması,14,4.9
U1665,Sebze Graten,3,4.8
U1665,Pırasa Yemeği,14,4.7
U1665,Karnıyarık,15,4.7
U1666,Baklava,8,4.6
U1666,İmambayıldı,13,3.7
U1666,Tas Kebabı,14,3.9
U1666,Sebze Graten,13,3.0
U1666,Yayla Çorbası,10,3.5
U1666,Çoban Salata,6,3.9
U1666,Köfte,1,4.0
U1666,Tavuk Suyu Çorbası,12,3.9
U1666,Su Böreği,3,4.1
U1666,Patates Püresi,8,3.3
U1666,Sütlaç,2,3.8
U1666,Sigara Böreği,12,4.2
U1666,Ispanak Yemeği,14,4.4
U1666,Bulgur Pilavı,11,4.3
U1666,Mercimek Köftesi,13,4.2
U1666,Ezogelin Çorbası,15,4.1
U1666,Kazandibi,1,4.2
U1666,Düğün Çorbası,8,3.1
U1666,Kemalpaşa,5,4.1
U1666,Izgara Balık,14,4.0
U1667,Mantar Çorbası,7,3.1
U1667,Patates Kızartması,2,4.0
U1667,Izgara Balık,7,4.9
U1667,Makarna,8,4.1
U1667,Zeytinyağlı Taze Fasulye,10,4.6
U1668,İrmik Helvası,3,4.2
U1668,Mantar Çorbası,6,3.9
U1668,Profiterol,6,3.7
U1668,Izgara Balık,2,4.1
U1668,Kemalpaşa,5,3.5
U1668,Makarna,5,3.6
U1668,Ispanak Yemeği,1,3.4
U1668,Köfte,2,4.5
U1668,Patates Salatası,4,3.3
U1669,Tas Kebabı,15,4.1
U1669,Baklava,4,4.6
U1669,İskender Kebap,2,3.6
U1669,Tavuk Şiş,8,3.3
U1669,Zeytinyağlı Sarma,11,3.2
U1669,Mercimek Çorbası,10,4.0
U1669,Et Döner,8,3.2
U1669,Hamsi Tava,5,4.6
U1669,Köfte,6,3.9
U1669,İrmik Helvası,4,4.7
U1669,Zeytinyağlı Taze Fasulye,9,3.3
U1669,Sigara Böreği,8,3.9
U1669,Mantar Çorbası,11,3.3
U1669,Ezogelin Çorbası,7,4.4
U1669,Ispanak Yemeği,13,3.1
U1669,Pırasa Yemeği,1,4.0
U1669,Sebze Graten,11,3.5
U1669,Karnıyarık,2,3.3
U1669,Mercimek Köftesi,2,4.3
U1669,Makarna,13,3.3
U1670,Izgara Balık,14,3.6
U1670,Baklava,11,4.9
U1670,Profiterol,8,3.7
U1670,Çoban Salata,1,4.9
U1670,Tavuk Suyu Çorbası,1,4.6
U1670,Nohut,4,4.1
U1670,Tavuk Döner,9,3.1
U1670,Kazandibi,4,4.9
U1670,Zeytinyağlı Sarma,14,3.5
U1671,Ezogelin Çorbası,6,3.9
U1671,Orman Kebabı,3,4.5
U1671,Tavukgöğsü,12,3.5
U1671,Kadınbudu Köfte,1,4.5
U1671,Su Böreği,8,3.6
U1671,Pırasa Yemeği,2,3.9
U1671,Kuru Fasulye,5,4.5
U1671,Hamsi Tava,6,4.0
U1671,Mevsim Salata,10,3.8
U1671,Pirinç Pilavı,6,4.6
U1671,Mantar Çorbası,9,4.1
U1671,Kazandibi,9,3.8
U1671,Nohut,5,4.9
U1671,Çoban Salata,5,4.7
U1672,Kazandibi,13,3.8
U1672,İskender Kebap,2,4.3
U1672,Sütlaç,11,3.7
U1672,İrmik Helvası,11,3.6
U1672,Profiterol,9,4.1
U1672,Mevsim Salata,7,4.7
U1672,Su Böreği,5,4.5
U1672,Pırasa Yemeği,12,3.8
U1672,Tavuk Sote,13,4.1
U1672,Baklava,10,3.9
U1672,Et Sote,12,3.2
U1672,Bulgur Pilavı,12,3.6
U1672,Zeytinyağlı Enginar,10,4.1
U1672,Kemalpaşa,4,4.1
U1672,Tavuk Döner,12,4.6
U1672,Sebze Graten,2,4.7
U1672,Ton Balıklı Salata,15,4.3
U1672,Nohut,4,3.2
U1673,Ton Balıklı Salata,12,4.8
U1673,Bulgur Pilavı,5,4.1
U1673,Su Böreği,2,3.0
U1673,Zeytinyağlı Enginar,5,4.5
U1673,Profiterol,9,3.7
U1673,Sezar Salata,14,4.3
U1673,Mantar Çorbası,6,4.2
U1673,Kemalpaşa,13,4.0
U1673,Düğün Çorbası,13,4.4
U1673,Makarna,5,3.7
U1673,Sigara Böreği,6,3.6
U1673,Zeytinyağlı Taze Fasulye,6,4.6
U1673,Kadınbudu Köfte,12,3.3
U1673,Aşure,1,3.6
U1673,Fırın Tavuk,5,3.8
U1673,İskender Kebap,15,3.6
U1673,Orman Kebabı,4,4.7
U1673,Patates Kızartması,2,4.3
U1673,Tavuk Suyu Çorbası,6,4.0
U1673,Tas Kebabı,15,3.5
U1674,Düğün Çorbası,5,3.9
U1674,Piliç Topkapı,7,4.4
U1674,İrmik Helvası,2,4.3
U1674,Gavurdağı Salata,2,4.0
U1674,Kemalpaşa,3,3.8
U1674,Mevsim Salata,11,4.8
U1674,Zeytinyağlı Sarma,11,5.0
U1674,Mercimek Köftesi,12,4.8
U1674,Bulgur Pilavı,11,3.8
U1674,Güllaç,13,3.3
U1674,Pırasa Yemeği,15,4.7
U1674,Tarhana Çorbası,2,4.6
U1674,Domates Çorbası,3,3.8
U1674,Kadınbudu Köfte,6,4.5
U1674,Hamsi Tava,9,3.1
U1674,Zeytinyağlı Taze Fasulye,13,4.6
U1674,Kazandibi,8,5.0
U1674,Zeytinyağlı Enginar,14,3.4
U1675,Tavuk Suyu Çorbası,14,4.7
U1675,Zeytinyağlı Sarma,8,3.9
U1675,Profiterol,11,4.9
U1675,Sütlaç,5,3.2
U1675,Güllaç,13,3.2
U1675,Tavuk Şiş,5,3.7
U1675,Pirinç Pilavı,11,4.9
U1676,Et Sote,2,3.9
U1676,Kemalpaşa,11,3.1
U1676,Ezogelin Çorbası,11,3.8
U1676,Bulgur Pilavı,12,3.7
U1676,Tavuk Suyu Çorbası,8,4.7
U1676,Karnıyarık,6,4.0
U1676,Zeytinyağlı Taze Fasulye,7,4.4
U1676,Zeytinyağlı Sarma,11,3.3
U1676,Tavuk Şiş,10,4.7
U1676,Sütlaç,9,4.0
U1676,Sezar Salata,8,3.3
U1676,Fırın Tavuk,15,3.8
U1676,Çoban Salata,9,4.7
U1676,Tavuk Döner,2,3.7
U1677,Ezogelin Çorbası,2,5.0
U1677,Mercimek Çorbası,9,5.0
U1677,Makarna,10,4.4
U1677,Tavuk Şiş,2,3.9
U1677,Ton Balıklı Salata,13,4.8
U1677,Tavuk Döner,9,4.4
U1677,Revani,2,3.2
U1678,Köfte,14,4.0
U1678,Su Böreği,1,3.6
U1678,Tarhana Çorbası,4,4.9
U1678,Sezar Salata,3,3.0
U1678,Mevsim Salata,5,3.9
U1678,Düğün Çorbası,13,3.5
U1678,Orman Kebabı,14,4.0
U1678,Tavuk Sote,4,3.9
U1678,Tas Kebabı,11,3.4
U1678,Tavuk Şiş,11,3.9
U1678,Patates Püresi,7,4.9
U1678,Bulgur Pilavı,15,4.1
U1678,İrmik Helvası,5,3.9
U1678,Rus Salatası,9,4.4
U1678,Baklava,3,3.7
U1678,Kemalpaşa,9,4.2
U1678,Tavuk Döner,9,4.7
U1678,Ezogelin Çorbası,14,4.8
U1678,Et Sote,10,3.8
U1679,Rus Salatası,1,4.2
U1679,Düğün Çorbası,4,4.6
U1679,Et Döner,10,3.1
U1679,Yayla Çorbası,7,4.4
U1679,Tavuk Şiş,13,3.4
U1679,Gavurdağı Salata,10,3.0
U1679,İskender Kebap,5,4.3
U1679,Su Böreği,13,3.2
U1679,Tavuk Suyu Çorbası,11,4.9
U1679,Ton Balıklı Salata,11,4.4
U1679,Patates Salatası,1,3.9
U1679,Çoban Salata,10,3.2
U1679,Tavuk Sote,7,4.3
U1679,Kazandibi,4,4.9
U1679,Güllaç,14,3.3
U1679,İmambayıldı,11,3.5
U1679,Kadınbudu Köfte,3,4.0
U1679,Domates Çorbası,8,4.8
U1680,Tarhana Çorbası,3,3.2
U1680,Rus Salatası,5,3.7
U1680,Domates Çorbası,9,3.6
U1680,Bulgur Pilavı,7,3.1
U1680,Fırın Tavuk,7,4.1
U1680,Mercimek Çorbası,12,3.6
U1680,Hamsi Tava,4,4.9
U1680,Aşure,5,4.4
U1680,Tavukgöğsü,11,3.8
U1681,Nohut,5,3.4
U1681,Kazandibi,3,4.1
U1681,Düğün Çorbası,5,4.3
U1681,İmambayıldı,8,3.7
U1681,Kemalpaşa,14,3.3
U1681,Gavurdağı Salata,5,3.9
U1681,Izgara Balık,10,4.1
U1681,Patates Püresi,3,3.1
U1681,Patates Salatası,5,4.8
U1681,Tavukgöğsü,7,4.5
U1681,Piliç Topkapı,6,3.8
U1681,Kadınbudu Köfte,6,3.3
U1682,İskender Kebap,13,4.0
U1682,Sebze Graten,8,3.3
U1682,Köfte,4,3.3
U1682,Izgara Balık,6,4.7
U1682,Tavuk Sote,15,3.7
U1682,Baklava,4,3.3
U1682,Sütlaç,12,3.1
U1682,Hamsi Tava,9,3.7
U1682,Gavurdağı Salata,11,4.0
U1682,Fırın Tavuk,15,3.4
U1682,Profiterol,13,4.7
U1682,Mevsim Salata,2,3.3
U1682,Mercimek Köftesi,7,4.6
U1682,Yayla Çorbası,6,4.6
U1682,Çoban Salata,5,4.1
U1682,Tavuk Şiş,10,3.2
U1682,İmambayıldı,7,3.7
U1682,Sezar Salata,14,4.8
U1682,Kazandibi,12,3.4
U1682,Et Sote,8,4.6
U1683,Nohut,11,4.1
U1683,Tarhana Çorbası,3,3.9
U1683,Ispanak Yemeği,8,3.6
U1683,Mercimek Köftesi,9,4.6
U1683,Düğün Çorbası,4,4.2
U1684,Sezar Salata,6,4.2
U1684,Aşure,15,3.6
U1684,Kuru Fasulye,1,3.6
U1684,Pirinç Pilavı,8,4.5
U1684,Makarna,1,4.2
U1684,Et Döner,11,5.0
U1684,Sütlaç,6,5.0
U1684,Tavuk Suyu Çorbası,6,3.6
U1684,Ispanak Yemeği,12,3.2
U1684,Rus Salatası,14,4.8
U1684,Güllaç,2,3.1
U1684,Zeytinyağlı Sarma,10,3.6
U1684,İskender Kebap,14,4.5
U1684,Revani,2,3.3
U1684,Kemalpaşa,2,3.5
U1685,Yayla Çorbası,7,4.2
U1685,Profiterol,3,5.0
U1685,Tavuk Sote,4,3.4
U1685,Kemalpaşa,7,3.9
U1685,Mercimek Çorbası,11,4.0
U1685,İmambayıldı,9,3.3
U1685,Orman Kebabı,10,3.8
U1685,Tavukgöğsü,9,4.2
U1685,Patates Salatası,13,4.8
U1685,Sebze Graten,7,4.4
U1685,İskender Kebap,3,3.2
U1685,Hamsi Tava,1,4.4
U1685,Rus Salatası,11,4.5
U1685,Nohut,4,4.3
U1685,Düğün Çorbası,10,3.4
U1685,Aşure,2,3.9
U1685,Tarhana Çorbası,4,3.4
U1685,Baklava,7,4.2
U1685,Et Döner,13,4.9
U1685,Piliç Topkapı,13,3.6
U1686,Güllaç,4,3.2
U1686,Tas Kebabı,8,4.9
U1686,Zeytinyağlı Enginar,10,4.0
U1686,Tavuk Döner,12,4.8
U1686,Çoban Salata,7,3.0
U1686,Et Döner,3,4.5
U1686,Et Sote,9,4.3
U1686,Zeytinyağlı Sarma,7,3.4
U1686,Tavukgöğsü,8,4.7
U1686,Mantar Çorbası,7,3.8
U1686,Izgara Balık,3,4.5
U1686,Ton Balıklı Salata,4,3.1
U1686,Piliç Topkapı,10,3.6
U1687,Köfte,10,4.1
U1687,Tavuk Sote,8,4.8
U1687,Ezogelin Çorbası,9,3.5
U1687,Patates Püresi,13,4.9
U1687,Tavuk Döner,3,4.5
U1687,Revani,3,3.6
U1687,Tavukgöğsü,8,4.3
U1687,Bulgur Pilavı,8,4.0
U1687,Pırasa Yemeği,4,3.5
U1688,Domates Çorbası,3,4.7
U1688,Su Böreği,1,3.8
U1688,Et Döner,10,4.8
U1688,Nohut,11,5.0
U1688,Tavuk Döner,10,3.9
U1688,Patates Püresi,5,3.8
U1688,Ezogelin Çorbası,3,4.0
U1688,Izgara Balık,10,4.8
U1688,Pırasa Yemeği,9,4.2
U1688,Karnıyarık,3,4.6
U1688,Rus Salatası,7,4.5
U1689,Hamsi Tava,9,3.2
U1689,Revani,1,4.5
U1689,Ezogelin Çorbası,12,4.6
U1689,Tas Kebabı,14,4.6
U1689,Tavuk Suyu Çorbası,8,3.2
U1690,Bulgur Pilavı,15,4.6
U1690,Tavukgöğsü,4,3.1
U1690,Patates Kızartması,10,3.1
U1690,İrmik Helvası,6,4.3
U1690,Ezogelin Çorbası,14,3.1
U1690,Tas Kebabı,8,5.0
U1690,Hamsi Tava,7,3.5
U1690,Baklava,9,4.6
U1690,Zeytinyağlı Taze Fasulye,3,4.4
U1690,Patates Salatası,2,3.4
U1690,Çoban Salata,4,3.4
U1690,Kadınbudu Köfte,15,3.6
U1690,Tavuk Şiş,5,4.5
U1690,Et Sote,3,4.4
U1691,Rus Salatası,8,4.2
U1691,Aşure,15,3.1
U1691,Revani,12,3.4
U1691,Makarna,7,3.1
U1691,Profiterol,15,3.3
U1691,Tas Kebabı,10,3.3
U1691,Kuru Fasulye,6,3.5
U1691,Sigara Böreği,2,4.5
U1691,Sebze Graten,12,4.7
U1691,Fırın Tavuk,14,4.6
U1691,Çoban Salata,13,4.0
U1692,Izgara Balık,3,4.9
U1692,Et Döner,13,3.1
U1692,Su Böreği,13,3.6
U1692,Tavuk Şiş,15,3.7
U1692,Sigara Böreği,13,4.5
U1692,Patates Salatası,7,3.1
U1692,İskender Kebap,11,4.3
U1692,İrmik Helvası,1,3.2
U1692,Et Sote,10,3.0
U1692,Yayla Çorbası,1,3.2
U1693,Sigara Böreği,13,4.8
U1693,Baklava,7,3.9
U1693,Et Döner,11,4.2
U1693,Zeytinyağlı Sarma,11,3.4
U1693,Tavuk Döner,14,4.1
U1693,Pırasa Yemeği,13,4.2
U1693,Tavuk Sote,14,3.0
U1693,Revani,12,3.9
U1693,İrmik Helvası,8,4.7
U1694,Pırasa Yemeği,2,4.2
U1694,Sezar Salata,14,3.8
U1694,Düğün Çorbası,5,3.7
U1694,Tavuk Şiş,6,3.3
U1694,Karnıyarık,6,3.1
U1694,Bulgur Pilavı,6,3.8
U1694,İskender Kebap,4,4.8
U1694,Sebze Graten,13,3.2
U1694,Ton Balıklı Salata,7,4.3
U1694,Kuru Fasulye,7,3.1
U1694,Profiterol,14,4.6
U1694,Makarna,6,3.9
U1694,Tavukgöğsü,1,4.5
U1694,Zeytinyağlı Taze Fasulye,1,4.5
U1694,İrmik Helvası,5,4.2
U1694,Domates Çorbası,9,4.7
U1694,Tas Kebabı,13,4.6
U1694,Zeytinyağlı Enginar,7,4.0
U1694,Yayla Çorbası,12,4.9
U1694,Pirinç Pilavı,2,4.1
U1695,Ton Balıklı Salata,13,4.8
U1695,Piliç Topkapı,3,4.2
U1695,Tavuk Döner,9,4.6
U1695,Nohut,12,3.9
U1695,Revani,14,3.8
U1695,Bulgur Pilavı,4,3.9
U1695,Yayla Çorbası,15,4.2
U1695,Et Sote,15,4.3
U1695,Tavuk Şiş,9,4.0
U1696,Kemalpaşa,4,3.3
U1696,Revani,6,3.6
U1696,Su Böreği,13,4.5
U1696,Mercimek Köftesi,7,4.7
U1696,İrmik Helvası,9,3.6
U1696,Kuru Fasulye,15,4.6
U1696,Patates Püresi,7,3.4
U1696,Tavuk Şiş,10,4.3
U1696,Izgara Balık,15,4.0
U1696,Köfte,15,4.6
U1696,Kazandibi,6,3.8
U1696,Ispanak Yemeği,9,5.0
U1696,Zeytinyağlı Taze Fasulye,3,3.5
U1696,Düğün Çorbası,7,3.7
U1696,Sezar Salata,7,4.8
U1696,Zeytinyağlı Sarma,6,4.5
U1696,Pırasa Yemeği,10,4.2
U1696,Patates Kızartması,2,4.8
U1696,Baklava,1,3.6
U1696,Sigara Böreği,3,4.1
U1697,Et Döner,9,4.0
U1697,Patates Püresi,11,3.2
U1697,Profiterol,5,3.8
U1697,Fırın Tavuk,14,3.4
U1697,Piliç Topkapı,8,4.4
U1697,Tas Kebabı,15,3.7
U1697,Çoban Salata,4,3.7
U1697,Sebze Graten,6,4.1
U1697,Sigara Böreği,10,4.6
U1697,Patates Salatası,4,4.1
U1697,Domates Çorbası,15,4.1
U1697,Mercimek Köftesi,12,3.0
U1697,Baklava,14,3.7
U1697,Rus Salatası,10,3.1
U1697,Zeytinyağlı Taze Fasulye,9,3.6
U1697,Patates Kızartması,1,3.6
U1697,Ezogelin Çorbası,3,4.3
U1697,Zeytinyağlı Enginar,11,3.0
U1697,Mantar Çorbası,7,4.8
U1697,Tavuk Sote,8,4.5
U1698,Zeytinyağlı Taze Fasulye,14,4.8
U1698,Tavukgöğsü,1,4.4
U1698,Sezar Salata,2,3.9
U1698,Tas Kebabı,13,4.2
U1698,Kadınbudu Köfte,3,4.4
U1698,Patates Kızartması,15,4.4
U1698,Profiterol,15,3.0
U1698,Gavurdağı Salata,9,3.2
U1698,Nohut,15,4.6
U1698,Rus Salatası,9,3.0
U1698,Ezogelin Çorbası,2,3.4
U1698,Mantar Çorbası,9,3.4
U1698,Zeytinyağlı Enginar,13,4.3
U1698,Karnıyarık,2,4.1
U1698,Bulgur Pilavı,9,4.8
U1698,Tavuk Döner,4,4.4
U1698,Sigara Böreği,13,3.0
U1698,Revani,3,3.8
U1698,Kuru Fasulye,3,4.4
U1699,Tavuk Döner,10,4.8
U1699,Mercimek Çorbası,2,4.9
U1699,Çoban Salata,5,4.7
U1699,Yayla Çorbası,12,4.9
U1699,Piliç Topkapı,7,3.1
U1699,Fırın Tavuk,15,3.3
U1700,Fırın Tavuk,2,4.3
U1700,Karnıyarık,9,4.8
U1700,Zeytinyağlı Enginar,9,3.3
U1700,Ton Balıklı Salata,3,3.3
U1700,İrmik Helvası,10,3.9
U1700,İskender Kebap,5,3.1
U1700,Mevsim Salata,1,3.2
U1700,Zeytinyağlı Taze Fasulye,2,4.6
U1701,Fırın Tavuk,10,4.2
U1701,Gavurdağı Salata,13,4.0
U1701,Izgara Balık,8,3.0
U1701,Çoban Salata,1,3.4
U1701,İskender Kebap,2,4.0
U1701,Mevsim Salata,10,4.6
U1701,Su Böreği,1,3.9
U1701,Kuru Fasulye,4,3.9
U1701,Kemalpaşa,15,3.3
U1701,Yayla Çorbası,3,3.3
U1702,Su Böreği,4,4.5
U1702,Sezar Salata,10,3.8
U1702,Kuru Fasulye,5,3.9
U1702,Fırın Tavuk,6,4.6
U1702,Sebze Graten,3,3.5
U1702,Ton Balıklı Salata,1,3.8
U1702,Et Döner,7,4.8
U1702,Güllaç,10,3.7
U1702,Piliç Topkapı,2,3.9
U1702,Tavuk Suyu Çorbası,3,3.1
U1702,Tavuk Döner,7,4.2
U1702,Sigara Böreği,13,4.4
U1702,Domates Çorbası,14,4.7
U1702,İskender Kebap,13,3.9
U1702,Zeytinyağlı Taze Fasulye,12,4.5
U1702,Tarhana Çorbası,8,3.2
U1702,Sütlaç,4,4.0
U1703,Zeytinyağlı Enginar,4,3.2
U1703,Sebze Graten,11,4.7
U1703,Kadınbudu Köfte,11,3.3
U1703,Fırın Tavuk,4,3.9
U1703,Güllaç,4,4.6
U1703,İskender Kebap,12,3.7
U1703,Izgara Balık,11,4.3
U1703,Ezogelin Çorbası,13,4.8
U1703,Makarna,10,5.0
U1703,Mantar Çorbası,6,4.3
U1703,Su Böreği,11,3.2
U1704,Patates Salatası,13,4.7
U1704,Tavuk Sote,2,4.1
U1704,Sütlaç,9,4.4
U1704,Orman Kebabı,4,3.6
U1704,Ispanak Yemeği,10,4.8
U1704,Patates Püresi,9,3.2
U1704,Çoban Salata,11,3.7
U1704,Aşure,4,3.5
U1704,Yayla Çorbası,10,4.3
U1704,Pirinç Pilavı,11,4.9
U1704,Izgara Balık,14,4.5
U1704,Güllaç,2,3.9
U1704,Zeytinyağlı Sarma,8,3.7
U1705,Sütlaç,5,3.3
U1705,Tas Kebabı,4,4.6
U1705,Kemalpaşa,14,4.7
U1705,Tavukgöğsü,4,3.4
U1705,Yayla Çorbası,2,3.6
U1705,Tavuk Şiş,7,4.5
U1705,Sigara Böreği,6,3.3
U1705,Domates Çorbası,3,3.5
U1705,Pirinç Pilavı,7,3.3
U1705,Tavuk Sote,9,3.2
U1705,Ispanak Yemeği,13,3.4
U1705,Ton Balıklı Salata,12,4.8
U1705,Gavurdağı Salata,14,3.8
U1706,Hamsi Tava,11,4.4
U1706,Rus Salatası,7,4.7
U1706,Et Sote,1,4.8
U1706,Kadınbudu Köfte,7,3.7
U1706,Düğün Çorbası,8,3.3
U1706,Tavuk Döner,3,3.3
U1706,Zeytinyağlı Sarma,14,3.1
U1706,Çoban Salata,14,3.7
U1706,Sütlaç,3,3.1
U1706,Güllaç,3,4.8
U1706,Et Döner,4,4.9
U1706,Mercimek Çorbası,11,3.1
U1706,Zeytinyağlı Taze Fasulye,7,3.5
U1706,Zeytinyağlı Enginar,6,4.9
U1706,Sebze Graten,12,3.3
U1706,Tarhana Çorbası,12,3.9
U1706,Ezogelin Çorbası,13,3.4
U1706,Izgara Balık,6,4.8
U1706,Piliç Topkapı,7,5.0
U1707,Mercimek Köftesi,15,3.3
U1707,Fırın Tavuk,15,3.6
U1707,Rus Salatası,7,3.1
U1707,Mercimek Çorbası,10,3.6
U1707,Tas Kebabı,1,4.3
U1707,Ispanak Yemeği,10,3.1
U1707,Zeytinyağlı Sarma,13,4.9
U1707,Patates Kızartması,12,4.3
U1707,Gavurdağı Salata,9,4.2
U1707,Yayla Çorbası,6,4.3
U1708,Karnıyarık,2,4.7
U1708,Zeytinyağlı Taze Fasulye,9,4.5
U1708,Mevsim Salata,1,4.0
U1708,Tavuk Döner,8,3.2
U1708,Patates Püresi,10,3.0
U1708,Et Sote,14,4.5
U1708,Ezogelin Çorbası,8,4.3
U1708,Baklava,13,3.6
U1708,Sigara Böreği,10,5.0
U1708,Güllaç,10,3.6
U1708,İskender Kebap,6,4.7
U1708,Fırın Tavuk,5,4.1
U1708,Izgara Balık,8,3.7
U1708,Profiterol,5,4.3
U1709,Mevsim Salata,2,3.7
U1709,Revani,9,4.4
U1709,Makarna,13,3.1
U1709,Zeytinyağlı Taze Fasulye,3,4.7
U1709,Gavurdağı Salata,15,4.4
U1709,Zeytinyağlı Enginar,4,3.5
U1709,Baklava,1,4.7
U1709,Patates Kızartması,7,4.4
U1709,Kuru Fasulye,5,3.4
U1709,Tavuk Suyu Çorbası,10,3.7
U1709,Pırasa Yemeği,10,3.3
U1709,Domates Çorbası,3,3.8
U1709,Mercimek Köftesi,15,4.1
U1710,Kazandibi,13,3.3
U1710,Gavurdağı Salata,9,3.1
U1710,Makarna,10,3.8
U1710,Et Sote,5,4.6
U1710,Sütlaç,3,4.4
U1710,Et Döner,6,3.4
U1710,Tarhana Çorbası,1,3.2
U1711,Makarna,7,3.7
U1711,Tavuk Şiş,13,4.9
U1711,Revani,14,3.4
U1711,Patates Kızartması,8,4.7
U1711,Fırın Tavuk,7,4.7
U1711,Orman Kebabı,6,4.2
U1711,Zeytinyağlı Sarma,2,4.9
U1711,Zeytinyağlı Enginar,2,4.9
U1711,İskender Kebap,11,4.0
U1711,Sebze Graten,15,3.6
U1712,Düğün Çorbası,5,4.3
U1712,Makarna,2,3.3
U1712,Çoban Salata,15,4.8
U1712,Zeytinyağlı Enginar,8,3.0
U1712,Rus Salatası,12,3.6
U1712,İmambayıldı,1,4.4
U1712,Orman Kebabı,4,4.2
U1712,Fırın Tavuk,10,3.0
U1712,Et Sote,14,3.5
U1712,Mevsim Salata,7,4.9
U1712,Sezar Salata,8,4.6
U1712,Nohut,4,3.2
U1712,Ton Balıklı Salata,11,3.1
U1712,Piliç Topkapı,5,4.5
U1712,Hamsi Tava,5,4.7
U1713,Domates Çorbası,12,3.4
U1713,Zeytinyağlı Taze Fasulye,13,4.3
U1713,Zeytinyağlı Sarma,15,4.9
U1713,Nohut,6,4.7
U1713,Ezogelin Çorbası,10,4.0
U1713,Tarhana Çorbası,13,4.0
U1713,Düğün Çorbası,6,4.6
U1713,Tavuk Sote,14,3.9
U1713,Sebze Graten,6,3.6
U1713,Pırasa Yemeği,13,4.8
U1713,Patates Püresi,7,3.8
U1713,Bulgur Pilavı,7,3.5
U1713,Hamsi Tava,2,3.5
U1713,Rus Salatası,2,3.7
U1713,Fırın Tavuk,12,4.0
U1713,Mercimek Köftesi,15,4.1
U1713,Revani,15,3.1
U1713,Güllaç,12,4.8
U1713,Kadınbudu Köfte,10,4.4
U1714,Güllaç,12,3.4
U1714,Kadınbudu Köfte,13,3.3
U1714,İskender Kebap,11,4.5
U1714,İmambayıldı,15,3.5
U1714,İrmik Helvası,9,3.2
U1714,Tavuk Sote,10,3.4
U1714,Profiterol,1,4.0
U1714,Aşure,8,3.7
U1714,Su Böreği,5,4.4
U1714,Mantar Çorbası,14,4.9
U1714,Domates Çorbası,2,3.0
U1714,Et Sote,13,3.3
U1714,Kazandibi,8,4.4
U1714,Zeytinyağlı Taze Fasulye,6,3.4
U1714,Zeytinyağlı Enginar,11,4.3
U1714,Tavukgöğsü,7,3.7
U1714,Sigara Böreği,15,3.5
U1714,Patates Püresi,2,4.9
U1715,Fırın Tavuk,6,4.6
U1715,Tavuk Şiş,11,4.0
U1715,Tas Kebabı,15,3.5
U1715,Kadınbudu Köfte,2,3.7
U1715,Pirinç Pilavı,14,5.0
U1715,Sütlaç,12,3.8
U1715,Et Sote,4,3.2
U1715,Et Döner,2,3.5
U1716,Pirinç Pilavı,3,4.8
U1716,Kadınbudu Köfte,10,4.3
U1716,Kemalpaşa,7,3.2
U1716,Sezar Salata,9,3.6
U1716,Tarhana Çorbası,11,4.9
U1716,Yayla Çorbası,10,4.4
U1716,Revani,15,3.4
U1716,Gavurdağı Salata,2,3.9
U1716,Ton Balıklı Salata,3,4.3
U1716,Zeytinyağlı Taze Fasulye,15,4.7
U1716,Tavuk Sote,6,4.7
U1716,Profiterol,5,4.4
U1716,Domates Çorbası,12,4.3
U1716,Tavuk Şiş,14,4.1
U1716,Kuru Fasulye,4,3.5
U1716,Kazandibi,10,4.3
U1716,Orman Kebabı,15,4.5
U1716,Zeytinyağlı Enginar,13,4.8
U1717,Mantar Çorbası,4,3.9
U1717,İmambayıldı,10,4.4
U1717,Kadınbudu Köfte,13,3.8
U1717,Kazandibi,2,3.9
U1717,Rus Salatası,14,4.0
U1717,Gavurdağı Salata,13,3.0
U1717,Bulgur Pilavı,1,5.0
U1717,İskender Kebap,12,4.4
U1717,Izgara Balık,12,3.2
U1717,Ton Balıklı Salata,14,3.5
U1717,Makarna,14,4.9
U1717,Sütlaç,9,4.8
U1718,Zeytinyağlı Taze Fasulye,6,3.9
U1718,Düğün Çorbası,6,4.6
U1718,Hamsi Tava,5,4.6
U1718,Ton Balıklı Salata,10,4.7
U1718,Rus Salatası,9,4.2
U1718,Tarhana Çorbası,9,4.2
U1718,Kadınbudu Köfte,8,3.7
U1718,Tavuk Döner,13,4.4
U1718,Güllaç,12,4.1
U1718,Zeytinyağlı Enginar,3,3.6
U1718,Mantar Çorbası,13,4.8
U1718,Tavukgöğsü,6,3.7
U1718,Nohut,14,3.4
U1718,Çoban Salata,4,4.4
U1718,Sigara Böreği,13,3.6
U1718,Sütlaç,7,3.5
U1718,Piliç Topkapı,14,4.5
U1718,Bulgur Pilavı,4,3.8
U1718,Revani,15,4.8
U1718,İrmik Helvası,5,3.2
U1719,Yayla Çorbası,1,3.2
U1719,Kuru Fasulye,11,3.1
U1719,Makarna,10,4.8
U1719,Bulgur Pilavı,8,4.0
U1719,Ispanak Yemeği,11,4.6
U1719,Ton Balıklı Salata,14,4.0
U1719,Profiterol,12,3.9
U1719,Baklava,15,3.7
U1719,Patates Kızartması,5,4.0
U1719,Düğün Çorbası,3,3.3
U1719,Domates Çorbası,10,4.7
U1719,Köfte,8,3.6
U1719,Fırın Tavuk,2,3.4
U1719,Patates Salatası,11,3.5
U1719,Tavuk Döner,2,3.4
U1719,Kemalpaşa,11,3.7
U1719,İrmik Helvası,13,4.9
U1720,Et Sote,13,3.1
U1720,Profiterol,9,4.3
U1720,Tavukgöğsü,6,4.9
U1720,Rus Salatası,4,4.9
U1720,Pirinç Pilavı,10,4.7
U1720,Sütlaç,5,4.5
U1720,Fırın Tavuk,12,3.5
U1720,İmambayıldı,13,3.0
U1720,Patates Salatası,6,4.6
U1720,Çoban Salata,6,4.6
U1720,Su Böreği,11,4.1
U1721,Tavuk Şiş,5,3.3
U1721,Ezogelin Çorbası,14,3.8
U1721,Tas Kebabı,4,3.8
U1721,Patates Kızartması,2,3.1
U1721,Zeytinyağlı Enginar,15,3.1
U1721,Tarhana Çorbası,8,3.8
U1721,Patates Salatası,5,4.0
U1721,Mercimek Köftesi,8,3.9
U1721,Domates Çorbası,3,4.5
U1721,Çoban Salata,6,4.9
U1722,Aşure,12,3.3
U1722,Mercimek Köftesi,3,4.1
U1722,Sigara Böreği,14,3.0
U1722,Hamsi Tava,15,4.3
U1722,Pirinç Pilavı,2,3.2
U1722,Nohut,13,4.8
U1722,Orman Kebabı,15,3.7
U1722,İskender Kebap,11,3.2
U1722,İmambayıldı,6,5.0
U1722,Mevsim Salata,14,4.8
U1722,Sütlaç,2,3.9
U1723,Patates Kızartması,2,3.4
U1723,Piliç Topkapı,12,4.3
U1723,Gavurdağı Salata,11,3.7
U1723,Karnıyarık,12,4.4
U1723,Sigara Böreği,8,4.0
U1723,Düğün Çorbası,2,3.7
U1723,Domates Çorbası,15,4.7
U1723,Rus Salatası,15,3.8
U1723,Patates Salatası,15,4.7
U1723,Bulgur Pilavı,13,3.2
U1723,Revani,13,4.7
U1723,Kemalpaşa,4,3.9
U1724,Zeytinyağlı Taze Fasulye,3,4.2
U1724,Hamsi Tava,5,4.5
U1724,İmambayıldı,7,4.7
U1724,Et Sote,11,3.2
U1724,Profiterol,7,4.8
U1724,Güllaç,15,4.1
U1724,Tavuk Döner,12,3.7
U1724,Sezar Salata,6,3.8
U1724,İrmik Helvası,10,4.7
U1724,Tas Kebabı,2,4.5
U1724,Aşure,14,3.7
U1724,Gavurdağı Salata,10,3.4
U1724,Patates Salatası,4,4.9
U1724,Ispanak Yemeği,5,4.5
U1724,Tarhana Çorbası,1,3.1
U1724,Kemalpaşa,3,4.6
U1724,Çoban Salata,4,4.1
U1724,Rus Salatası,5,3.5
U1725,Zeytinyağlı Enginar,3,4.0
U1725,Ton Balıklı Salata,9,3.2
U1725,Pırasa Yemeği,9,4.4
U1725,Et Döner,14,4.0
U1725,Tavukgöğsü,14,3.9
U1725,Zeytinyağlı Sarma,10,3.9
U1726,Kemalpaşa,1,3.1
U1726,Orman Kebabı,13,4.9
U1726,Köfte,7,3.2
U1726,Nohut,1,3.5
U1726,Profiterol,5,4.6
U1726,İrmik Helvası,1,4.7
U1726,Sigara Böreği,6,4.7
U1726,Yayla Çorbası,11,4.2
U1726,Zeytinyağlı Enginar,10,3.6
U1726,Tavuk Döner,3,3.3
U1726,Aşure,2,4.3
U1726,Çoban Salata,10,4.8
U1726,Et Sote,14,4.8
U1726,Sütlaç,5,4.1
U1726,Revani,10,3.7
U1726,Tavukgöğsü,9,3.4
U1726,Zeytinyağlı Sarma,4,4.0
U1726,Bulgur Pilavı,12,4.7
U1727,İrmik Helvası,5,3.6
U1727,Sütlaç,5,3.7
U1727,Tavuk Şiş,8,3.2
U1727,Köfte,5,4.8
U1727,Mantar Çorbası,6,3.3
U1727,Izgara Balık,10,3.9
U1727,Sezar Salata,4,4.2
U1727,Aşure,5,3.7
U1727,Revani,12,3.7
U1728,Patates Salatası,9,3.4
U1728,Sezar Salata,3,4.6
U1728,Et Döner,4,4.1
U1728,Piliç Topkapı,9,4.6
U1728,Pirinç Pilavı,12,3.8
U1728,Gavurdağı Salata,13,3.1
U1728,Zeytinyağlı Sarma,3,4.7
U1728,Rus Salatası,12,4.3
U1728,Sütlaç,3,4.8
U1728,Tavuk Şiş,12,3.6
U1728,Bulgur Pilavı,7,4.4
U1728,Karnıyarık,4,3.5
U1729,Mercimek Köftesi,15,3.0
U1729,Orman Kebabı,5,4.3
U1729,Tavukgöğsü,4,3.8
U1729,Et Sote,1,4.9
U1729,Zeytinyağlı Taze Fasulye,8,4.5
U1729,Tavuk Döner,6,3.1
U1729,Yayla Çorbası,15,3.1
U1729,Piliç Topkapı,13,4.2
U1729,İrmik Helvası,10,4.0
U1729,Sezar Salata,9,3.8
U1729,Et Döner,1,4.0
U1730,Zeytinyağlı Sarma,4,3.4
U1730,İmambayıldı,12,4.3
U1730,İrmik Helvası,9,4.2
U1730,Domates Çorbası,13,4.3
U1730,Orman Kebabı,6,4.9
U1730,Sigara Böreği,6,4.2
U1730,Gavurdağı Salata,11,3.2
U1730,Revani,3,3.9
U1730,Köfte,8,3.9
U1730,Zeytinyağlı Taze Fasulye,2,3.0
U1730,Et Sote,15,4.5
U1730,Mercimek Çorbası,12,4.0
U1730,Rus Salatası,11,4.2
U1730,Patates Salatası,10,4.9
U1730,Su Böreği,9,4.2
U1730,Tavukgöğsü,6,4.4
U1730,Patates Kızartması,15,4.1
U1730,Sezar Salata,14,4.6
U1730,Profiterol,10,3.6
U1731,Zeytinyağlı Enginar,10,4.4
U1731,Tavuk Döner,10,3.2
U1731,Mevsim Salata,2,5.0
U1731,Sebze Graten,11,4.5
U1731,Ezogelin Çorbası,3,3.8
U1731,Gavurdağı Salata,15,4.9
U1732,Mantar Çorbası,5,4.4
U1732,Makarna,13,4.3
U1732,Mercimek Köftesi,8,4.5
U1732,Yayla Çorbası,10,3.7
U1732,Kadınbudu Köfte,4,4.5
U1733,Ispanak Yemeği,3,3.1
U1733,Ezogelin Çorbası,11,3.8
U1733,Orman Kebabı,13,5.0
U1733,Zeytinyağlı Enginar,1,4.1
U1733,Mantar Çorbası,13,3.9
U1733,Pirinç Pilavı,14,4.7
U1734,Tavuk Sote,9,4.4
U1734,Mercimek Çorbası,4,3.3
U1734,Sebze Graten,6,4.3
U1734,Ton Balıklı Salata,11,4.3
U1734,Bulgur Pilavı,2,3.6
U1734,Makarna,10,4.6
U1734,İmambayıldı,8,3.6
U1734,Gavurdağı Salata,1,3.4
U1735,Aşure,9,3.6
U1735,Ton Balıklı Salata,10,3.8
U1735,İmambayıldı,3,4.4
U1735,Nohut,10,3.7
U1735,Piliç Topkapı,3,4.0
U1735,Tavuk Suyu Çorbası,4,3.6
U1735,Su Böreği,10,3.9
U1736,Mercimek Çorbası,13,4.8
U1736,İmambayıldı,10,4.1
U1736,Patates Salatası,9,3.4
U1736,Nohut,10,4.1
U1736,Mevsim Salata,1,3.0
U1736,Pırasa Yemeği,10,3.8
U1737,Sebze Graten,14,3.7
U1737,Tarhana Çorbası,12,4.7
U1737,Su Böreği,3,3.3
U1737,Makarna,2,4.3
U1737,Rus Salatası,15,4.3
U1738,Tavuk Döner,4,4.8
U1738,Fırın Tavuk,15,3.9
U1738,Ispanak Yemeği,1,3.9
U1738,Patates Salatası,7,4.9
U1738,Köfte,1,4.6
U1738,Izgara Balık,11,4.8
U1738,Düğün Çorbası,4,4.7
U1738,Sigara Böreği,7,3.4
U1738,İmambayıldı,11,3.2
U1738,Tavukgöğsü,6,4.5
U1738,Patates Püresi,13,4.4
U1738,Mercimek Köftesi,9,4.7
U1738,İskender Kebap,5,4.5
U1739,Bulgur Pilavı,12,4.5
U1739,Gavurdağı Salata,3,3.4
U1739,Düğün Çorbası,5,3.0
U1739,Nohut,7,3.1
U1739,Mercimek Çorbası,14,4.9
U1739,Mercimek Köftesi,10,4.2
U1739,Revani,6,4.8
U1739,Sebze Graten,6,3.8
U1739,Kazandibi,12,5.0
U1739,Domates Çorbası,6,4.6
U1739,Makarna,15,5.0
U1739,Orman Kebabı,5,4.9
U1739,Piliç Topkapı,1,4.2
U1739,Zeytinyağlı Taze Fasulye,9,3.1
U1739,Hamsi Tava,13,3.3
U1739,Sigara Böreği,13,3.1
U1740,Kadınbudu Köfte,13,3.8
U1740,Tarhana Çorbası,14,4.3
U1740,İmambayıldı,15,4.2
U1740,Zeytinyağlı Enginar,15,3.4
U1740,Baklava,7,4.6
U1740,Tavuk Suyu Çorbası,3,4.0
U1740,Domates Çorbası,9,3.8
U1740,Kemalpaşa,9,3.5
U1740,Ezogelin Çorbası,4,4.8
U1740,Revani,1,3.8
U1740,Patates Kızartması,1,4.7
U1740,Ton Balıklı Salata,12,4.0
U1740,Hamsi Tava,14,3.6
U1740,İrmik Helvası,4,4.2
U1740,Tas Kebabı,1,5.0
U1740,Patates Salatası,13,3.3
U1740,Mercimek Köftesi,10,4.6
U1741,Mevsim Salata,11,4.7
U1741,Izgara Balık,4,4.6
U1741,Kuru Fasulye,15,3.9
U1741,Patates Kızartması,15,4.5
U1741,Ezogelin Çorbası,13,4.3
U1741,Ton Balıklı Salata,7,4.3
U1741,Mercimek Köftesi,9,3.2
U1741,İrmik Helvası,8,4.9
U1741,Revani,10,4.7
U1741,Piliç Topkapı,6,3.7
U1741,Baklava,13,3.7
U1742,Profiterol,1,3.3
U1742,Et Sote,15,4.4
U1742,Aşure,14,3.5
U1742,Karnıyarık,2,3.6
U1742,Sebze Graten,11,3.8
U1742,Domates Çorbası,10,4.9
U1742,Patates Salatası,5,4.2
U1742,Ezogelin Çorbası,2,3.3
U1742,Bulgur Pilavı,3,3.8
U1742,Revani,4,3.8
U1742,Kemalpaşa,2,3.7
U1743,Profiterol,9,4.4
U1743,Pirinç Pilavı,4,4.8
U1743,Yayla Çorbası,6,4.2
U1743,Orman Kebabı,4,3.9
U1743,Tarhana Çorbası,9,4.2
U1743,Patates Kızartması,12,3.2
U1743,Sezar Salata,13,4.9
U1744,İskender Kebap,1,3.7
U1744,Baklava,4,4.2
U1744,İmambayıldı,12,4.8
U1744,Zeytinyağlı Enginar,1,3.1
U1744,Tavuk Döner,1,3.1
U1745,İmambayıldı,13,3.3
U1745,Güllaç,1,3.4
U1745,Mantar Çorbası,1,3.9
U1745,Patates Kızartması,14,4.7
U1745,Tavuk Şiş,8,4.6
U1745,Nohut,14,4.1
U1745,Makarna,9,4.9
U1745,Et Döner,7,4.9
U1745,Izgara Balık,9,3.3
U1745,Fırın Tavuk,14,4.2
U1745,Ispanak Yemeği,10,4.1
U1745,Mercimek Köftesi,1,4.8
U1746,Sebze Graten,10,3.7
U1746,Pirinç Pilavı,2,4.2
U1746,İskender Kebap,9,3.5
U1746,Tavuk Suyu Çorbası,15,3.1
U1746,Tavuk Döner,12,4.3
U1746,İrmik Helvası,9,4.4
U1746,Patates Salatası,1,3.1
U1746,Rus Salatası,13,3.2
U1746,Revani,7,4.6
U1746,Tavukgöğsü,15,4.3
U1746,Tavuk Sote,5,4.0
U1746,Ispanak Yemeği,6,3.6
U1746,Orman Kebabı,15,4.4
U1746,Köfte,10,4.2
U1746,Nohut,1,4.5
U1746,Zeytinyağlı Sarma,9,4.9
U1746,Makarna,1,4.3
U1746,Ezogelin Çorbası,8,3.2
U1746,Sezar Salata,1,3.5
U1747,Piliç Topkapı,12,3.8
U1747,Sütlaç,14,3.2
U1747,Domates Çorbası,9,4.6
U1747,Tarhana Çorbası,14,4.3
U1747,Zeytinyağlı Taze Fasulye,12,3.3
U1747,Yayla Çorbası,5,4.6
U1747,Sezar Salata,6,4.7
U1747,Tavuk Sote,9,3.0
U1747,Karnıyarık,5,3.8
U1747,Revani,10,4.5
U1747,Ezogelin Çorbası,4,3.4
U1748,Tavuk Sote,15,3.5
U1748,Rus Salatası,15,3.5
U1748,Pirinç Pilavı,12,5.0
U1748,Tavuk Döner,6,4.1
U1748,Bulgur Pilavı,3,4.2
U1748,Domates Çorbası,6,4.3
U1748,Patates Püresi,5,4.1
U1748,Zeytinyağlı Sarma,2,3.3
U1748,İmambayıldı,1,4.2
U1748,Ton Balıklı Salata,8,3.2
U1748,Mercimek Çorbası,12,3.7
U1748,Zeytinyağlı Taze Fasulye,15,3.9
U1749,Köfte,9,4.0
U1749,Mercimek Çorbası,10,4.4
U1749,Bulgur Pilavı,15,4.0
U1749,Tavuk Döner,8,3.6
U1749,Makarna,4,3.8
U1749,Fırın Tavuk,8,4.7
U1749,Et Döner,2,3.8
U1749,Gavurdağı Salata,15,3.5
U1749,Düğün Çorbası,12,4.4
U1749,Zeytinyağlı Sarma,11,3.1
U1749,Baklava,8,3.7
U1750,Rus Salatası,10,4.3
U1750,Tavuk Döner,12,3.3
U1750,Ispanak Yemeği,15,3.8
U1750,İrmik Helvası,7,3.6
U1750,Hamsi Tava,3,4.5
U1750,Tavuk Sote,11,3.4
U1750,Patates Salatası,5,4.7
U1750,Gavurdağı Salata,12,4.1
U1750,Güllaç,14,3.9
U1750,Pırasa Yemeği,1,4.7
U1750,Orman Kebabı,12,3.1
U1750,Sebze Graten,4,4.9
U1750,Tavuk Suyu Çorbası,5,4.3
U1750,Fırın Tavuk,4,4.5
U1750,Izgara Balık,1,3.5
U1751,Mantar Çorbası,14,3.3
U1751,Mevsim Salata,4,3.7
U1751,İrmik Helvası,5,3.4
U1751,Ezogelin Çorbası,10,3.7
U1751,Zeytinyağlı Sarma,11,3.6
U1751,Izgara Balık,5,3.8
U1751,Tavuk Şiş,14,3.8
U1751,Pırasa Yemeği,9,4.9
U1751,Revani,15,4.2
U1751,Kemalpaşa,6,3.2
U1751,Et Döner,15,3.7
U1751,Yayla Çorbası,11,4.5
U1751,Tarhana Çorbası,9,3.6
U1751,Sebze Graten,3,3.5
U1751,Sütlaç,12,3.4
U1751,Zeytinyağlı Taze Fasulye,13,3.0
U1751,Kuru Fasulye,3,3.0
U1752,İmambayıldı,2,4.1
U1752,Sütlaç,4,4.3
U1752,Güllaç,5,3.6
U1752,Hamsi Tava,3,3.8
U1752,Piliç Topkapı,7,4.5
U1752,Tavuk Döner,3,3.6
U1752,Yayla Çorbası,11,4.6
U1752,Karnıyarık,4,3.0
U1752,Tavuk Şiş,15,4.3
U1752,Köfte,5,3.5
U1752,Tavuk Sote,9,3.5
U1752,Tarhana Çorbası,5,4.4
U1752,İskender Kebap,2,3.6
U1752,Sigara Böreği,10,3.6
U1752,Baklava,14,4.0
U1752,Çoban Salata,8,3.9
U1753,Sütlaç,7,4.2
U1753,Pırasa Yemeği,4,4.5
U1753,Düğün Çorbası,15,3.2
U1753,Mantar Çorbası,15,3.7
U1753,Baklava,13,4.0
U1753,İrmik Helvası,9,3.6
U1753,Et Sote,11,3.7
U1753,Ezogelin Çorbası,8,4.8
U1753,Tavukgöğsü,10,4.9
U1754,Bulgur Pilavı,1,4.1
U1754,Tavuk Sote,15,3.0
U1754,Fırın Tavuk,2,4.2
U1754,Kazandibi,3,4.6
U1754,Piliç Topkapı,3,4.9
U1754,Tas Kebabı,2,3.9
U1754,Mantar Çorbası,1,3.9
U1754,Hamsi Tava,6,3.9
U1754,Ispanak Yemeği,12,3.9
U1754,Sütlaç,14,3.9
U1754,Kuru Fasulye,14,5.0
U1754,Zeytinyağlı Sarma,11,4.1
U1754,Patates Püresi,7,3.5
U1754,Profiterol,9,3.1
U1754,Pirinç Pilavı,6,3.5
U1754,Domates Çorbası,2,4.5
U1754,Aşure,1,4.1
U1755,Mercimek Çorbası,14,4.7
U1755,Patates Püresi,1,3.4
U1755,Kadınbudu Köfte,3,4.9
U1755,Kuru Fasulye,2,3.3
U1755,Güllaç,10,4.9
U1755,Sigara Böreği,12,4.4
U1755,İmambayıldı,14,4.0
U1755,Fırın Tavuk,14,3.0
U1755,Tarhana Çorbası,1,5.0
U1755,Et Döner,9,4.4
U1755,Tavukgöğsü,7,3.6
U1755,Aşure,15,3.6
U1755,Köfte,5,3.6
U1755,Çoban Salata,14,3.4
U1756,Orman Kebabı,1,3.4
U1756,Düğün Çorbası,11,4.9
U1756,Makarna,5,4.3
U1756,Zeytinyağlı Enginar,9,3.7
U1756,Mercimek Çorbası,2,3.4
U1756,İrmik Helvası,6,4.3
U1756,Yayla Çorbası,9,3.2
U1756,İskender Kebap,7,3.5
U1756,Baklava,4,4.7
U1756,Bulgur Pilavı,6,4.4
U1756,Tarhana Çorbası,11,3.7
U1756,Tavuk Döner,3,4.7
U1756,Sebze Graten,11,3.8
U1756,Kuru Fasulye,10,3.7
U1756,Hamsi Tava,13,4.0
U1756,Sigara Böreği,8,4.1
U1756,Kazandibi,3,5.0
U1756,Ispanak Yemeği,10,4.5
U1756,Çoban Salata,13,4.0
U1757,Pırasa Yemeği,14,4.1
U1757,Tas Kebabı,15,3.1
U1757,Tavuk Suyu Çorbası,15,4.4
U1757,Yayla Çorbası,11,3.1
U1757,Kadınbudu Köfte,13,3.4
U1757,Tavukgöğsü,9,3.8
U1757,Zeytinyağlı Sarma,3,4.8
U1757,Patates Kızartması,13,4.9
U1757,Nohut,2,4.0
U1757,Ton Balıklı Salata,10,4.0
U1757,Hamsi Tava,13,4.4
U1757,Makarna,15,4.3
U1757,Gavurdağı Salata,1,3.2
U1757,Ispanak Yemeği,10,4.3
U1757,Kemalpaşa,9,4.4
U1758,Domates Çorbası,11,3.9
U1758,Mantar Çorbası,4,4.6
U1758,Zeytinyağlı Taze Fasulye,5,3.8
U1758,Sezar Salata,11,3.4
U1758,Hamsi Tava,1,4.8
U1758,Bulgur Pilavı,3,3.9
U1758,Zeytinyağlı Sarma,14,3.9
U1758,Çoban Salata,15,3.9
U1758,Fırın Tavuk,5,3.5
U1758,Su Böreği,6,4.8
U1758,Sebze Graten,8,4.2
U1759,Nohut,9,4.5
U1759,Mercimek Çorbası,8,4.2
U1759,Et Döner,9,4.3
U1759,Piliç Topkapı,6,3.1
U1759,Rus Salatası,7,3.4
U1759,Düğün Çorbası,4,3.4
U1759,Patates Püresi,1,3.9
U1759,Kadınbudu Köfte,14,3.9
U1759,Patates Kızartması,2,3.1
U1759,Et Sote,13,3.3
U1759,Tavuk Döner,8,3.7
U1760,İmambayıldı,3,3.3
U1760,Patates Püresi,9,4.2
U1760,Mantar Çorbası,4,4.0
U1760,Tavuk Döner,1,3.8
U1760,Profiterol,1,3.2
U1760,Tavuk Suyu Çorbası,5,3.6
U1760,Et Sote,12,4.8
U1760,Kazandibi,2,4.8
U1760,Revani,9,3.2
U1760,Aşure,10,3.2
U1760,Tavuk Şiş,7,4.6
U1760,Patates Salatası,8,4.8
U1760,Tavukgöğsü,1,4.8
U1760,Patates Kızartması,2,3.7
U1760,Baklava,12,4.4
U1760,Zeytinyağlı Sarma,6,3.3
U1760,Mevsim Salata,1,3.6
U1760,Izgara Balık,6,5.0
U1761,Baklava,2,4.9
U1761,Tarhana Çorbası,7,4.3
U1761,Zeytinyağlı Sarma,7,4.2
U1761,Et Sote,12,3.7
U1761,Profiterol,7,4.5
U1761,Zeytinyağlı Taze Fasulye,11,3.2
U1762,Profiterol,11,4.8
U1762,Nohut,14,4.1
U1762,Gavurdağı Salata,9,4.5
U1762,Mantar Çorbası,14,3.6
U1762,Sezar Salata,12,4.8
U1762,Sütlaç,10,3.5
U1762,Tas Kebabı,6,4.7
U1762,Makarna,6,4.1
U1762,İrmik Helvası,7,3.8
U1762,Orman Kebabı,13,4.1
U1762,İskender Kebap,7,4.0
U1762,Zeytinyağlı Taze Fasulye,11,3.1
U1762,Baklava,1,5.0
U1762,Güllaç,14,4.9
U1762,Zeytinyağlı Sarma,3,4.0
U1762,Düğün Çorbası,8,4.1
U1763,Tavuk Döner,4,4.7
U1763,Su Böreği,4,4.4
U1763,Patates Salatası,3,4.4
U1763,Et Döner,10,3.4
U1763,Zeytinyağlı Enginar,9,3.7
U1763,Piliç Topkapı,14,4.3
U1763,Güllaç,5,4.3
U1763,Zeytinyağlı Taze Fasulye,15,4.2
U1763,Revani,3,4.7
U1763,Karnıyarık,14,3.2
U1763,Yayla Çorbası,3,3.6
U1763,Hamsi Tava,7,4.3
U1763,İrmik Helvası,15,4.2
U1763,Sütlaç,6,4.2
U1763,Sezar Salata,10,3.0
U1763,Izgara Balık,1,3.7
U1764,Sigara Böreği,11,3.7
U1764,Sezar Salata,11,3.3
U1764,İskender Kebap,2,3.4
U1764,Tavuk Suyu Çorbası,5,4.5
U1764,Çoban Salata,4,4.7
U1764,Tas Kebabı,12,4.0
U1764,İmambayıldı,6,4.9
U1764,Fırın Tavuk,1,4.5
U1764,Tavuk Şiş,8,4.4
U1764,Makarna,1,4.4
U1764,Güllaç,6,4.3
U1764,Köfte,15,3.4
U1764,Kemalpaşa,14,3.4
U1764,Orman Kebabı,5,4.7
U1764,Tarhana Çorbası,3,4.1
U1764,Et Döner,10,3.4
U1764,Sütlaç,12,4.3
U1764,Ton Balıklı Salata,15,4.7
U1765,Mercimek Çorbası,15,4.9
U1765,Zeytinyağlı Sarma,11,4.2
U1765,Ton Balıklı Salata,6,3.5
U1765,Mercimek Köftesi,9,3.4
U1765,Tavuk Suyu Çorbası,1,4.4
U1766,Et Sote,8,4.0
U1766,Zeytinyağlı Taze Fasulye,11,3.5
U1766,Kadınbudu Köfte,13,3.4
U1766,Orman Kebabı,14,4.4
U1766,Profiterol,11,3.7
U1766,Patates Salatası,2,4.3
U1766,Domates Çorbası,9,4.2
U1766,Pirinç Pilavı,1,3.7
U1766,Hamsi Tava,14,3.6
U1766,Tavuk Döner,8,3.5
U1767,Köfte,10,4.1
U1767,Kadınbudu Köfte,13,4.8
U1767,Ezogelin Çorbası,11,4.5
U1767,Patates Salatası,5,5.0
U1767,Su Böreği,6,4.3
U1767,Et Döner,7,3.5
U1767,Yayla Çorbası,6,3.7
U1767,Kuru Fasulye,10,3.7
U1767,Sigara Böreği,9,4.1
U1767,Rus Salatası,6,4.7
U1767,Ton Balıklı Salata,14,4.9
U1768,Sezar Salata,6,3.1
U1768,Tavukgöğsü,5,4.7
U1768,Kazandibi,5,4.5
U1768,Yayla Çorbası,5,3.8
U1768,Et Döner,12,4.3
U1768,Hamsi Tava,11,3.7
U1768,İskender Kebap,14,4.3
U1768,Kemalpaşa,15,3.7
U1768,Gavurdağı Salata,6,3.3
U1768,Ezogelin Çorbası,13,3.3
U1768,Et Sote,7,4.7
U1768,Köfte,3,4.4
U1768,Güllaç,14,4.8
U1768,Zeytinyağlı Taze Fasulye,3,4.2
U1768,Mercimek Köftesi,10,3.8
U1768,Orman Kebabı,8,3.9
U1768,Kadınbudu Köfte,4,3.3
U1768,Ton Balıklı Salata,3,4.7
U1768,Izgara Balık,12,3.5
U1769,Zeytinyağlı Enginar,9,3.5
U1769,Köfte,3,3.8
U1769,Pırasa Yemeği,14,3.9
U1769,Kuru Fasulye,8,4.0
U1769,Su Böreği,5,3.6
U1769,Güllaç,6,4.5
U1769,Kemalpaşa,14,4.2
U1769,Sebze Graten,13,4.3
U1769,Tavuk Döner,9,4.2
U1769,Baklava,14,4.5
U1769,Piliç Topkapı,1,3.5
U1769,Patates Kızartması,6,3.1
U1769,Sütlaç,9,5.0
U1769,Tavuk Şiş,3,4.3
U1769,Izgara Balık,8,4.8
U1769,Makarna,6,4.1
U1770,Kuru Fasulye,6,4.7
U1770,Domates Çorbası,8,3.8
U1770,Mercimek Köftesi,12,4.4
U1770,Baklava,12,4.8
U1770,Nohut,2,3.4
U1770,İmambayıldı,12,3.6
U1770,Orman Kebabı,5,4.0
U1770,Tavuk Suyu Çorbası,13,5.0
U1770,Tavuk Şiş,3,4.9
U1770,Karnıyarık,14,4.3
U1770,Kadınbudu Köfte,5,3.5
U1770,Patates Püresi,2,4.6
U1770,Kemalpaşa,13,4.3
U1770,Mevsim Salata,13,3.2
U1770,Sezar Salata,1,4.5
U1770,Zeytinyağlı Sarma,9,4.7
U1770,Bulgur Pilavı,8,5.0
U1770,Fırın Tavuk,7,4.9
U1770,Makarna,8,4.7
U1771,Pirinç Pilavı,8,3.2
U1771,Et Sote,12,4.2
U1771,Makarna,15,3.7
U1771,Kemalpaşa,6,3.5
U1771,Zeytinyağlı Enginar,4,3.4
U1771,Domates Çorbası,2,3.9
U1771,Zeytinyağlı Taze Fasulye,4,4.4
U1772,Tavukgöğsü,2,3.0
U1772,Karnıyarık,7,4.7
U1772,Patates Püresi,1,3.0
U1772,Makarna,3,3.6
U1772,Et Döner,15,3.3
U1772,Fırın Tavuk,11,3.9
U1772,Sebze Graten,6,4.4
U1772,Sezar Salata,2,3.9
U1772,Su Böreği,12,4.9
U1773,Pırasa Yemeği,12,3.2
U1773,Ispanak Yemeği,8,3.2
U1773,Zeytinyağlı Taze Fasulye,3,3.1
U1773,İmambayıldı,6,4.6
U1773,Güllaç,7,3.3
U1773,Nohut,3,3.6
U1773,Bulgur Pilavı,4,3.4
U1773,Fırın Tavuk,12,4.0
U1773,Mercimek Köftesi,11,4.1
U1773,Kazandibi,3,4.4
U1773,Sebze Graten,7,5.0
U1773,Patates Püresi,9,3.2
U1773,Çoban Salata,11,4.8
U1773,Patates Kızartması,5,3.2
U1773,Ton Balıklı Salata,14,4.7
U1774,Ispanak Yemeği,1,3.2
U1774,Orman Kebabı,14,3.9
U1774,Et Sote,1,3.3
U1774,Kuru Fasulye,7,3.2
U1774,Sebze Graten,9,4.8
U1774,Gavurdağı Salata,7,3.3
U1774,Kadınbudu Köfte,11,4.9
U1774,Sütlaç,12,4.8
U1774,Domates Çorbası,3,4.9
U1774,Zeytinyağlı Enginar,12,5.0
U1774,Su Böreği,8,4.1
U1774,Nohut,2,3.5
U1774,Sigara Böreği,13,4.3
U1774,Tavukgöğsü,10,3.4
U1774,Patates Kızartması,2,3.3
U1774,Rus Salatası,13,3.1
U1774,Mercimek Köftesi,9,3.4
U1774,Tarhana Çorbası,13,4.0
U1774,İmambayıldı,13,3.5
U1774,Çoban Salata,6,4.5
U1775,Tavuk Döner,13,3.3
U1775,Fırın Tavuk,6,4.9
U1775,Tavuk Şiş,6,4.1
U1775,Zeytinyağlı Sarma,2,3.2
U1775,Kazandibi,3,3.1
U1775,Et Sote,5,4.1
U1775,Bulgur Pilavı,9,3.1
U1775,Baklava,13,3.3
U1775,Düğün Çorbası,2,3.6
U1775,Mevsim Salata,4,3.2
U1776,Tavuk Sote,1,4.1
U1776,Tavuk Şiş,14,4.3
U1776,Tarhana Çorbası,8,3.7
U1776,Makarna,5,4.3
U1776,Güllaç,15,4.9
U1776,Gavurdağı Salata,11,4.7
U1776,Tavuk Döner,2,3.4
U1776,Su Böreği,2,3.8
U1776,Ezogelin Çorbası,8,4.2
U1776,Fırın Tavuk,4,3.2
U1776,Izgara Balık,12,3.6
U1776,Kazandibi,1,4.9
U1776,İmambayıldı,6,3.7
U1776,Mercimek Köftesi,4,4.8
U1776,Profiterol,12,3.7
U1777,Domates Çorbası,9,3.6
U1777,Zeytinyağlı Taze Fasulye,15,4.6
U1777,Orman Kebabı,4,4.7
U1777,Kazandibi,3,4.4
U1777,Ton Balıklı Salata,15,4.6
U1777,Tavuk Suyu Çorbası,4,4.4
U1777,Rus Salatası,1,4.7
U1777,Sebze Graten,7,4.8
U1777,İrmik Helvası,15,3.6
U1777,Patates Püresi,9,4.7
U1777,Tavuk Sote,9,4.2
U1777,Bulgur Pilavı,12,3.2
U1777,Tavukgöğsü,11,4.2
U1777,Fırın Tavuk,10,4.9
U1777,Mercimek Çorbası,2,3.6
U1777,Piliç Topkapı,12,4.5
U1777,Ezogelin Çorbası,9,3.3
U1777,Aşure,2,4.0
U1777,Zeytinyağlı Sarma,2,5.0
U1778,Patates Kızartması,2,3.8
U1778,Aşure,9,3.2
U1778,Sütlaç,2,3.8
U1778,Mercimek Köftesi,12,4.2
U1778,Tarhana Çorbası,6,4.4
U1778,Zeytinyağlı Sarma,6,4.0
U1778,İmambayıldı,2,3.4
U1778,Tavuk Döner,15,3.9
U1778,Tavuk Şiş,4,4.0
U1778,Karnıyarık,13,4.7
U1778,Revani,14,3.8
U1778,Et Döner,11,4.7
U1779,Profiterol,1,4.4
U1779,Su Böreği,4,3.8
U1779,Nohut,13,4.2
U1779,Köfte,10,4.0
U1779,Karnıyarık,14,5.0
U1779,Düğün Çorbası,4,3.9
U1779,Ton Balıklı Salata,1,3.5
U1779,Fırın Tavuk,15,3.9
U1779,Aşure,6,4.4
U1779,Tavukgöğsü,7,3.3
U1779,Ezogelin Çorbası,14,4.1
U1779,Mercimek Köftesi,6,3.0
U1779,Tavuk Döner,1,4.9
U1779,Tavuk Şiş,1,3.1
U1779,Zeytinyağlı Sarma,9,4.1
U1779,İmambayıldı,6,4.1
U1779,Revani,15,4.2
U1780,Mantar Çorbası,15,3.4
U1780,Tavuk Sote,10,3.8
U1780,Kazandibi,6,4.9
U1780,Aşure,7,3.5
U1780,Baklava,9,3.3
U1780,Et Döner,6,4.8
U1780,Tas Kebabı,4,4.6
U1780,Gavurdağı Salata,5,3.7
U1780,Makarna,9,3.5
U1780,Tarhana Çorbası,14,4.1
U1780,Pırasa Yemeği,14,3.7
U1780,Piliç Topkapı,4,4.9
U1780,Pirinç Pilavı,11,3.1
U1781,Baklava,2,4.3
U1781,Köfte,1,3.3
U1781,Zeytinyağlı Taze Fasulye,6,3.7
U1781,Ezogelin Çorbası,7,4.8
U1781,Nohut,13,3.2
U1781,Kemalpaşa,4,3.5
U1781,Tavuk Suyu Çorbası,3,3.0
U1781,Kuru Fasulye,8,5.0
U1781,Sütlaç,14,4.3
U1781,Patates Püresi,8,3.1
U1781,Domates Çorbası,1,3.9
U1781,Mantar Çorbası,6,3.3
U1781,Sebze Graten,11,3.5
U1781,Sigara Böreği,6,3.4
U1781,Güllaç,12,4.9
U1781,Yayla Çorbası,1,3.9
U1781,Tarhana Çorbası,11,3.9
U1781,Düğün Çorbası,12,4.8
U1781,İmambayıldı,6,4.2
U1782,Zeytinyağlı Enginar,12,3.1
U1782,Tavuk Döner,7,3.6
U1782,Düğün Çorbası,12,3.6
U1782,Tavuk Suyu Çorbası,9,3.7
U1782,Hamsi Tava,9,4.3
U1782,Mevsim Salata,4,3.8
U1782,Karnıyarık,1,4.8
U1782,İskender Kebap,1,3.3
U1782,Köfte,7,3.1
U1782,Mercimek Köftesi,7,5.0
U1782,Pirinç Pilavı,11,3.7
U1782,Piliç Topkapı,9,4.6
U1782,Yayla Çorbası,9,4.4
U1783,Güllaç,13,4.4
U1783,Patates Kızartması,4,4.3
U1783,Nohut,6,4.8
U1783,Bulgur Pilavı,4,3.6
U1783,İrmik Helvası,8,4.9
U1783,Izgara Balık,1,4.7
U1783,Yayla Çorbası,13,4.0
U1783,Pirinç Pilavı,4,3.1
U1783,Tarhana Çorbası,13,3.7
U1783,Rus Salatası,11,4.1
U1783,Sütlaç,8,4.6
U1783,Kadınbudu Köfte,14,4.5
U1783,Tavukgöğsü,8,3.3
U1783,Mevsim Salata,4,4.1
U1784,Kemalpaşa,10,3.8
U1784,Kadınbudu Köfte,9,3.9
U1784,Yayla Çorbası,11,3.3
U1784,Kazandibi,11,3.4
U1784,Fırın Tavuk,2,3.6
U1784,Orman Kebabı,15,3.4
U1784,Sütlaç,10,4.6
U1784,Piliç Topkapı,1,4.0
U1784,Zeytinyağlı Sarma,5,4.9
U1784,Aşure,7,3.8
U1784,Çoban Salata,6,4.4
U1784,Düğün Çorbası,1,3.6
U1784,Tas Kebabı,6,4.1
U1784,Ezogelin Çorbası,14,3.4
U1784,Sigara Böreği,3,3.8
U1785,Domates Çorbası,14,3.5
U1785,İrmik Helvası,8,4.9
U1785,Profiterol,9,4.3
U1785,Sebze Graten,8,4.6
U1785,İskender Kebap,2,4.4
U1785,Orman Kebabı,14,4.7
U1785,Patates Kızartması,12,3.1
U1785,Fırın Tavuk,5,4.3
U1785,Tavuk Şiş,5,4.6
U1785,Mevsim Salata,15,4.8
U1785,Rus Salatası,9,4.3
U1785,Mercimek Köftesi,9,3.0
U1785,Et Sote,5,3.4
U1785,Kuru Fasulye,11,4.0
U1785,Revani,6,3.7
U1785,Pırasa Yemeği,7,3.5
U1785,Sezar Salata,5,3.8
U1785,Çoban Salata,6,4.0
U1786,Zeytinyağlı Sarma,14,4.8
U1786,Tas Kebabı,13,4.8
U1786,Köfte,15,4.4
U1786,Mevsim Salata,15,3.4
U1786,Profiterol,13,4.5
U1787,Mevsim Salata,14,4.0
U1787,Kadınbudu Köfte,7,3.6
U1787,Köfte,14,3.5
U1787,Profiterol,13,3.1
U1787,İskender Kebap,4,4.2
U1787,Sütlaç,7,3.1
U1787,Bulgur Pilavı,10,3.8
U1787,Güllaç,10,4.4
U1787,İrmik Helvası,6,4.3
U1787,Su Böreği,8,3.1
U1787,İmambayıldı,13,3.2
U1788,Zeytinyağlı Sarma,2,3.8
U1788,Rus Salatası,7,4.8
U1788,Pırasa Yemeği,3,4.2
U1788,Piliç Topkapı,9,3.1
U1788,Izgara Balık,2,3.2
U1788,Domates Çorbası,7,4.6
U1788,Pirinç Pilavı,13,3.4
U1788,Zeytinyağlı Enginar,11,3.2
U1788,Aşure,3,3.4
U1788,Mercimek Köftesi,2,4.3
U1788,Profiterol,5,4.0
U1788,Gavurdağı Salata,10,4.1
U1789,Yayla Çorbası,13,3.8
U1789,Et Döner,4,4.4
U1789,Ton Balıklı Salata,6,3.9
U1789,Zeytinyağlı Enginar,6,3.2
U1789,Sebze Graten,1,3.7
U1789,Izgara Balık,2,4.9
U1789,Gavurdağı Salata,2,3.2
U1789,İskender Kebap,13,3.1
U1789,Mevsim Salata,8,4.1
U1789,Kadınbudu Köfte,3,3.9
U1789,Tavukgöğsü,1,4.0
U1789,Mercimek Köftesi,5,4.1
U1789,Patates Püresi,15,4.7
U1789,Tavuk Şiş,3,3.5
U1789,Çoban Salata,10,4.7
U1789,Profiterol,2,4.6
U1789,Kemalpaşa,8,4.3
U1789,Ezogelin Çorbası,3,3.3
U1789,Aşure,5,3.8
U1790,Orman Kebabı,5,3.0
U1790,Pırasa Yemeği,3,4.8
U1790,Yayla Çorbası,5,3.5
U1790,Sebze Graten,6,4.5
U1790,Mantar Çorbası,12,4.9
U1790,Su Böreği,1,3.1
U1790,Kuru Fasulye,6,4.7
U1790,Kazandibi,2,4.0
U1790,Güllaç,1,4.0
U1790,Profiterol,6,3.3
U1790,Tavukgöğsü,6,3.6
U1790,Izgara Balık,4,3.2
U1790,Çoban Salata,11,4.8
U1790,Zeytinyağlı Enginar,8,3.2
U1790,Tavuk Suyu Çorbası,15,3.0
U1790,Tarhana Çorbası,15,4.2
U1790,Patates Kızartması,5,4.8
U1791,Su Böreği,3,3.8
U1791,Mevsim Salata,14,3.3
U1791,Fırın Tavuk,6,3.9
U1791,Hamsi Tava,11,3.5
U1791,Ispanak Yemeği,11,4.5
U1791,Kadınbudu Köfte,4,3.2
U1792,Makarna,5,4.0
U1792,Ton Balıklı Salata,9,4.4
U1792,Fırın Tavuk,14,4.6
U1792,Izgara Balık,9,3.2
U1792,Bulgur Pilavı,3,3.2
U1792,Profiterol,14,4.6
U1792,Mercimek Çorbası,8,3.7
U1792,Domates Çorbası,2,3.6
U1792,Aşure,14,3.3
U1792,Mercimek Köftesi,6,4.9
U1793,Et Sote,3,3.6
U1793,Orman Kebabı,7,4.8
U1793,Mantar Çorbası,9,4.7
U1793,Bulgur Pilavı,8,4.3
U1793,Kuru Fasulye,8,4.5
U1793,Fırın Tavuk,5,3.7
U1793,Zeytinyağlı Taze Fasulye,2,3.2
U1794,Düğün Çorbası,2,4.1
U1794,İmambayıldı,1,3.7
U1794,Pirinç Pilavı,9,4.3
U1794,Mevsim Salata,11,3.4
U1794,Pırasa Yemeği,7,4.5
U1794,Bulgur Pilavı,9,3.8
U1794,Et Döner,2,4.3
U1794,Hamsi Tava,12,4.7
U1794,Güllaç,7,3.4
U1794,Patates Kızartması,4,3.9
U1794,Revani,4,3.5
U1794,Zeytinyağlı Sarma,5,3.5
U1794,İskender Kebap,11,4.2
U1794,Sütlaç,5,3.8
U1794,Çoban Salata,1,3.0
U1794,Karnıyarık,12,4.8
U1794,Zeytinyağlı Enginar,11,4.4
U1794,Ton Balıklı Salata,5,3.1
U1795,Sütlaç,13,4.4
U1795,Çoban Salata,5,3.9
U1795,Güllaç,1,3.4
U1795,Bulgur Pilavı,5,4.7
U1795,Piliç Topkapı,12,3.8
U1795,Pırasa Yemeği,8,4.6
U1795,Karnıyarık,5,3.1
U1795,Patates Salatası,12,5.0
U1795,Izgara Balık,3,4.5
U1795,Düğün Çorbası,6,3.4
U1795,Kemalpaşa,11,3.1
U1795,Sigara Böreği,4,3.9
U1795,Mercimek Köftesi,12,4.7
U1795,Baklava,14,3.2
U1795,Revani,6,3.3
U1795,İskender Kebap,11,4.9
U1795,Köfte,13,4.1
U1795,Aşure,2,4.0
U1795,Et Döner,3,4.5
U1796,Karnıyarık,3,4.3
U1796,Mercimek Çorbası,2,4.5
U1796,Patates Kızartması,5,3.2
U1796,Düğün Çorbası,3,5.0
U1796,Sigara Böreği,15,4.1
U1796,Kazandibi,12,3.4
U1796,Baklava,3,4.5
U1796,Kemalpaşa,11,3.1
U1796,Piliç Topkapı,6,3.8
U1796,Tavuk Suyu Çorbası,8,4.3
U1796,Orman Kebabı,9,4.8
U1796,Yayla Çorbası,12,4.6
U1796,Et Sote,13,3.4
U1796,Sütlaç,4,3.6
U1796,Tarhana Çorbası,1,4.0
U1796,Tas Kebabı,10,4.2
U1796,Zeytinyağlı Taze Fasulye,12,3.7
U1796,Zeytinyağlı Enginar,4,5.0
U1796,Nohut,5,3.1
U1797,Sütlaç,15,4.4
U1797,Tavukgöğsü,14,4.7
U1797,Köfte,5,4.8
U1797,Sigara Böreği,10,4.4
U1797,Bulgur Pilavı,8,4.1
U1797,Revani,11,3.2
U1797,Tavuk Sote,10,4.2
U1797,Güllaç,7,3.9
U1797,Izgara Balık,12,4.3
U1798,Mevsim Salata,11,3.7
U1798,Et Sote,15,4.2
U1798,Kadınbudu Köfte,2,3.8
U1798,Tavuk Şiş,14,4.9
U1798,Gavurdağı Salata,10,3.1
U1798,İrmik Helvası,10,3.9
U1798,Düğün Çorbası,10,4.8
U1798,Izgara Balık,3,3.8
U1798,Profiterol,13,3.0
U1798,Köfte,8,4.9
U1798,Zeytinyağlı Sarma,8,4.4
U1798,Makarna,11,3.1
U1798,Çoban Salata,4,4.4
U1798,Güllaç,6,3.7
U1798,Kemalpaşa,4,4.3
U1798,Tavukgöğsü,9,4.5
U1799,İrmik Helvası,13,3.1
U1799,Yayla Çorbası,6,3.7
U1799,Köfte,6,3.8
U1799,Tavukgöğsü,15,3.7
U1799,Makarna,3,4.5
U1799,Domates Çorbası,7,4.4
U1799,Su Böreği,4,4.2
U1799,Kadınbudu Köfte,3,3.5
U1799,Tavuk Suyu Çorbası,2,4.5
U1799,Zeytinyağlı Sarma,11,3.5
U1799,Mercimek Köftesi,1,4.5
U1799,Tarhana Çorbası,2,3.6
U1799,Piliç Topkapı,9,4.7
U1799,Patates Kızartması,6,3.3
U1799,Mantar Çorbası,8,3.9
U1799,İskender Kebap,2,4.7
U1799,Kuru Fasulye,3,4.9
U1799,Kazandibi,14,4.7
U1799,Gavurdağı Salata,6,3.2
U1800,Su Böreği,2,3.5
U1800,Patates Kızartması,7,3.9
U1800,Revani,4,3.8
U1800,Köfte,11,4.8
U1800,Güllaç,3,3.2
U1800,Kazandibi,14,3.6
U1800,Et Sote,5,4.4
U1800,Pirinç Pilavı,9,4.7
U1800,Aşure,13,3.3
U1800,Hamsi Tava,12,3.5
U1800,Rus Salatası,1,3.6
U1800,Mevsim Salata,13,4.9
U1800,Mercimek Köftesi,13,4.1
U1800,Zeytinyağlı Enginar,3,4.7
U1801,Rus Salatası,13,4.5
U1801,Karnıyarık,15,3.6
U1801,Kadınbudu Köfte,9,4.4
U1801,Çoban Salata,5,3.8
U1801,Tavukgöğsü,3,3.6
U1801,Zeytinyağlı Taze Fasulye,11,3.9
U1801,Kemalpaşa,12,4.5
U1801,Güllaç,1,4.2
U1801,Baklava,2,4.1
U1801,Bulgur Pilavı,10,4.4
U1801,Hamsi Tava,7,3.7
U1801,Sigara Böreği,10,4.6
U1801,Orman Kebabı,1,3.5
U1801,Zeytinyağlı Sarma,6,4.4
U1801,Tarhana Çorbası,5,3.0
U1802,Tas Kebabı,12,4.2
U1802,Sigara Böreği,7,3.4
U1802,Zeytinyağlı Taze Fasulye,13,3.8
U1802,Tavuk Şiş,10,3.6
U1802,Profiterol,1,3.5
U1802,Aşure,2,3.7
U1802,Ton Balıklı Salata,1,3.4
U1802,İmambayıldı,9,3.5
U1802,Fırın Tavuk,2,4.1
U1802,Mantar Çorbası,3,4.3
U1802,Sebze Graten,6,4.5
U1803,Zeytinyağlı Enginar,11,4.0
U1803,Ispanak Yemeği,1,4.5
U1803,Domates Çorbası,15,4.9
U1803,İskender Kebap,9,4.9
U1803,Mercimek Çorbası,15,3.9
U1803,İrmik Helvası,11,4.1
U1803,Zeytinyağlı Taze Fasulye,10,3.7
U1803,Aşure,3,3.7
U1803,Çoban Salata,1,3.3
U1803,Nohut,10,3.4
U1803,Mercimek Köftesi,2,3.3
U1803,Et Sote,15,4.8
U1803,Patates Salatası,1,4.4
U1803,Gavurdağı Salata,7,4.0
U1803,Patates Kızartması,10,3.8
U1803,Profiterol,10,3.8
U1803,Bulgur Pilavı,1,4.0
U1803,Kadınbudu Köfte,9,4.5
U1804,Karnıyarık,6,4.5
U1804,Revani,8,4.6
U1804,Güllaç,14,3.8
U1804,Tavuk Suyu Çorbası,3,4.3
U1804,Rus Salatası,5,4.5
U1804,Mercimek Çorbası,4,3.9
U1805,Rus Salatası,7,5.0
U1805,Ezogelin Çorbası,3,3.5
U1805,Gavurdağı Salata,4,3.3
U1805,Tavuk Döner,4,4.0
U1805,Tavuk Sote,10,4.6
U1805,Kuru Fasulye,6,3.5
U1805,İrmik Helvası,4,4.5
U1805,Zeytinyağlı Taze Fasulye,6,4.8
U1805,Baklava,6,3.0
U1805,Zeytinyağlı Sarma,15,3.8
U1805,Köfte,15,4.9
U1805,Su Böreği,15,4.7
U1805,Pırasa Yemeği,9,3.5
U1806,Sigara Böreği,11,4.6
U1806,Rus Salatası,13,3.1
U1806,Su Böreği,4,4.0
U1806,Et Sote,1,3.8
U1806,Nohut,4,3.4
U1806,Tavuk Şiş,14,4.4
U1807,Sebze Graten,13,3.3
U1807,Güllaç,4,3.9
U1807,Mercimek Köftesi,3,4.1
U1807,Su Böreği,1,3.7
U1807,Profiterol,2,3.9
U1807,Mantar Çorbası,14,3.8
U1807,Tavuk Döner,3,4.9
U1807,İskender Kebap,1,3.7
U1807,Yayla Çorbası,13,4.8
U1807,Aşure,7,3.4
U1808,Çoban Salata,5,5.0
U1808,İrmik Helvası,8,3.3
U1808,Pirinç Pilavı,8,4.5
U1808,Bulgur Pilavı,7,3.6
U1808,Patates Püresi,1,4.0
U1808,Tas Kebabı,4,4.7
U1808,Profiterol,2,3.8
U1808,Yayla Çorbası,6,4.1
U1808,İmambayıldı,9,3.9
U1808,Aşure,9,4.4
U1808,Baklava,1,4.9
U1808,Tavuk Şiş,3,4.5
U1808,Tavuk Sote,12,3.3
U1808,İskender Kebap,10,3.2
U1808,Kazandibi,13,4.6
U1809,Mevsim Salata,13,3.9
U1809,Rus Salatası,9,5.0
U1809,Yayla Çorbası,13,3.1
U1809,Zeytinyağlı Enginar,1,3.3
U1809,Mercimek Köftesi,14,3.1
U1809,Bulgur Pilavı,7,4.5
U1809,Et Döner,4,3.6
U1809,Nohut,12,3.2
U1809,Tavuk Şiş,8,4.7
U1809,Tavuk Suyu Çorbası,3,3.2
U1809,Tavukgöğsü,6,4.2
U1809,Tarhana Çorbası,3,4.5
U1809,Zeytinyağlı Taze Fasulye,3,4.6
U1809,Tas Kebabı,5,3.8
U1809,Güllaç,11,3.5
U1809,Ispanak Yemeği,4,3.9
U1809,Kazandibi,2,3.6
U1809,Baklava,6,4.8
U1810,Köfte,13,3.2
U1810,Tas Kebabı,1,4.3
U1810,Zeytinyağlı Enginar,9,4.5
U1810,Profiterol,12,3.5
U1810,Sebze Graten,4,3.2
U1810,Hamsi Tava,4,4.0
U1811,Pırasa Yemeği,3,4.7
U1811,Köfte,11,4.2
U1811,Kemalpaşa,11,4.3
U1811,Tas Kebabı,8,3.5
U1811,Revani,10,4.6
U1811,Zeytinyağlı Sarma,9,3.1
U1811,Ton Balıklı Salata,15,3.8
U1811,Kadınbudu Köfte,13,4.8
U1811,Mevsim Salata,11,3.8
U1811,Mercimek Köftesi,2,4.8
U1811,Et Döner,9,4.0
U1811,Sebze Graten,11,4.1
U1811,Gavurdağı Salata,8,3.5
U1811,Domates Çorbası,13,3.9
U1811,Tarhana Çorbası,8,4.9
U1811,Güllaç,2,4.3
U1811,Mantar Çorbası,15,3.2
U1811,Pirinç Pilavı,9,3.6
U1811,Baklava,3,4.1
U1812,Tarhana Çorbası,7,4.1
U1812,Rus Salatası,7,4.1
U1812,Tavukgöğsü,9,4.6
U1812,İrmik Helvası,14,4.4
U1812,Yayla Çorbası,5,3.6
U1812,Patates Kızartması,7,4.7
U1812,Ispanak Yemeği,5,4.1
U1812,Karnıyarık,9,4.7
U1812,Aşure,5,4.3
U1812,Mercimek Köftesi,11,4.2
U1812,Tas Kebabı,2,3.5
U1812,Fırın Tavuk,9,3.8
U1812,Sigara Böreği,3,3.0
U1812,Mantar Çorbası,10,3.5
U1812,Domates Çorbası,3,3.9
U1812,Revani,2,4.7
U1812,Ezogelin Çorbası,6,3.2
U1813,Pırasa Yemeği,14,3.9
U1813,Sütlaç,9,3.6
U1813,Makarna,13,4.4
U1813,Et Döner,8,4.3
U1813,Domates Çorbası,2,3.9
U1813,İmambayıldı,11,3.0
U1813,Kuru Fasulye,4,5.0
U1813,Piliç Topkapı,13,3.3
U1814,Kuru Fasulye,15,3.8
U1814,Pırasa Yemeği,10,3.9
U1814,Zeytinyağlı Enginar,14,3.2
U1814,Kemalpaşa,7,4.2
U1814,Çoban Salata,4,3.1
U1814,Sezar Salata,8,4.4
U1814,Ezogelin Çorbası,14,4.4
U1814,Yayla Çorbası,9,5.0
U1815,Et Sote,4,4.9
U1815,Pirinç Pilavı,9,3.6
U1815,Mercimek Çorbası,9,3.6
U1815,İmambayıldı,11,3.2
U1815,Mercimek Köftesi,13,4.6
U1815,Kemalpaşa,3,4.4
U1815,Zeytinyağlı Enginar,5,3.6
U1815,Zeytinyağlı Taze Fasulye,15,3.6
U1815,Pırasa Yemeği,5,3.4
U1815,Tavuk Şiş,3,3.3
U1815,Piliç Topkapı,3,4.6
U1815,Mevsim Salata,8,3.1
U1815,Orman Kebabı,3,4.9
U1815,Kuru Fasulye,15,4.0
U1816,Sigara Böreği,13,4.0
U1816,Tas Kebabı,6,5.0
U1816,Aşure,9,3.1
U1816,Nohut,11,3.1
U1816,Düğün Çorbası,5,3.1
U1816,Pirinç Pilavı,4,4.1
U1816,Kadınbudu Köfte,7,4.1
U1816,Kuru Fasulye,15,4.0
U1816,Kazandibi,10,3.8
U1816,İrmik Helvası,10,4.3
U1816,Sebze Graten,6,5.0
U1816,Tavuk Şiş,12,4.3
U1816,Su Böreği,14,3.2
U1816,Et Sote,3,4.0
U1816,Tarhana Çorbası,3,3.5
U1816,Tavuk Döner,11,4.7
U1816,Patates Püresi,8,3.7
U1816,Pırasa Yemeği,13,4.6
U1816,Izgara Balık,3,3.7
U1817,Nohut,11,4.7
U1817,Tavuk Suyu Çorbası,8,3.2
U1817,Pirinç Pilavı,5,4.7
U1817,Mercimek Çorbası,7,4.5
U1817,İmambayıldı,5,3.2
U1817,Zeytinyağlı Sarma,8,3.1
U1817,Mercimek Köftesi,13,4.2
U1817,Profiterol,2,3.1
U1817,Baklava,10,3.8
U1817,Et Sote,12,4.0
U1817,Tavuk Şiş,11,4.0
U1817,Rus Salatası,4,3.7
U1817,Pırasa Yemeği,8,4.8
U1817,Et Döner,4,3.2
U1817,Orman Kebabı,1,4.7
U1817,Mantar Çorbası,7,4.9
U1818,Tavuk Suyu Çorbası,15,4.3
U1818,Yayla Çorbası,9,3.8
U1818,Et Sote,13,3.9
U1818,Sütlaç,8,4.0
U1818,Patates Salatası,3,4.8
U1818,Hamsi Tava,15,4.6
U1818,Patates Püresi,6,5.0
U1818,İrmik Helvası,12,4.8
U1818,Karnıyarık,14,4.8
U1818,Sigara Böreği,7,3.7
U1818,Çoban Salata,15,3.9
U1818,Mercimek Köftesi,15,3.2
U1818,Kadınbudu Köfte,6,3.6
U1818,Izgara Balık,7,5.0
U1819,Gavurdağı Salata,13,3.6
U1819,İmambayıldı,10,4.6
U1819,Patates Püresi,5,4.7
U1819,Piliç Topkapı,3,4.9
U1819,İrmik Helvası,1,4.1
U1819,Patates Salatası,8,4.5
U1819,Hamsi Tava,13,4.8
U1819,Ezogelin Çorbası,10,4.9
U1819,Düğün Çorbası,4,3.4
U1819,Orman Kebabı,9,3.8
U1819,Et Sote,3,3.9
U1819,Tavuk Suyu Çorbası,10,3.7
U1819,Mercimek Köftesi,12,4.3
U1819,Tarhana Çorbası,3,4.3
U1819,Bulgur Pilavı,10,4.2
U1819,Patates Kızartması,1,4.8
U1819,Izgara Balık,7,4.8
U1819,Güllaç,2,3.9
U1819,Kemalpaşa,2,4.7
U1819,Fırın Tavuk,10,3.5
U1820,Zeytinyağlı Enginar,10,4.2
U1820,Gavurdağı Salata,7,4.1
U1820,Tavukgöğsü,11,3.7
U1820,Ispanak Yemeği,7,3.9
U1820,Karnıyarık,3,3.2
U1820,Tavuk Şiş,13,3.1
U1820,İskender Kebap,8,3.4
U1821,Baklava,4,3.1
U1821,Rus Salatası,5,4.6
U1821,Tas Kebabı,9,3.3
U1821,Patates Kızartması,9,3.9
U1821,Izgara Balık,3,3.4
U1821,Zeytinyağlı Enginar,4,3.8
U1821,Revani,11,4.0
U1821,Zeytinyağlı Sarma,8,3.2
U1821,Zeytinyağlı Taze Fasulye,3,3.0
U1821,Hamsi Tava,9,3.4
U1821,Patates Püresi,1,4.6
U1821,Kadınbudu Köfte,2,3.5
U1821,Sigara Böreği,2,3.6
U1821,Su Böreği,2,4.1
U1821,Makarna,4,4.0
U1821,İrmik Helvası,4,4.6
U1821,Gavurdağı Salata,10,3.3
U1821,Pırasa Yemeği,5,3.2
U1821,Ispanak Yemeği,10,4.7
U1821,Sütlaç,8,3.2
U1822,Aşure,6,4.3
U1822,Ton Balıklı Salata,14,4.5
U1822,Kazandibi,10,3.7
U1822,Tavukgöğsü,12,4.1
U1822,Mevsim Salata,11,3.6
U1822,Et Döner,10,4.3
U1822,Kemalpaşa,15,4.2
U1822,Tavuk Sote,13,4.9
U1822,Kuru Fasulye,10,3.6
U1822,Köfte,10,4.8
U1822,Tavuk Suyu Çorbası,4,3.2
U1823,Kemalpaşa,11,3.1
U1823,Et Döner,6,4.7
U1823,Nohut,7,3.9
U1823,Tavuk Şiş,14,4.4
U1823,Rus Salatası,10,3.4
U1823,Ispanak Yemeği,10,3.5
U1823,Güllaç,15,3.7
U1824,Piliç Topkapı,14,4.0
U1824,Et Döner,11,3.2
U1824,Zeytinyağlı Taze Fasulye,9,4.6
U1824,Zeytinyağlı Enginar,15,3.2
U1824,Karnıyarık,11,3.1
U1824,Su Böreği,4,4.8
U1825,Et Sote,15,3.9
U1825,Zeytinyağlı Sarma,15,3.6
U1825,Tarhana Çorbası,14,4.6
U1825,Çoban Salata,7,3.5
U1825,Zeytinyağlı Taze Fasulye,1,4.5
U1825,Domates Çorbası,12,3.4
U1825,Karnıyarık,8,4.8
U1825,Sezar Salata,15,3.5
U1825,Mercimek Çorbası,15,3.9
U1825,Nohut,15,4.3
U1825,Kemalpaşa,7,3.4
U1825,Su Böreği,12,4.1
U1825,Köfte,8,3.2
U1825,Ton Balıklı Salata,15,4.2
U1825,Pırasa Yemeği,13,3.5
U1825,Patates Kızartması,1,4.0
U1825,Fırın Tavuk,14,3.4
U1825,Pirinç Pilavı,5,4.7
U1826,İskender Kebap,15,3.2
U1826,İrmik Helvası,9,4.1
U1826,Su Böreği,5,4.1
U1826,Izgara Balık,6,4.7
U1826,Düğün Çorbası,11,3.9
U1826,Pirinç Pilavı,9,3.5
U1826,Kazandibi,10,3.6
U1826,Aşure,4,3.2
U1827,Rus Salatası,5,3.5
U1827,Sebze Graten,7,4.0
U1827,İrmik Helvası,5,5.0
U1827,Mevsim Salata,14,4.4
U1827,Kadınbudu Köfte,14,4.1
U1827,Pirinç Pilavı,10,4.1
U1827,Bulgur Pilavı,3,3.6
U1828,Gavurdağı Salata,10,4.7
U1828,Ezogelin Çorbası,12,3.4
U1828,Mevsim Salata,1,3.9
U1828,Tavuk Şiş,2,4.3
U1828,Bulgur Pilavı,15,4.4
U1828,Sigara Böreği,13,3.0
U1828,Su Böreği,5,4.6
U1828,Tavukgöğsü,6,3.3
U1828,Tavuk Sote,10,4.5
U1828,Mantar Çorbası,14,5.0
U1828,Aşure,8,3.3
U1828,Ton Balıklı Salata,10,4.7
U1828,Kemalpaşa,4,4.7
U1828,Pırasa Yemeği,5,4.5
U1828,Baklava,10,3.1
U1828,Domates Çorbası,9,3.4
U1828,Nohut,7,3.7
U1828,Mercimek Köftesi,13,5.0
U1829,Patates Püresi,4,4.6
U1829,Güllaç,5,4.6
U1829,Mercimek Çorbası,9,3.5
U1829,Profiterol,6,3.7
U1829,İmambayıldı,1,4.8
U1829,Mantar Çorbası,9,4.4
U1829,Pirinç Pilavı,5,4.4
U1829,Hamsi Tava,15,3.6
U1829,Baklava,15,4.9
U1829,Ezogelin Çorbası,9,4.9
U1830,Zeytinyağlı Taze Fasulye,6,4.8
U1830,Fırın Tavuk,7,5.0
U1830,Köfte,14,3.6
U1830,Baklava,15,4.9
U1830,Zeytinyağlı Sarma,2,4.0
U1830,Patates Kızartması,7,3.2
U1830,Tavuk Döner,15,4.6
U1830,Kuru Fasulye,9,3.5
U1830,Kadınbudu Köfte,14,3.4
U1830,Mantar Çorbası,1,4.9
U1830,Yayla Çorbası,5,3.3
U1831,Hamsi Tava,4,4.8
U1831,Köfte,11,3.3
U1831,Mercimek Köftesi,13,4.8
U1831,Patates Kızartması,6,3.9
U1831,Tavuk Sote,3,4.2
U1831,Patates Püresi,4,3.4
U1831,Piliç Topkapı,10,4.7
U1831,Revani,4,4.9
U1832,Köfte,11,3.3
U1832,Izgara Balık,5,3.3
U1832,Patates Salatası,1,3.1
U1832,Aşure,8,3.1
U1832,Mevsim Salata,13,4.7
U1832,Zeytinyağlı Sarma,5,3.4
U1832,Makarna,5,4.9
U1832,Kazandibi,10,3.3
U1832,Su Böreği,4,4.9
U1832,Sigara Böreği,11,3.7
U1832,Pırasa Yemeği,5,4.3
U1832,Yayla Çorbası,15,3.4
U1833,Patates Püresi,9,4.0
U1833,Gavurdağı Salata,7,3.7
U1833,Piliç Topkapı,3,3.8
U1833,Mantar Çorbası,10,3.5
U1833,Kuru Fasulye,1,4.5
U1833,Profiterol,2,4.0
U1833,Et Sote,4,4.5
U1833,İrmik Helvası,4,4.1
U1833,Mercimek Köftesi,14,4.9
U1833,Tavuk Sote,2,3.9
U1833,Revani,2,3.3
U1833,Düğün Çorbası,1,3.7
U1833,Güllaç,11,3.3
U1833,Domates Çorbası,4,3.9
U1833,Yayla Çorbası,7,4.2
U1833,Tavukgöğsü,10,4.2
U1833,Pırasa Yemeği,15,3.6
U1833,Zeytinyağlı Taze Fasulye,9,3.1
U1833,Patates Kızartması,8,3.3
U1834,Sigara Böreği,1,3.6
U1834,Yayla Çorbası,2,3.0
U1834,Baklava,3,3.0
U1834,Ezogelin Çorbası,5,3.9
U1834,Sütlaç,13,4.3
U1834,Mevsim Salata,4,4.8
U1834,Patates Püresi,12,3.5
U1834,Et Döner,5,3.6
U1834,Patates Kızartması,1,3.5
U1834,Karnıyarık,5,4.4
U1834,Tarhana Çorbası,13,4.9
U1834,Patates Salatası,12,3.6
U1834,Piliç Topkapı,7,3.2
U1835,Izgara Balık,5,3.2
U1835,Mantar Çorbası,6,4.2
U1835,Sezar Salata,14,3.1
U1835,Yayla Çorbası,11,3.8
U1835,Patates Kızartması,7,3.8
U1835,Aşure,4,3.6
U1835,Kadınbudu Köfte,8,4.0
U1835,Kazandibi,7,3.9
U1835,Tavuk Sote,8,4.6
U1835,Piliç Topkapı,2,4.6
U1835,Kuru Fasulye,9,4.5
U1835,Pirinç Pilavı,14,4.1
U1835,Bulgur Pilavı,4,4.2
U1835,Sütlaç,6,4.6
U1835,Tavuk Döner,5,4.5
U1835,Revani,3,3.4
U1835,Mercimek Çorbası,2,4.8
U1835,Ezogelin Çorbası,4,3.9
U1835,Makarna,8,3.6
U1835,İskender Kebap,8,4.9
U1836,Fırın Tavuk,10,3.0
U1836,Mevsim Salata,9,4.9
U1836,Nohut,7,4.5
U1836,Mantar Çorbası,8,4.6
U1836,Baklava,3,3.7
U1837,Sigara Böreği,6,3.1
U1837,Hamsi Tava,7,4.1
U1837,Tarhana Çorbası,1,3.7
U1837,Çoban Salata,1,4.7
U1837,Sebze Graten,14,4.7
U1837,Güllaç,8,4.0
U1837,Tavuk Sote,12,3.2
U1838,Pirinç Pilavı,15,4.4
U1838,İmambayıldı,10,3.2
U1838,Patates Salatası,7,4.1
U1838,Sütlaç,8,3.3
U1838,Izgara Balık,2,4.3
U1838,Nohut,2,4.2
U1838,Kuru Fasulye,6,3.2
U1838,Kadınbudu Köfte,3,3.9
U1838,Pırasa Yemeği,3,3.2
U1838,Et Döner,8,4.2
U1838,Düğün Çorbası,3,3.3
U1838,Tavuk Döner,3,3.9
U1839,Orman Kebabı,15,4.3
U1839,İskender Kebap,1,3.5
U1839,Düğün Çorbası,6,3.2
U1839,Bulgur Pilavı,11,3.2
U1839,Piliç Topkapı,2,4.5
U1839,Kazandibi,13,3.1
U1839,Patates Püresi,6,4.3
U1839,Mantar Çorbası,14,4.4
U1839,Mevsim Salata,3,4.4
U1839,Tavuk Döner,9,3.5
U1839,Su Böreği,10,4.2
U1839,Hamsi Tava,5,4.2
U1839,İmambayıldı,4,3.9
U1839,Rus Salatası,12,3.6
U1839,Patates Kızartması,13,3.4
U1839,Pirinç Pilavı,3,4.8
U1839,Fırın Tavuk,11,3.6
U1839,Izgara Balık,4,4.9
U1839,Çoban Salata,5,3.4
U1840,Mercimek Köftesi,9,3.5
U1840,Mantar Çorbası,12,4.4
U1840,Tarhana Çorbası,12,3.4
U1840,Zeytinyağlı Sarma,3,3.3
U1840,Ezogelin Çorbası,5,4.7
U1840,Pirinç Pilavı,3,3.3
U1840,Pırasa Yemeği,1,3.0
U1840,Kazandibi,1,4.0
U1840,Kuru Fasulye,2,3.5
U1840,Tas Kebabı,8,4.4
U1840,Sebze Graten,11,3.0
U1840,Domates Çorbası,8,4.7
U1840,Zeytinyağlı Taze Fasulye,10,3.9
U1841,Çoban Salata,1,4.9
U1841,Aşure,3,3.4
U1841,Fırın Tavuk,4,4.1
U1841,Kemalpaşa,14,4.1
U1841,Zeytinyağlı Sarma,4,3.2
U1841,Makarna,7,4.3
U1841,Gavurdağı Salata,14,4.1
U1841,Rus Salatası,12,3.2
U1841,Tas Kebabı,3,4.6
U1841,Bulgur Pilavı,7,4.9
U1842,Sezar Salata,6,4.3
U1842,Orman Kebabı,1,3.5
U1842,Sigara Böreği,15,3.8
U1842,Kuru Fasulye,2,3.6
U1842,Köfte,2,3.7
U1842,Piliç Topkapı,7,4.3
U1842,Tavuk Döner,14,3.6
U1843,Sebze Graten,8,3.5
U1843,Tarhana Çorbası,9,3.6
U1843,Baklava,11,3.4
U1843,Bulgur Pilavı,4,3.4
U1843,Tavuk Şiş,8,4.3
U1843,Mantar Çorbası,9,3.5
U1843,Tavuk Döner,9,3.2
U1843,Ezogelin Çorbası,3,3.2
U1843,Et Sote,6,3.1
U1843,Makarna,5,4.6
U1843,Mercimek Çorbası,8,4.2
U1844,Sütlaç,15,3.5
U1844,Güllaç,12,4.8
U1844,Revani,10,4.7
U1844,Pirinç Pilavı,7,4.2
U1844,Hamsi Tava,15,4.7
U1844,Çoban Salata,6,4.5
U1844,Ton Balıklı Salata,3,3.0
U1844,Köfte,9,4.6
U1844,Rus Salatası,15,4.0
U1844,Ispanak Yemeği,13,4.9
U1844,Tavukgöğsü,2,3.6
U1845,Ton Balıklı Salata,3,4.7
U1845,Patates Kızartması,15,4.6
U1845,Yayla Çorbası,7,4.2
U1845,Tavuk Sote,9,4.3
U1845,İmambayıldı,9,4.8
U1845,Pirinç Pilavı,13,3.5
U1845,Kadınbudu Köfte,10,3.3
U1845,Pırasa Yemeği,7,4.6
U1845,Köfte,15,3.1
U1845,Bulgur Pilavı,8,4.9
U1845,Mercimek Çorbası,11,3.1
U1845,Tas Kebabı,2,3.9
U1846,Zeytinyağlı Enginar,8,3.7
U1846,Tavuk Döner,14,3.1
U1846,İmambayıldı,7,4.0
U1846,Kemalpaşa,14,5.0
U1846,Güllaç,13,4.0
U1847,Çoban Salata,13,3.6
U1847,Hamsi Tava,4,4.2
U1847,Patates Püresi,7,3.4
U1847,Orman Kebabı,10,3.8
U1847,İmambayıldı,6,4.6
U1847,Su Böreği,1,4.7
U1847,Sezar Salata,15,3.7
U1847,Et Sote,2,4.9
U1847,Kemalpaşa,3,4.8
U1847,Düğün Çorbası,4,3.1
U1847,Tavukgöğsü,10,3.6
U1847,İskender Kebap,6,3.6
U1848,Çoban Salata,10,4.2
U1848,Revani,6,3.6
U1848,Zeytinyağlı Enginar,5,4.2
U1848,Sütlaç,3,4.5
U1848,Kadınbudu Köfte,8,4.5
U1848,Pırasa Yemeği,8,4.8
U1849,İrmik Helvası,1,4.9
U1849,Mercimek Çorbası,5,4.0
U1849,Sezar Salata,13,4.1
U1849,Pirinç Pilavı,5,3.1
U1849,Yayla Çorbası,12,4.6
U1849,Kuru Fasulye,8,4.3
U1849,Pırasa Yemeği,1,3.2
U1850,Tavuk Suyu Çorbası,9,3.0
U1850,Nohut,11,4.6
U1850,Düğün Çorbası,10,3.2
U1850,Hamsi Tava,11,4.6
U1850,Rus Salatası,2,3.3
U1851,Zeytinyağlı Enginar,13,3.0
U1851,Karnıyarık,7,3.2
U1851,Tavuk Sote,1,4.2
U1851,Izgara Balık,5,4.0
U1851,Baklava,5,4.6
U1851,Ezogelin Çorbası,15,4.5
U1851,Gavurdağı Salata,13,4.3
U1851,Sebze Graten,4,4.8
U1851,Ispanak Yemeği,3,3.8
U1852,İrmik Helvası,2,5.0
U1852,Köfte,10,3.6
U1852,İmambayıldı,12,4.4
U1852,Zeytinyağlı Sarma,3,3.7
U1852,Et Sote,11,3.6
U1852,Kazandibi,7,3.9
U1852,Mercimek Köftesi,6,5.0
U1852,Pirinç Pilavı,15,3.0
U1852,Tavuk Döner,15,3.4
U1853,Su Böreği,4,3.6
U1853,Nohut,9,4.9
U1853,Baklava,4,4.3
U1853,Hamsi Tava,7,4.7
U1853,Tavuk Sote,10,4.1
U1853,Ezogelin Çorbası,2,4.6
U1853,Güllaç,9,3.8
U1853,Zeytinyağlı Sarma,3,3.9
U1853,Sigara Böreği,15,3.8
U1853,Tas Kebabı,15,3.2
U1853,Profiterol,7,3.2
U1853,Düğün Çorbası,4,4.6
U1853,Karnıyarık,1,4.5
U1853,Kuru Fasulye,4,3.7
U1854,İmambayıldı,13,4.5
U1854,Sütlaç,1,3.4
U1854,Profiterol,9,3.0
U1854,Patates Kızartması,7,3.7
U1854,Tas Kebabı,12,4.3
U1854,Köfte,5,3.7
U1854,Ezogelin Çorbası,1,4.4
U1854,Tavuk Döner,15,5.0
U1854,Hamsi Tava,7,3.3
U1854,Düğün Çorbası,4,3.1
U1854,Mevsim Salata,12,4.9
U1854,Patates Püresi,7,3.2
U1854,Zeytinyağlı Sarma,15,3.6
U1854,Makarna,14,4.1
U1854,Fırın Tavuk,8,3.9
U1854,Ton Balıklı Salata,5,4.6
U1854,Ispanak Yemeği,9,4.5
U1854,Su Böreği,15,3.3
U1855,Zeytinyağlı Sarma,3,3.3
U1855,Kazandibi,5,3.1
U1855,Kemalpaşa,14,3.2
U1855,Sigara Böreği,4,4.4
U1855,İskender Kebap,14,3.6
U1855,Kadınbudu Köfte,8,3.5
U1855,Su Böreği,4,3.7
U1855,Et Sote,14,4.4
U1855,Tavuk Suyu Çorbası,13,4.3
U1855,Aşure,9,4.1
U1855,Pirinç Pilavı,14,3.8
U1855,Tarhana Çorbası,4,3.5
U1855,Mercimek Köftesi,11,4.9
U1856,Hamsi Tava,1,4.9
U1856,Sezar Salata,9,4.4
U1856,İskender Kebap,8,3.1
U1856,Et Sote,10,3.1
U1856,Kemalpaşa,9,3.5
U1856,Tavukgöğsü,7,4.9
U1856,Yayla Çorbası,6,3.4
U1856,İrmik Helvası,5,4.5
U1856,Ton Balıklı Salata,13,4.2
U1856,Tavuk Sote,3,4.6
U1856,Sebze Graten,7,4.3
U1856,Makarna,1,5.0
U1857,Tavuk Suyu Çorbası,6,3.1
U1857,Sütlaç,12,4.1
U1857,Karnıyarık,1,4.9
U1857,Orman Kebabı,12,3.2
U1857,Izgara Balık,14,4.6
U1858,Bulgur Pilavı,2,4.9
U1858,Ezogelin Çorbası,13,3.4
U1858,Et Döner,13,3.9
U1858,Mantar Çorbası,5,3.5
U1858,Kazandibi,8,3.9
U1858,Sütlaç,9,4.6
U1858,Tavuk Sote,13,3.8
U1858,Pirinç Pilavı,11,4.9
U1858,İrmik Helvası,3,3.7
U1858,Tavuk Şiş,8,3.1
U1858,Piliç Topkapı,11,3.1
U1858,Aşure,6,4.7
U1858,Sigara Böreği,8,3.3
U1858,Revani,15,4.2
U1858,Ton Balıklı Salata,15,4.8
U1858,Domates Çorbası,8,4.0
U1858,Tas Kebabı,8,3.2
U1858,Baklava,6,4.1
U1858,Sezar Salata,5,3.9
U1858,Patates Püresi,2,4.9
U1859,Nohut,10,3.1
U1859,Hamsi Tava,5,3.5
U1859,Piliç Topkapı,2,3.4
U1859,Kuru Fasulye,10,4.3
U1859,Yayla Çorbası,11,4.6
U1859,Tavuk Suyu Çorbası,5,3.9
U1859,Ton Balıklı Salata,15,3.7
U1860,Düğün Çorbası,15,3.3
U1860,Nohut,8,3.2
U1860,İrmik Helvası,12,4.8
U1860,İmambayıldı,9,4.5
U1860,Fırın Tavuk,12,3.6
U1860,Kemalpaşa,9,4.9
U1860,Ezogelin Çorbası,10,4.3
U1861,Patates Kızartması,14,4.4
U1861,Patates Salatası,7,4.8
U1861,Ezogelin Çorbası,6,4.4
U1861,Ton Balıklı Salata,5,3.9
U1861,Zeytinyağlı Enginar,8,3.9
U1861,Makarna,8,3.2
U1861,Kazandibi,6,3.9
U1861,Tavuk Suyu Çorbası,4,3.6
U1861,Köfte,4,4.7
U1861,Patates Püresi,1,3.3
U1861,Su Böreği,8,3.8
U1861,Çoban Salata,4,4.3
U1861,Ispanak Yemeği,3,3.7
U1861,Pırasa Yemeği,3,3.1
U1861,Kemalpaşa,2,4.6
U1861,Kadınbudu Köfte,11,4.4
U1861,Tavuk Sote,11,4.2
U1861,Mercimek Çorbası,13,3.6
U1861,Izgara Balık,5,3.7
U1862,Kemalpaşa,8,4.9
U1862,Zeytinyağlı Taze Fasulye,11,3.0
U1862,Güllaç,13,4.2
U1862,İskender Kebap,10,3.0
U1862,Ezogelin Çorbası,3,4.9
U1862,Kuru Fasulye,9,3.3
U1862,Aşure,10,3.6
U1862,Tas Kebabı,7,4.0
U1862,Tavuk Şiş,1,4.5
U1862,Piliç Topkapı,14,4.3
U1863,Tavuk Sote,12,3.3
U1863,Ezogelin Çorbası,13,3.1
U1863,Et Döner,4,4.4
U1863,Çoban Salata,12,3.5
U1863,Fırın Tavuk,10,3.4
U1863,Revani,5,4.7
U1863,Mercimek Çorbası,3,4.8
U1863,Ispanak Yemeği,10,4.3
U1863,İskender Kebap,3,4.7
U1863,Su Böreği,10,3.1
U1863,Aşure,8,4.2
U1863,Kadınbudu Köfte,14,4.9
U1863,Mantar Çorbası,5,4.1
U1863,Nohut,14,4.5
U1863,Pırasa Yemeği,9,3.7
U1863,Karnıyarık,14,4.3
U1863,Bulgur Pilavı,5,3.6
U1863,Mevsim Salata,8,3.9
U1863,Sigara Böreği,14,4.2
U1863,Baklava,13,3.6
U1864,Tavuk Suyu Çorbası,4,4.2
U1864,Köfte,3,4.5
U1864,Et Döner,5,3.5
U1864,Rus Salatası,8,4.0
U1864,Revani,4,4.3
U1864,Kuru Fasulye,14,4.9
U1864,Tavuk Şiş,3,4.5
U1864,Tarhana Çorbası,6,4.0
U1864,Ezogelin Çorbası,6,4.6
U1864,Sezar Salata,14,3.1
U1865,Profiterol,1,4.9
U1865,Mercimek Çorbası,15,4.9
U1865,Karnıyarık,6,4.6
U1865,Zeytinyağlı Taze Fasulye,11,4.6
U1865,Rus Salatası,9,4.9
U1865,Et Sote,9,3.0
U1865,Düğün Çorbası,15,3.6
U1865,Makarna,15,5.0
U1865,Orman Kebabı,1,4.7
U1865,Tavuk Sote,2,3.1
U1865,Nohut,14,3.5
U1865,Zeytinyağlı Sarma,14,4.8
U1865,Tavuk Döner,2,4.1
U1866,İrmik Helvası,14,4.1
U1866,Ispanak Yemeği,4,4.4
U1866,Düğün Çorbası,9,3.1
U1866,Tas Kebabı,12,4.6
U1866,Sezar Salata,6,4.2
U1866,Kemalpaşa,4,3.7
U1866,Patates Püresi,3,3.8
U1866,Karnıyarık,12,4.7
U1866,Aşure,15,3.9
U1866,Pırasa Yemeği,11,4.8
U1866,Gavurdağı Salata,1,3.1
U1866,Zeytinyağlı Enginar,3,4.8
U1866,Yayla Çorbası,9,4.1
U1867,Fırın Tavuk,8,4.3
U1867,Nohut,1,4.9
U1867,Karnıyarık,12,4.9
U1867,Tavuk Suyu Çorbası,13,3.6
U1867,Tarhana Çorbası,13,4.2
U1867,Mercimek Köftesi,15,3.4
U1867,Tavukgöğsü,7,4.9
U1867,Ton Balıklı Salata,12,4.2
U1867,Mantar Çorbası,13,4.7
U1868,Hamsi Tava,10,4.1
U1868,Tarhana Çorbası,4,3.0
U1868,Su Böreği,15,3.0
U1868,Ezogelin Çorbası,10,3.6
U1868,Köfte,12,3.7
U1868,Kuru Fasulye,14,4.9
U1869,Rus Salatası,12,4.7
U1869,Aşure,8,3.7
U1869,Tarhana Çorbası,4,3.7
U1869,Bulgur Pilavı,2,3.3
U1869,Kadınbudu Köfte,15,4.2
U1869,Kazandibi,12,3.1
U1869,Sütlaç,2,4.0
U1870,Yayla Çorbası,9,3.2
U1870,Düğün Çorbası,2,4.1
U1870,Mercimek Çorbası,3,4.7
U1870,Kazandibi,4,4.1
U1870,Gavurdağı Salata,11,4.9
U1870,Mantar Çorbası,6,4.0
U1870,Orman Kebabı,12,3.3
U1870,Mevsim Salata,14,3.7
U1871,Ezogelin Çorbası,10,3.9
U1871,Izgara Balık,7,3.3
U1871,Sebze Graten,13,4.5
U1871,Profiterol,12,4.4
U1871,Tavuk Döner,11,3.2
U1871,Düğün Çorbası,3,3.8
U1871,İrmik Helvası,3,3.2
U1871,Güllaç,1,4.2
U1871,Sezar Salata,12,4.9
U1871,Baklava,6,4.2
U1871,Tavuk Şiş,4,4.8
U1871,Mantar Çorbası,6,4.9
U1871,Patates Salatası,7,3.3
U1871,İskender Kebap,5,5.0
U1871,Fırın Tavuk,6,4.5
U1871,Su Böreği,3,4.1
U1871,Sigara Böreği,6,4.3
U1871,Yayla Çorbası,2,3.2
U1871,Sütlaç,2,3.1
U1872,Profiterol,3,4.5
U1872,Tarhana Çorbası,14,3.8
U1872,Patates Kızartması,15,3.9
U1872,Zeytinyağlı Sarma,9,4.0
U1872,Et Döner,7,3.2
U1872,İrmik Helvası,2,3.4
U1872,Köfte,4,3.2
U1872,Et Sote,13,3.2
U1872,Bulgur Pilavı,8,4.4
U1872,Piliç Topkapı,6,4.6
U1872,Tavuk Suyu Çorbası,14,4.0
U1872,Patates Salatası,11,3.2
U1872,Tavuk Döner,6,3.7
U1872,Pirinç Pilavı,8,3.7
U1872,Hamsi Tava,13,4.9
U1873,Tavuk Sote,15,4.9
U1873,Nohut,7,5.0
U1873,Et Sote,2,4.8
U1873,Aşure,13,3.4
U1873,Gavurdağı Salata,12,3.0
U1873,Mantar Çorbası,10,3.2
U1873,Mercimek Çorbası,14,4.3
U1873,Kadınbudu Köfte,9,4.3
U1873,Tavukgöğsü,14,3.5
U1873,Patates Püresi,4,4.8
U1873,Zeytinyağlı Enginar,9,3.6
U1873,Sigara Böreği,8,3.8
U1873,Rus Salatası,2,3.7
U1873,Kuru Fasulye,3,3.3
U1873,Domates Çorbası,2,3.8
U1874,Gavurdağı Salata,12,4.0
U1874,Kadınbudu Köfte,15,4.9
U1874,Kuru Fasulye,5,4.8
U1874,Profiterol,3,4.7
U1874,Kemalpaşa,6,3.6
U1874,Ispanak Yemeği,1,4.0
U1874,Mercimek Çorbası,5,4.5
U1874,Tavuk Döner,15,4.9
U1874,Orman Kebabı,12,3.9
U1874,Sebze Graten,7,4.4
U1874,Tavuk Şiş,6,4.0
U1874,Patates Püresi,8,3.3
U1875,Karnıyarık,2,3.5
U1875,Tavuk Şiş,5,3.6
U1875,Tavuk Suyu Çorbası,5,4.7
U1875,Sezar Salata,10,3.4
U1875,Zeytinyağlı Enginar,14,4.4
U1875,Ispanak Yemeği,7,4.2
U1875,Baklava,6,4.4
U1875,Piliç Topkapı,1,4.9
U1875,Kadınbudu Köfte,1,5.0
U1875,Patates Püresi,9,4.3
U1875,Sigara Böreği,12,3.3
U1875,Köfte,8,4.8
U1875,Tavukgöğsü,13,4.5
U1875,Patates Kızartması,15,3.8
U1876,Bulgur Pilavı,14,4.2
U1876,Domates Çorbası,7,3.7
U1876,Izgara Balık,12,4.2
U1876,Yayla Çorbası,1,3.1
U1876,Baklava,2,4.6
U1876,Su Böreği,10,3.5
U1876,Tavuk Döner,6,3.2
U1876,Karnıyarık,12,4.7
U1876,Piliç Topkapı,1,4.5
U1876,Tavuk Suyu Çorbası,3,4.9
U1876,İskender Kebap,15,3.2
U1876,Hamsi Tava,15,3.3
U1877,Patates Salatası,2,4.7
U1877,Kuru Fasulye,4,3.9
U1877,Pirinç Pilavı,7,4.7
U1877,Profiterol,9,4.4
U1877,Bulgur Pilavı,8,4.4
U1877,Patates Kızartması,8,4.5
U1877,Çoban Salata,4,3.5
U1877,Patates Püresi,13,4.8
U1877,Gavurdağı Salata,10,4.4
U1877,Mercimek Köftesi,2,3.5
U1877,Aşure,15,3.1
U1877,Sigara Böreği,9,3.7
U1877,Kemalpaşa,3,3.3
U1878,Piliç Topkapı,2,3.9
U1878,Kemalpaşa,6,3.0
U1878,Sigara Böreği,10,3.3
U1878,Sezar Salata,6,4.5
U1878,Mercimek Köftesi,6,4.5
U1879,Sütlaç,10,3.7
U1879,Tavuk Suyu Çorbası,7,3.7
U1879,Güllaç,3,4.5
U1879,Rus Salatası,10,4.3
U1879,İrmik Helvası,8,4.7
U1879,Orman Kebabı,14,4.5
U1879,Tavuk Şiş,4,4.7
U1879,Piliç Topkapı,1,3.4
U1879,Ezogelin Çorbası,2,4.5
U1879,Tavukgöğsü,12,4.9
U1879,Zeytinyağlı Sarma,15,3.6
U1879,Sezar Salata,12,4.1
U1879,Et Sote,4,4.7
U1879,Tarhana Çorbası,7,3.1
U1879,Zeytinyağlı Taze Fasulye,12,4.8
U1879,Köfte,6,3.2
U1879,Makarna,6,3.7
U1879,Revani,12,4.2
U1879,Fırın Tavuk,10,3.3
U1879,Pırasa Yemeği,4,3.1
U1880,Rus Salatası,8,5.0
U1880,Et Sote,11,4.0
U1880,Mantar Çorbası,2,4.5
U1880,İmambayıldı,12,4.9
U1880,Köfte,3,3.3
U1880,Domates Çorbası,2,5.0
U1880,Kemalpaşa,11,3.5
U1880,Mercimek Köftesi,10,3.2
U1880,Karnıyarık,12,4.9
U1880,Pirinç Pilavı,4,4.0
U1880,Tavuk Şiş,12,3.3
U1880,Profiterol,2,3.4
U1880,Gavurdağı Salata,12,4.3
U1880,Tavuk Döner,1,3.5
U1880,Makarna,3,3.3
U1880,Sebze Graten,11,4.1
U1880,Zeytinyağlı Enginar,10,4.9
U1880,Mevsim Salata,14,3.0
U1880,Patates Kızartması,5,4.8
U1881,Profiterol,6,4.0
U1881,Baklava,6,4.9
U1881,Sebze Graten,11,3.1
U1881,Zeytinyağlı Enginar,11,4.0
U1881,Mevsim Salata,6,4.2
U1881,Gavurdağı Salata,7,3.6
U1881,İskender Kebap,9,3.5
U1881,Ton Balıklı Salata,5,4.8
U1881,Çoban Salata,9,4.5
U1881,Sütlaç,11,4.5
U1881,Piliç Topkapı,10,4.9
U1881,Mantar Çorbası,8,3.6
U1881,Tavuk Sote,3,4.2
U1881,Et Sote,1,3.3
U1881,İrmik Helvası,15,3.1
U1881,Fırın Tavuk,15,3.7
U1881,Ispanak Yemeği,7,3.7
U1881,Sezar Salata,7,4.1
U1881,Makarna,8,4.2
U1881,Tarhana Çorbası,1,3.1
U1882,Nohut,2,4.2
U1882,Zeytinyağlı Sarma,15,3.6
U1882,Mercimek Köftesi,1,3.5
U1882,Pirinç Pilavı,5,3.8
U1882,Kemalpaşa,10,4.4
U1882,Bulgur Pilavı,12,4.2
U1882,Tavuk Suyu Çorbası,11,3.2
U1882,Rus Salatası,12,4.6
U1882,Tavuk Şiş,1,3.1
U1882,Zeytinyağlı Enginar,2,4.1
U1882,Ezogelin Çorbası,6,3.8
U1882,Et Sote,11,3.4
U1882,Pırasa Yemeği,9,4.2
U1882,Patates Salatası,13,3.1
U1882,Tavuk Döner,6,4.7
U1882,Patates Kızartması,5,4.0
U1882,Ispanak Yemeği,10,3.2
U1882,Aşure,13,4.9
U1882,Makarna,3,4.4
U1883,Güllaç,12,4.2
U1883,Su Böreği,1,4.1
U1883,Gavurdağı Salata,5,4.8
U1883,İskender Kebap,8,4.4
U1883,Fırın Tavuk,15,3.9
U1883,Ispanak Yemeği,9,4.3
U1883,Izgara Balık,4,3.5
U1884,Baklava,11,3.9
U1884,Sütlaç,1,3.5
U1884,İrmik Helvası,8,3.4
U1884,Sebze Graten,5,3.3
U1884,Yayla Çorbası,3,3.3
U1884,Makarna,14,4.6
U1884,Su Böreği,3,4.4
U1884,Köfte,11,4.1
U1884,İskender Kebap,7,4.1
U1884,Güllaç,4,3.5
U1884,Tavuk Suyu Çorbası,6,4.5
U1884,Fırın Tavuk,3,3.2
U1884,İmambayıldı,14,3.3
U1884,Pirinç Pilavı,15,3.1
U1884,Ton Balıklı Salata,13,3.1
U1884,Domates Çorbası,5,4.9
U1885,Ton Balıklı Salata,6,4.2
U1885,Baklava,6,3.8
U1885,Mevsim Salata,8,3.1
U1885,İrmik Helvası,1,4.1
U1885,Gavurdağı Salata,7,3.9
U1885,Kuru Fasulye,15,3.6
U1885,Tavuk Döner,14,3.6
U1885,Düğün Çorbası,1,4.2
U1885,Nohut,7,4.2
U1885,Aşure,3,3.1
U1885,Zeytinyağlı Enginar,12,4.5
U1885,Mercimek Köftesi,9,3.4
U1885,Izgara Balık,5,4.5
U1886,Aşure,13,3.6
U1886,Gavurdağı Salata,1,4.6
U1886,Orman Kebabı,10,4.0
U1886,Sütlaç,12,3.5
U1886,Yayla Çorbası,9,4.7
U1886,Domates Çorbası,6,4.7
U1886,Kuru Fasulye,3,4.9
U1886,Mevsim Salata,7,4.5
U1886,Düğün Çorbası,7,4.0
U1886,Tavuk Sote,14,4.1
U1886,Patates Püresi,13,4.5
U1886,Sebze Graten,11,3.8
U1886,İskender Kebap,4,3.3
U1886,Karnıyarık,3,4.4
U1886,Su Böreği,9,4.0
U1886,Izgara Balık,14,4.1
U1887,Nohut,11,4.4
U1887,Tavukgöğsü,7,3.7
U1887,Tavuk Şiş,9,4.4
U1887,Mantar Çorbası,4,4.8
U1887,İmambayıldı,10,3.3
U1887,Ispanak Yemeği,7,3.8
U1887,Bulgur Pilavı,3,4.5
U1888,Yayla Çorbası,2,4.9
U1888,Domates Çorbası,8,3.5
U1888,Sigara Böreği,9,4.2
U1888,Rus Salatası,8,4.1
U1888,Pırasa Yemeği,15,3.0
U1888,Karnıyarık,11,3.0
U1888,Hamsi Tava,1,3.9
U1888,Pirinç Pilavı,14,3.1
U1888,Kemalpaşa,4,4.8
U1888,Bulgur Pilavı,7,3.7
U1889,Baklava,11,3.7
U1889,Sigara Böreği,13,3.1
U1889,Patates Püresi,7,3.1
U1889,Mevsim Salata,15,3.9
U1889,Patates Kızartması,14,4.3
U1889,Tarhana Çorbası,8,3.6
U1889,Nohut,11,3.1
U1889,Su Böreği,7,3.5
U1889,Köfte,9,5.0
U1889,Profiterol,7,4.3
U1889,Mercimek Çorbası,7,4.6
U1890,Kazandibi,15,3.8
U1890,Zeytinyağlı Taze Fasulye,2,4.3
U1890,Kemalpaşa,1,3.4
U1890,Patates Salatası,7,4.8
U1890,Yayla Çorbası,5,4.3
U1890,Mercimek Köftesi,2,4.7
U1890,Köfte,10,4.6
U1890,Et Döner,7,3.6
U1891,Pırasa Yemeği,14,3.6
U1891,Tavukgöğsü,2,4.7
U1891,Baklava,2,3.7
U1891,Tas Kebabı,6,3.4
U1891,Çoban Salata,6,3.5
U1891,Zeytinyağlı Taze Fasulye,7,3.5
U1891,Rus Salatası,6,4.2
U1892,Karnıyarık,12,3.5
U1892,Güllaç,4,4.9
U1892,Sütlaç,15,3.9
U1892,Revani,13,3.7
U1892,Sezar Salata,12,4.7
U1892,Ton Balıklı Salata,13,3.6
U1892,Mercimek Çorbası,10,3.3
U1892,Bulgur Pilavı,5,4.9
U1892,Sebze Graten,1,4.9
U1892,Kemalpaşa,12,4.8
U1892,Gavurdağı Salata,8,4.5
U1892,Makarna,9,3.3
U1892,Ezogelin Çorbası,6,4.2
U1892,Kadınbudu Köfte,12,4.1
U1892,Patates Püresi,2,3.2
U1892,Baklava,5,3.5
U1892,Kazandibi,8,4.1
U1893,Tavuk Döner,5,4.0
U1893,Mercimek Çorbası,6,3.8
U1893,Karnıyarık,14,3.4
U1893,Domates Çorbası,9,4.1
U1893,Tavukgöğsü,3,3.5
U1893,Patates Salatası,8,4.3
U1894,Kazandibi,1,4.4
U1894,Patates Salatası,13,4.0
U1894,Revani,5,4.6
U1894,Baklava,4,4.5
U1894,Patates Kızartması,5,3.3
U1895,Hamsi Tava,2,4.7
U1895,Sigara Böreği,14,4.7
U1895,Su Böreği,1,4.8
U1895,Yayla Çorbası,10,3.1
U1895,Izgara Balık,2,3.5
U1895,Kuru Fasulye,8,3.3
U1895,Mantar Çorbası,3,3.1
U1896,Fırın Tavuk,9,4.6
U1896,Kazandibi,10,3.2
U1896,Ton Balıklı Salata,12,4.6
U1896,Köfte,1,3.2
U1896,Kemalpaşa,13,4.0
U1896,İskender Kebap,14,3.2
U1896,Mercimek Çorbası,1,3.4
U1896,Zeytinyağlı Sarma,13,4.9
U1896,Düğün Çorbası,5,4.7
U1896,Nohut,13,4.7
U1896,Su Böreği,2,4.6
U1896,Tavuk Sote,5,4.1
U1896,Tavuk Döner,12,4.3
U1896,Kuru Fasulye,1,3.2
U1896,Tavukgöğsü,10,3.2
U1896,Çoban Salata,11,4.0
U1896,Güllaç,7,4.2
U1896,Tavuk Şiş,9,3.9
U1896,Et Döner,9,3.3
U1896,İmambayıldı,6,4.2
U1897,Domates Çorbası,6,4.9
U1897,Revani,11,4.7
U1897,Tavuk Suyu Çorbası,8,4.3
U1897,Kuru Fasulye,6,3.4
U1897,Karnıyarık,9,3.9
U1897,Patates Kızartması,3,4.8
U1897,Zeytinyağlı Enginar,10,3.6
U1897,Kadınbudu Köfte,1,3.3
U1897,Bulgur Pilavı,11,3.5
U1897,Sütlaç,11,4.5
U1897,Kazandibi,1,4.4
U1897,Izgara Balık,8,3.3
U1897,Sezar Salata,1,4.4
U1897,Çoban Salata,14,4.2
U1898,Köfte,14,3.5
U1898,İmambayıldı,3,3.4
U1898,Zeytinyağlı Taze Fasulye,6,3.2
U1898,Ezogelin Çorbası,6,4.8
U1898,Sezar Salata,3,4.6
U1898,Rus Salatası,12,4.9
U1898,Kuru Fasulye,5,4.6
U1898,Hamsi Tava,1,3.3
U1898,Patates Püresi,1,3.4
U1898,Tas Kebabı,5,3.5
U1898,Piliç Topkapı,1,4.8
U1899,Mantar Çorbası,8,4.3
U1899,Patates Püresi,13,3.6
U1899,Baklava,10,3.7
U1899,Domates Çorbası,13,4.2
U1899,Izgara Balık,11,4.1
U1899,Hamsi Tava,4,3.1
U1899,Mercimek Köftesi,5,4.9
U1899,Yayla Çorbası,4,3.2
U1899,Ispanak Yemeği,8,4.7
U1899,Tas Kebabı,14,4.1
U1900,Mercimek Köftesi,12,3.7
U1900,Aşure,1,3.1
U1900,Hamsi Tava,8,4.5
U1900,Fırın Tavuk,5,4.9
U1900,Patates Salatası,4,3.9
U1900,Et Sote,13,3.5
U1900,Profiterol,1,4.5
U1900,İmambayıldı,2,4.2
U1900,Mercimek Çorbası,8,4.9
U1900,Et Döner,6,3.3
U1900,Pırasa Yemeği,1,4.9
U1900,Mevsim Salata,5,4.7
U1900,Tavuk Döner,2,4.5
U1900,Sezar Salata,11,3.8
U1900,Domates Çorbası,3,3.3
U1901,Zeytinyağlı Taze Fasulye,6,3.5
U1901,Güllaç,6,4.7
U1901,Mercimek Köftesi,1,4.3
U1901,Patates Kızartması,11,4.2
U1901,İskender Kebap,13,3.4
U1901,Piliç Topkapı,8,3.2
U1901,Tavuk Suyu Çorbası,15,4.6
U1901,Nohut,14,3.0
U1901,Köfte,6,3.3
U1901,Ezogelin Çorbası,13,4.9
U1901,Bulgur Pilavı,4,4.7
U1901,Çoban Salata,13,3.3
U1902,Nohut,4,3.7
U1902,Aşure,4,3.0
U1902,Sezar Salata,11,4.7
U1902,Mevsim Salata,10,3.3
U1902,Kadınbudu Köfte,15,4.7
U1902,Et Sote,11,5.0
U1902,Sebze Graten,2,3.2
U1902,Revani,6,3.1
U1902,Mercimek Çorbası,3,3.4
U1902,Hamsi Tava,15,4.2
U1902,Güllaç,7,3.7
U1903,Nohut,15,4.2
U1903,Tavuk Sote,14,4.4
U1903,İrmik Helvası,2,3.2
U1903,Patates Salatası,12,4.1
U1903,Hamsi Tava,6,3.7
U1903,Tavuk Şiş,7,3.2
U1903,Zeytinyağlı Enginar,12,4.7
U1903,Pirinç Pilavı,2,3.6
U1903,Kazandibi,15,3.2
U1903,Çoban Salata,5,4.8
U1903,Güllaç,6,4.0
U1903,Revani,11,4.3
U1903,Zeytinyağlı Sarma,11,3.4
U1903,Mercimek Köftesi,1,3.3
U1903,Et Döner,9,4.9
U1903,Baklava,15,4.1
U1903,Sütlaç,8,4.8
U1903,Düğün Çorbası,10,3.9
U1903,Tavukgöğsü,15,3.3
U1904,Pırasa Yemeği,7,3.7
U1904,Su Böreği,6,3.2
U1904,Hamsi Tava,15,3.5
U1904,İskender Kebap,1,4.4
U1904,Patates Kızartması,4,4.1
U1904,Patates Püresi,8,4.5
U1904,Tavuk Döner,13,3.1
U1904,Ezogelin Çorbası,7,4.3
U1904,Güllaç,7,3.2
U1904,Bulgur Pilavı,9,3.8
U1904,Orman Kebabı,7,4.9
U1905,Domates Çorbası,7,3.6
U1905,Ispanak Yemeği,11,5.0
U1905,Zeytinyağlı Enginar,2,4.7
U1905,Bulgur Pilavı,15,4.1
U1905,Piliç Topkapı,4,5.0
U1905,Kemalpaşa,14,4.6
U1905,Sütlaç,1,3.6
U1905,Nohut,1,4.8
U1905,Ton Balıklı Salata,8,4.4
U1905,Kadınbudu Köfte,3,3.6
U1905,Et Döner,2,3.7
U1905,Mercimek Köftesi,9,4.9
U1905,Sebze Graten,10,4.7
U1905,Karnıyarık,9,4.3
U1905,Rus Salatası,6,4.2
U1905,Yayla Çorbası,12,4.5
U1906,Et Sote,12,3.5
U1906,Revani,5,3.5
U1906,Aşure,6,4.4
U1906,Tarhana Çorbası,15,3.4
U1906,Et Döner,10,3.7
U1907,Su Böreği,6,3.8
U1907,Sebze Graten,13,4.6
U1907,Tavuk Sote,1,3.7
U1907,Zeytinyağlı Taze Fasulye,12,4.9
U1907,Revani,3,4.6
U1907,Sigara Böreği,8,4.1
U1907,Nohut,10,5.0
U1907,Güllaç,7,4.8
U1908,Tavuk Döner,3,4.8
U1908,Mercimek Çorbası,5,3.6
U1908,Çoban Salata,12,3.4
U1908,Tas Kebabı,3,3.3
U1908,Baklava,15,3.4
U1909,Rus Salatası,7,3.3
U1909,Pırasa Yemeği,14,4.0
U1909,Kemalpaşa,11,3.2
U1909,Köfte,11,4.1
U1909,Tavuk Döner,6,4.8
U1909,Mantar Çorbası,15,3.5
U1909,Kadınbudu Köfte,6,3.3
U1909,Mercimek Köftesi,4,3.0
U1909,İskender Kebap,9,3.3
U1909,Hamsi Tava,8,3.8
U1910,Et Döner,15,3.9
U1910,Güllaç,10,4.3
U1910,Sütlaç,2,3.3
U1910,Tavuk Sote,2,4.8
U1910,Tavuk Döner,8,4.0
U1910,Orman Kebabı,15,5.0
U1910,Izgara Balık,13,3.5
U1910,Patates Salatası,2,3.6
U1911,İmambayıldı,10,4.3
U1911,Mevsim Salata,10,4.3
U1911,Mercimek Çorbası,10,3.8
U1911,Piliç Topkapı,2,4.2
U1911,Ton Balıklı Salata,8,4.3
U1911,Et Döner,10,3.3
U1911,Baklava,11,4.6
U1911,Mercimek Köftesi,12,3.1
U1911,Yayla Çorbası,1,3.2
U1911,Zeytinyağlı Taze Fasulye,11,3.1
U1911,Sigara Böreği,5,4.2
U1911,Sezar Salata,9,4.4
U1911,Bulgur Pilavı,5,3.0
U1911,Kazandibi,6,3.9
U1911,İrmik Helvası,7,3.8
U1911,Tavuk Döner,1,4.9
U1912,Patates Kızartması,5,4.1
U1912,Kadınbudu Köfte,2,3.2
U1912,Zeytinyağlı Sarma,13,4.2
U1912,Hamsi Tava,8,3.2
U1912,Köfte,1,4.1
U1912,Kazandibi,1,3.4
U1912,Sigara Böreği,6,3.9
U1912,Mevsim Salata,1,3.1
U1912,Et Döner,9,4.9
U1912,Profiterol,9,3.8
U1912,İrmik Helvası,10,3.0
U1912,Karnıyarık,9,4.9
U1912,Mantar Çorbası,11,3.6
U1912,Makarna,5,4.5
U1913,Makarna,11,5.0
U1913,Patates Püresi,3,4.0
U1913,Aşure,4,3.4
U1913,Piliç Topkapı,12,3.6
U1913,Rus Salatası,3,4.1
U1913,Patates Kızartması,11,3.8
U1913,Kadınbudu Köfte,11,3.4
U1913,Düğün Çorbası,14,3.1
U1913,Kemalpaşa,14,3.8
U1913,Tavuk Suyu Çorbası,6,3.3
U1913,Fırın Tavuk,15,4.1
U1913,Tarhana Çorbası,2,3.6
U1913,Mantar Çorbası,3,4.5
U1913,Patates Salatası,3,3.3
U1913,Kazandibi,11,4.7
U1913,Sebze Graten,6,3.6
U1914,Tavuk Suyu Çorbası,4,3.9
U1914,Güllaç,8,4.1
U1914,Gavurdağı Salata,5,4.8
U1914,Zeytinyağlı Enginar,12,4.2
U1914,Kemalpaşa,6,4.4
U1914,Et Döner,12,4.8
U1914,Pirinç Pilavı,10,4.2
U1914,Mercimek Çorbası,15,4.0
U1914,İrmik Helvası,2,3.5
U1914,Çoban Salata,7,4.5
U1914,Et Sote,7,4.9
U1914,Tavuk Döner,14,4.9
U1914,Patates Salatası,10,4.5
U1914,Ton Balıklı Salata,13,3.6
U1914,Sigara Böreği,7,4.8
U1914,Kazandibi,8,3.7
U1915,Sezar Salata,5,4.6
U1915,Tavuk Sote,6,3.9
U1915,Orman Kebabı,7,3.8
U1915,Tavuk Döner,4,4.0
U1915,Gavurdağı Salata,14,3.7
U1915,Güllaç,14,4.7
U1915,Sebze Graten,9,3.1
U1915,Domates Çorbası,13,4.9
U1915,Patates Salatası,1,3.3
U1915,Bulgur Pilavı,5,3.9
U1915,Mercimek Köftesi,11,3.9
U1915,Revani,2,3.8
U1915,Nohut,13,4.2
U1915,Tarhana Çorbası,13,3.3
U1915,Patates Kızartması,4,4.2
U1915,Mercimek Çorbası,12,4.2
U1915,İskender Kebap,6,4.1
U1915,Kazandibi,10,3.6
U1915,Ezogelin Çorbası,11,4.4
U1915,Aşure,2,3.7
U1916,İmambayıldı,11,5.0
U1916,Fırın Tavuk,1,3.1
U1916,Sebze Graten,4,4.3
U1916,Gavurdağı Salata,11,3.7
U1916,Patates Salatası,1,4.9
U1916,Patates Püresi,2,4.9
U1916,Tavuk Döner,3,4.9
U1916,Kadınbudu Köfte,1,3.1
U1916,Pırasa Yemeği,9,4.2
U1916,Orman Kebabı,8,4.1
U1916,Mercimek Çorbası,12,4.2
U1916,Düğün Çorbası,5,3.9
U1916,Zeytinyağlı Enginar,11,4.8
U1916,Yayla Çorbası,9,4.6
U1916,Tavuk Suyu Çorbası,13,5.0
U1916,Tas Kebabı,1,4.3
U1916,Mevsim Salata,9,3.3
U1916,Karnıyarık,1,3.2
U1916,Makarna,2,4.9
U1916,Tavuk Şiş,4,3.1
U1917,Sezar Salata,14,3.1
U1917,Mantar Çorbası,7,4.6
U1917,Orman Kebabı,15,3.0
U1917,Tavuk Şiş,10,4.7
U1917,İrmik Helvası,8,4.6
U1917,Pırasa Yemeği,3,3.5
U1917,Mercimek Çorbası,3,4.4
U1917,Zeytinyağlı Taze Fasulye,2,3.4
U1917,Fırın Tavuk,4,3.3
U1917,Domates Çorbası,3,3.8
U1917,Sigara Böreği,2,4.9
U1917,Hamsi Tava,1,4.3
U1917,Et Döner,11,3.5
U1917,Profiterol,6,4.3
U1917,Köfte,1,4.4
U1917,Nohut,11,4.3
U1918,Gavurdağı Salata,9,3.4
U1918,Patates Püresi,9,4.4
U1918,Ezogelin Çorbası,3,4.6
U1918,Su Böreği,14,4.3
U1918,Makarna,3,3.9
U1918,Tavuk Suyu Çorbası,9,3.9
U1918,İmambayıldı,4,4.3
U1918,Tavukgöğsü,13,4.7
U1918,Karnıyarık,11,3.7
U1918,Aşure,3,3.1
U1918,Revani,9,4.1
U1918,Orman Kebabı,9,4.6
U1918,Yayla Çorbası,13,4.6
U1918,Pırasa Yemeği,13,4.3
U1918,Tavuk Döner,4,4.1
U1918,İrmik Helvası,2,3.5
U1918,Domates Çorbası,7,3.8
U1918,Profiterol,11,4.1
U1919,Nohut,2,4.5
U1919,Tavuk Sote,7,4.8
U1919,Tarhana Çorbası,5,4.5
U1919,Izgara Balık,14,4.7
U1919,Pirinç Pilavı,5,3.8
U1919,Gavurdağı Salata,2,4.2
U1919,Orman Kebabı,14,4.1
U1919,Düğün Çorbası,1,3.2
U1920,Düğün Çorbası,1,4.4
U1920,İskender Kebap,7,4.6
U1920,Nohut,3,3.7
U1920,Mercimek Köftesi,2,3.4
U1920,Tavuk Döner,13,4.5
U1920,Mantar Çorbası,12,4.2
U1920,Karnıyarık,12,3.4
U1920,Ezogelin Çorbası,5,4.5
U1920,Kemalpaşa,15,4.2
U1920,Rus Salatası,13,4.7
U1920,Domates Çorbası,12,4.6
U1920,Tarhana Çorbası,6,4.4
U1920,Sigara Böreği,4,3.2
U1920,Baklava,11,4.5
U1920,İrmik Helvası,12,4.6
U1921,Mevsim Salata,3,4.3
U1921,Nohut,12,3.3
U1921,Mantar Çorbası,2,4.3
U1921,Yayla Çorbası,5,3.5
U1921,Hamsi Tava,6,4.4
U1921,Tavuk Suyu Çorbası,6,3.2
U1921,İrmik Helvası,15,4.0
U1921,Karnıyarık,11,3.1
U1921,Fırın Tavuk,4,3.2
U1921,Et Sote,11,4.3
U1921,Tavukgöğsü,3,4.3
U1921,Su Böreği,3,3.4
U1921,Izgara Balık,12,4.9
U1921,Kadınbudu Köfte,11,3.1
U1921,İskender Kebap,15,4.8
U1921,Tavuk Şiş,9,3.7
U1921,Patates Püresi,12,4.1
U1921,Sütlaç,14,3.4
U1921,Patates Salatası,3,3.6
U1921,Profiterol,10,4.8
U1922,Patates Salatası,15,3.1
U1922,Bulgur Pilavı,13,4.4
U1922,Karnıyarık,11,3.5
U1922,İrmik Helvası,10,4.5
U1922,Patates Kızartması,9,4.6
U1922,Makarna,15,4.8
U1922,Tarhana Çorbası,13,4.5
U1922,Ton Balıklı Salata,14,4.1
U1922,Piliç Topkapı,11,4.2
U1923,Kuru Fasulye,14,4.8
U1923,Tavuk Şiş,12,3.9
U1923,Fırın Tavuk,13,3.6
U1923,Pırasa Yemeği,7,3.6
U1923,Zeytinyağlı Taze Fasulye,13,4.1
U1923,Tavuk Suyu Çorbası,11,3.8
U1923,Zeytinyağlı Sarma,3,3.8
U1923,Yayla Çorbası,7,3.1
U1923,Köfte,10,4.0
U1923,Aşure,5,4.7
U1923,Su Böreği,3,3.4
U1924,Sütlaç,12,3.7
U1924,Patates Salatası,11,3.5
U1924,Sigara Böreği,8,4.4
U1924,Kadınbudu Köfte,3,3.2
U1924,Et Sote,3,3.6
U1924,Profiterol,7,3.5
U1924,Tarhana Çorbası,9,4.3
U1924,Ezogelin Çorbası,2,3.8
U1924,Tavukgöğsü,9,3.4
U1924,Aşure,14,4.5
U1924,İmambayıldı,5,4.1
U1924,Zeytinyağlı Enginar,3,4.4
U1924,Nohut,1,3.3
U1924,İrmik Helvası,11,4.3
U1924,Su Böreği,2,4.7
U1924,Zeytinyağlı Sarma,8,4.5
U1924,Tavuk Şiş,6,4.0
U1924,Sezar Salata,12,4.3
U1924,Düğün Çorbası,10,3.6
U1925,Domates Çorbası,2,4.3
U1925,Düğün Çorbası,14,5.0
U1925,Tavuk Döner,13,4.5
U1925,Orman Kebabı,2,3.6
U1925,Karnıyarık,7,3.6
U1925,Sütlaç,3,4.8
U1925,Güllaç,14,4.9
U1925,Patates Kızartması,12,4.5
U1925,Ton Balıklı Salata,12,4.9
U1925,Baklava,15,3.6
U1925,Gavurdağı Salata,6,4.2
U1925,Revani,11,3.5
U1925,Makarna,8,4.1
U1925,Kadınbudu Köfte,5,4.1
U1925,Kazandibi,4,4.6
U1925,Tavuk Sote,6,4.5
U1925,Kuru Fasulye,8,3.0
U1925,Tas Kebabı,8,3.5
U1925,İrmik Helvası,3,3.5
U1925,Mercimek Çorbası,12,4.9
U1926,İrmik Helvası,15,3.4
U1926,Pirinç Pilavı,3,5.0
U1926,Izgara Balık,3,3.2
U1926,Su Böreği,2,3.8
U1926,Ton Balıklı Salata,5,4.1
U1926,Yayla Çorbası,3,3.8
U1926,Fırın Tavuk,3,3.3
U1926,Gavurdağı Salata,10,4.8
U1926,Domates Çorbası,6,4.4
U1926,İskender Kebap,8,4.0
U1926,Baklava,6,4.0
U1926,Tarhana Çorbası,1,4.7
U1926,Orman Kebabı,3,4.0
U1926,Patates Kızartması,11,3.5
U1926,Profiterol,5,4.4
U1926,Makarna,14,4.2
U1926,Tas Kebabı,7,4.6
U1926,Et Döner,10,4.9
U1927,Baklava,5,4.0
U1927,Köfte,4,4.0
U1927,Düğün Çorbası,11,3.3
U1927,Karnıyarık,10,4.0
U1927,Mercimek Çorbası,4,3.8
U1927,Gavurdağı Salata,1,4.0
U1927,Izgara Balık,10,4.2
U1927,Ispanak Yemeği,15,4.1
U1927,Patates Püresi,13,4.9
U1927,Mercimek Köftesi,3,4.9
U1927,Profiterol,6,4.5
U1927,Tavuk Döner,12,4.9
U1927,Sebze Graten,8,3.2
U1927,Orman Kebabı,9,3.8
U1927,Tavukgöğsü,1,4.7
U1927,Hamsi Tava,3,3.6
U1927,Zeytinyağlı Enginar,14,4.1
U1927,Mantar Çorbası,5,4.4
U1928,Sigara Böreği,1,4.5
U1928,Sebze Graten,11,3.8
U1928,Güllaç,12,3.2
U1928,Kemalpaşa,9,4.3
U1928,İmambayıldı,5,3.2
U1928,Düğün Çorbası,3,3.2
U1929,Zeytinyağlı Taze Fasulye,9,4.4
U1929,Sebze Graten,5,3.9
U1929,Kazandibi,2,4.2
U1929,Ispanak Yemeği,15,4.4
U1929,Patates Salatası,4,4.7
U1929,Düğün Çorbası,4,4.8
U1929,Su Böreği,8,3.7
U1929,Gavurdağı Salata,3,3.7
U1929,Zeytinyağlı Enginar,4,5.0
U1929,Piliç Topkapı,9,4.8
U1930,Tavuk Şiş,11,4.1
U1930,Gavurdağı Salata,9,4.3
U1930,Aşure,10,3.7
U1930,Piliç Topkapı,1,4.9
U1930,Kemalpaşa,2,3.8
U1930,Ton Balıklı Salata,14,4.3
U1930,Kadınbudu Köfte,2,3.4
U1930,Mercimek Çorbası,15,4.5
U1930,Köfte,13,4.4
U1930,Tavukgöğsü,6,4.5
U1930,Baklava,13,4.7
U1930,Tavuk Döner,6,3.4
U1930,Düğün Çorbası,3,4.9
U1930,Kazandibi,2,4.2
U1931,Ispanak Yemeği,15,3.3
U1931,Kadınbudu Köfte,10,4.6
U1931,Patates Püresi,1,3.3
U1931,Tavuk Sote,6,4.4
U1931,Bulgur Pilavı,13,4.3
U1931,İmambayıldı,11,4.9
U1931,Makarna,10,3.5
U1931,Tavuk Suyu Çorbası,1,4.0
U1931,Düğün Çorbası,5,3.3
U1931,Pırasa Yemeği,15,3.6
U1931,Orman Kebabı,8,3.4
U1931,Sigara Böreği,14,3.4
U1931,Hamsi Tava,14,3.2
U1931,Ezogelin Çorbası,2,3.7
U1931,Sütlaç,8,5.0
U1932,Sütlaç,8,3.1
U1932,Rus Salatası,14,4.0
U1932,Tavukgöğsü,12,4.8
U1932,Sebze Graten,12,4.5
U1932,Kadınbudu Köfte,13,4.9
U1932,Kemalpaşa,13,4.1
U1932,Et Sote,10,3.3
U1933,Patates Püresi,9,4.5
U1933,Kuru Fasulye,13,4.4
U1933,Güllaç,5,4.8
U1933,Baklava,2,4.1
U1933,Et Döner,2,3.8
U1933,Ezogelin Çorbası,13,3.8
U1933,Ispanak Yemeği,9,3.8
U1933,Çoban Salata,8,4.4
U1933,Tavuk Döner,12,4.1
U1934,Fırın Tavuk,7,3.3
U1934,Baklava,6,3.8
U1934,Zeytinyağlı Taze Fasulye,10,3.5
U1934,Kemalpaşa,11,4.8
U1934,Tavuk Şiş,13,3.9
U1934,Ezogelin Çorbası,8,4.9
U1934,Kazandibi,4,3.6
U1934,Tavukgöğsü,12,4.6
U1935,Sigara Böreği,10,4.0
U1935,Sütlaç,10,4.9
U1935,İskender Kebap,2,4.9
U1935,Et Döner,7,4.0
U1935,Rus Salatası,12,3.4
U1935,Et Sote,2,4.7
U1935,Hamsi Tava,13,5.0
U1935,Ezogelin Çorbası,12,4.5
U1935,Mantar Çorbası,11,4.6
U1936,Patates Kızartması,15,3.6
U1936,Güllaç,11,3.2
U1936,Sütlaç,3,3.7
U1936,Mercimek Çorbası,7,4.2
U1936,Tavuk Döner,13,3.2
U1936,Makarna,7,4.2
U1936,Pırasa Yemeği,13,4.4
U1936,Yayla Çorbası,4,3.1
U1936,Bulgur Pilavı,12,3.2
U1936,Mercimek Köftesi,10,3.8
U1937,İrmik Helvası,3,4.0
U1937,Rus Salatası,7,3.7
U1937,Kemalpaşa,1,4.8
U1937,Mantar Çorbası,9,3.7
U1937,Tavuk Şiş,12,4.6
U1937,Profiterol,1,3.7
U1937,İskender Kebap,10,3.7
U1937,Düğün Çorbası,2,3.7
U1937,Köfte,3,4.9
U1938,Su Böreği,8,4.7
U1938,Et Sote,12,4.1
U1938,Patates Salatası,10,4.5
U1938,Tarhana Çorbası,8,4.1
U1938,Güllaç,11,4.0
U1938,Aşure,15,3.9
U1939,Kazandibi,8,3.5
U1939,Et Sote,15,3.4
U1939,Düğün Çorbası,14,3.8
U1939,Bulgur Pilavı,6,4.1
U1939,Sezar Salata,12,4.0
U1939,Gavurdağı Salata,12,3.6
U1939,Profiterol,14,4.4
U1939,Sütlaç,11,4.1
U1939,Revani,4,4.6
U1939,Hamsi Tava,15,3.9
U1939,Zeytinyağlı Enginar,12,3.1
U1939,Mevsim Salata,2,4.7
U1939,Makarna,15,4.3
U1939,Zeytinyağlı Sarma,9,4.0
U1939,Çoban Salata,9,3.1
U1939,Pırasa Yemeği,9,3.1
U1939,İmambayıldı,14,5.0
U1940,Zeytinyağlı Enginar,5,4.5
U1940,Zeytinyağlı Sarma,8,3.1
U1940,Kazandibi,1,4.0
U1940,Profiterol,7,3.7
U1940,Ezogelin Çorbası,10,3.7
U1940,Düğün Çorbası,11,3.3
U1940,Tavuk Şiş,12,3.1
U1940,Tavuk Suyu Çorbası,3,3.4
U1940,Makarna,13,3.1
U1940,Tas Kebabı,14,4.7
U1940,Sebze Graten,11,3.9
U1941,Fırın Tavuk,5,3.5
U1941,Zeytinyağlı Taze Fasulye,8,3.2
U1941,Domates Çorbası,15,3.7
U1941,Et Döner,12,4.2
U1941,Zeytinyağlı Enginar,2,5.0
U1941,Patates Salatası,3,3.4
U1941,Tavuk Sote,1,3.6
U1942,Hamsi Tava,3,4.1
U1942,Baklava,1,4.1
U1942,Pırasa Yemeği,10,3.3
U1942,İmambayıldı,4,3.9
U1942,Sezar Salata,1,3.3
U1943,Tavuk Suyu Çorbası,12,3.1
U1943,Patates Salatası,14,3.9
U1943,Et Sote,8,3.3
U1943,Kazandibi,2,4.9
U1943,Sütlaç,4,4.6
U1943,İrmik Helvası,3,3.1
U1943,Fırın Tavuk,6,3.7
U1944,Nohut,7,3.4
U1944,Mantar Çorbası,5,4.2
U1944,Makarna,1,4.6
U1944,Karnıyarık,15,4.0
U1944,Ezogelin Çorbası,7,4.5
U1944,Güllaç,6,4.7
U1944,Fırın Tavuk,11,4.4
U1944,Patates Salatası,2,4.3
U1944,Baklava,3,4.8
U1944,Tavukgöğsü,6,3.8
U1944,Su Böreği,4,4.7
U1944,Kadınbudu Köfte,8,3.8
U1944,Tarhana Çorbası,2,3.4
U1944,Izgara Balık,12,3.8
U1945,Kazandibi,4,3.8
U1945,Zeytinyağlı Enginar,4,3.8
U1945,Baklava,14,3.1
U1945,İskender Kebap,9,4.4
U1945,Piliç Topkapı,4,4.9
U1945,Pırasa Yemeği,10,3.1
U1945,Zeytinyağlı Taze Fasulye,11,4.9
U1945,Gavurdağı Salata,7,4.2
U1945,Ton Balıklı Salata,11,3.8
U1945,Hamsi Tava,4,4.2
U1945,Tavuk Suyu Çorbası,10,4.3
U1945,Tas Kebabı,4,4.5
U1945,Düğün Çorbası,7,3.4
U1945,Mercimek Çorbası,11,4.9
U1945,Mercimek Köftesi,2,3.4
U1946,Piliç Topkapı,1,3.2
U1946,Güllaç,3,3.7
U1946,Sigara Böreği,8,4.4
U1946,Rus Salatası,11,3.2
U1946,Tavuk Şiş,15,3.4
U1946,Sebze Graten,13,3.3
U1946,Sezar Salata,12,3.1
U1947,Mercimek Çorbası,5,4.6
U1947,Domates Çorbası,13,4.5
U1947,Kadınbudu Köfte,9,4.2
U1947,Zeytinyağlı Enginar,2,3.8
U1947,Revani,14,4.5
U1947,Mercimek Köftesi,9,4.4
U1947,İskender Kebap,15,3.2
U1947,Gavurdağı Salata,15,3.4
U1947,Ton Balıklı Salata,10,4.6
U1947,Tas Kebabı,13,3.7
U1947,Patates Salatası,11,3.1
U1947,Baklava,5,4.8
U1947,Et Sote,4,4.9
U1947,Çoban Salata,9,4.6
U1947,Et Döner,12,3.6
U1947,İmambayıldı,3,4.3
U1947,Patates Püresi,13,3.2
U1948,Tavuk Şiş,10,4.1
U1948,Su Böreği,5,4.4
U1948,Aşure,12,3.8
U1948,Köfte,7,3.2
U1948,İskender Kebap,14,5.0
U1949,Pırasa Yemeği,4,3.5
U1949,Sütlaç,6,3.4
U1949,Zeytinyağlı Taze Fasulye,7,4.9
U1949,Pirinç Pilavı,7,4.4
U1949,Revani,9,3.9
U1950,Ton Balıklı Salata,10,4.0
U1950,Kadınbudu Köfte,7,4.6
U1950,Profiterol,15,3.4
U1950,Nohut,13,4.4
U1950,Mercimek Köftesi,4,3.4
U1950,Tavukgöğsü,10,3.0
U1950,Tavuk Sote,1,3.4
U1950,Tavuk Şiş,2,3.3
U1950,Tavuk Döner,12,4.4
U1950,Pirinç Pilavı,2,5.0
U1951,Revani,9,4.8
U1951,Patates Salatası,11,4.5
U1951,Mantar Çorbası,2,4.0
U1951,Gavurdağı Salata,7,3.4
U1951,Çoban Salata,15,3.5
U1951,Kuru Fasulye,2,3.5
U1951,İmambayıldı,9,3.4
U1951,Domates Çorbası,9,4.4
U1951,Makarna,14,3.2
U1951,Sigara Böreği,4,4.0
U1951,Tarhana Çorbası,5,4.4
U1951,Zeytinyağlı Enginar,9,3.1
U1951,Düğün Çorbası,11,4.1
U1951,Aşure,13,3.7
U1951,İrmik Helvası,9,4.9
U1951,Nohut,5,3.1
U1952,Mevsim Salata,11,3.9
U1952,Su Böreği,1,5.0
U1952,Nohut,2,4.9
U1952,Et Sote,9,3.6
U1952,Domates Çorbası,6,3.6
U1952,İrmik Helvası,6,3.7
U1952,Piliç Topkapı,2,3.7
U1952,Mercimek Çorbası,12,4.0
U1952,İskender Kebap,15,4.2
U1952,Pırasa Yemeği,10,3.3
U1952,Tavuk Şiş,8,3.5
U1952,Mercimek Köftesi,13,3.4
U1952,Patates Püresi,14,4.6
U1952,Düğün Çorbası,15,3.8
U1952,Tavuk Suyu Çorbası,10,3.9
U1953,Zeytinyağlı Sarma,9,3.6
U1953,Domates Çorbası,5,3.6
U1953,Güllaç,5,3.9
U1953,Sebze Graten,4,4.7
U1953,Kazandibi,11,4.5
U1953,İmambayıldı,1,4.6
U1953,Köfte,2,3.5
U1953,İrmik Helvası,8,3.5
U1953,Zeytinyağlı Taze Fasulye,4,4.1
U1953,Gavurdağı Salata,11,4.8
U1953,Fırın Tavuk,1,3.5
U1953,Sezar Salata,7,4.2
U1953,Ton Balıklı Salata,3,4.8
U1953,Mevsim Salata,2,4.1
U1953,Patates Püresi,10,4.6
U1953,Rus Salatası,12,3.3
U1953,Et Döner,10,3.9
U1953,Sigara Böreği,12,4.5
U1953,Bulgur Pilavı,9,3.5
U1954,Mevsim Salata,10,4.5
U1954,Pirinç Pilavı,11,4.9
U1954,Gavurdağı Salata,12,4.0
U1954,Piliç Topkapı,8,3.9
U1954,Kuru Fasulye,13,4.6
U1954,Orman Kebabı,5,3.9
U1954,Mantar Çorbası,8,3.7
U1954,Profiterol,12,4.4
U1954,İskender Kebap,10,3.7
U1954,Mercimek Köftesi,4,4.7
U1955,İrmik Helvası,1,3.8
U1955,Kemalpaşa,15,3.8
U1955,Revani,2,4.7
U1955,Pırasa Yemeği,4,4.5
U1955,Tas Kebabı,5,3.1
U1955,Patates Salatası,5,3.6
U1955,İskender Kebap,3,4.7
U1955,Sigara Böreği,11,3.4
U1955,Sezar Salata,12,4.4
U1955,Zeytinyağlı Enginar,5,4.3
U1955,Zeytinyağlı Taze Fasulye,14,3.6
U1955,Tavuk Şiş,6,4.4
U1955,Tarhana Çorbası,12,4.9
U1955,Tavukgöğsü,12,3.5
U1956,Pirinç Pilavı,1,4.2
U1956,Kazandibi,6,3.7
U1956,Ton Balıklı Salata,13,3.6
U1956,Su Böreği,5,3.1
U1956,Orman Kebabı,14,3.9
U1956,Pırasa Yemeği,1,4.2
U1957,Tavuk Suyu Çorbası,11,3.6
U1957,Et Döner,8,3.0
U1957,Mevsim Salata,5,3.9
U1957,Patates Kızartması,8,4.8
U1957,Ezogelin Çorbası,13,4.9
U1957,Nohut,6,4.7
U1957,Kemalpaşa,11,3.3
U1957,Çoban Salata,2,4.0
U1957,Et Sote,12,4.9
U1957,Pirinç Pilavı,9,4.7
U1957,Izgara Balık,9,4.2
U1957,Zeytinyağlı Enginar,13,4.8
U1958,Baklava,9,3.7
U1958,Makarna,11,5.0
U1958,Su Böreği,2,3.4
U1958,Gavurdağı Salata,11,4.9
U1958,Hamsi Tava,12,4.2
U1958,Sezar Salata,15,3.8
U1958,Karnıyarık,9,3.4
U1958,Tavuk Döner,10,3.8
U1958,İrmik Helvası,9,4.2
U1958,Pırasa Yemeği,7,4.8
U1958,Et Sote,11,4.0
U1959,Kuru Fasulye,7,3.7
U1959,Tavuk Suyu Çorbası,4,4.4
U1959,Su Böreği,13,4.0
U1959,Et Döner,14,3.2
U1959,Pirinç Pilavı,7,4.2
U1959,Ezogelin Çorbası,8,4.7
U1959,Pırasa Yemeği,2,4.3
U1959,Domates Çorbası,3,4.3
U1959,Karnıyarık,14,4.3
U1959,Zeytinyağlı Sarma,8,4.3
U1959,Bulgur Pilavı,3,3.1
U1960,Gavurdağı Salata,13,3.2
U1960,Patates Salatası,12,4.6
U1960,İskender Kebap,8,3.0
U1960,Tavuk Şiş,13,3.3
U1960,Sebze Graten,6,3.1
U1960,Profiterol,5,4.2
U1960,Tavuk Döner,14,4.6
U1960,Zeytinyağlı Taze Fasulye,7,4.1
U1960,Kuru Fasulye,7,3.4
U1960,Izgara Balık,7,3.5
U1960,Revani,4,4.8
U1960,Mercimek Çorbası,10,3.1
U1960,Güllaç,15,4.7
U1960,Mevsim Salata,15,3.6
U1961,Gavurdağı Salata,3,3.3
U1961,Zeytinyağlı Enginar,7,4.1
U1961,İmambayıldı,5,3.5
U1961,Hamsi Tava,2,3.9
U1961,Tavuk Döner,2,3.1
U1961,Profiterol,12,4.3
U1961,Düğün Çorbası,12,3.5
U1961,Mercimek Köftesi,1,4.2
U1962,Tas Kebabı,4,3.5
U1962,Profiterol,9,4.6
U1962,Nohut,9,4.8
U1962,Köfte,12,3.5
U1962,Izgara Balık,2,4.1
U1962,Bulgur Pilavı,5,4.6
U1962,Mercimek Çorbası,4,3.8
U1962,Aşure,7,3.1
U1962,Ezogelin Çorbası,9,3.4
U1962,Fırın Tavuk,1,3.2
U1962,Kemalpaşa,15,3.8
U1962,Tavuk Suyu Çorbası,7,4.5
U1963,Revani,2,4.9
U1963,Domates Çorbası,5,3.0
U1963,İrmik Helvası,2,4.6
U1963,Mercimek Çorbası,6,3.7
U1963,Kazandibi,8,4.2
U1963,Pırasa Yemeği,10,3.3
U1963,Tas Kebabı,2,5.0
U1963,Kadınbudu Köfte,12,4.4
U1963,Tavuk Suyu Çorbası,3,3.6
U1963,Tavuk Döner,14,4.0
U1963,İmambayıldı,2,4.0
U1963,Profiterol,14,4.0
U1963,Kemalpaşa,14,3.0
U1963,Ton Balıklı Salata,2,3.5
U1963,Patates Püresi,13,3.2
U1964,Et Sote,11,4.8
U1964,Patates Kızartması,6,4.6
U1964,Profiterol,8,3.8
U1964,Kemalpaşa,14,4.6
U1964,Baklava,10,4.0
U1964,Mercimek Köftesi,7,3.4
U1964,Patates Salatası,12,3.5
U1964,Tarhana Çorbası,11,3.6
U1964,Ispanak Yemeği,2,3.0
U1964,Kuru Fasulye,8,4.1
U1965,Patates Kızartması,14,4.6
U1965,Düğün Çorbası,13,4.6
U1965,Tavukgöğsü,7,3.9
U1965,Sebze Graten,6,3.5
U1965,Mevsim Salata,1,4.9
U1965,Ezogelin Çorbası,6,4.8
U1965,Karnıyarık,2,3.0
U1965,Hamsi Tava,11,4.6
U1965,Tavuk Döner,9,3.5
U1965,İrmik Helvası,8,4.5
U1965,Tarhana Çorbası,7,4.2
U1965,Ton Balıklı Salata,14,3.5
U1965,Sütlaç,7,4.8
U1965,Et Sote,3,4.2
U1965,Mantar Çorbası,14,4.3
U1965,Profiterol,2,3.2
U1965,Sezar Salata,12,3.4
U1965,Patates Salatası,3,3.6
U1966,Mevsim Salata,6,3.3
U1966,Rus Salatası,1,4.6
U1966,Piliç Topkapı,1,4.9
U1966,Profiterol,4,3.8
U1966,Yayla Çorbası,8,3.1
U1966,Domates Çorbası,4,3.9
U1966,Tarhana Çorbası,13,3.5
U1966,Zeytinyağlı Enginar,10,3.7
U1966,Karnıyarık,7,4.7
U1967,Tavuk Döner,8,4.8
U1967,Ispanak Yemeği,14,3.5
U1967,Tavukgöğsü,10,4.1
U1967,Zeytinyağlı Sarma,2,4.2
U1967,Patates Kızartması,7,3.6
U1967,Revani,7,3.5
U1968,Ezogelin Çorbası,14,3.6
U1968,Tavuk Sote,12,4.7
U1968,Zeytinyağlı Taze Fasulye,14,4.9
U1968,Aşure,3,4.5
U1968,Piliç Topkapı,8,4.2
U1969,Kemalpaşa,12,4.4
U1969,Patates Püresi,11,3.4
U1969,Makarna,15,3.4
U1969,Kuru Fasulye,9,5.0
U1969,Tarhana Çorbası,2,4.0
U1969,Fırın Tavuk,7,3.7
U1969,Tavuk Suyu Çorbası,3,4.6
U1969,Zeytinyağlı Taze Fasulye,4,4.9
U1969,Karnıyarık,1,4.7
U1969,Patates Kızartması,3,4.8
U1969,Ezogelin Çorbası,7,3.1
U1970,Yayla Çorbası,6,3.6
U1970,Zeytinyağlı Sarma,9,4.9
U1970,Su Böreği,4,3.6
U1970,Fırın Tavuk,2,5.0
U1970,Tavuk Suyu Çorbası,3,4.9
U1970,Aşure,7,4.2
U1970,Tavuk Şiş,6,4.6
U1971,Fırın Tavuk,10,4.5
U1971,Profiterol,8,3.2
U1971,Kuru Fasulye,12,3.3
U1971,Tavuk Sote,4,3.2
U1971,İrmik Helvası,11,4.0
U1972,Çoban Salata,8,3.4
U1972,Köfte,14,4.2
U1972,Düğün Çorbası,7,5.0
U1972,Sigara Böreği,8,3.4
U1972,Domates Çorbası,5,3.2
U1972,Sezar Salata,1,4.4
U1972,Tas Kebabı,15,3.6
U1972,Kadınbudu Köfte,3,3.4
U1972,Güllaç,2,4.0
U1973,İskender Kebap,10,3.1
U1973,Kadınbudu Köfte,15,3.3
U1973,Yayla Çorbası,9,3.6
U1973,Domates Çorbası,15,4.5
U1973,İrmik Helvası,1,3.2
U1973,Tavukgöğsü,9,3.5
U1973,Mercimek Çorbası,11,4.5
U1973,Nohut,12,4.2
U1973,Pirinç Pilavı,3,3.4
U1973,Köfte,15,3.5
U1973,Kuru Fasulye,3,4.8
U1973,Makarna,10,4.0
U1973,Hamsi Tava,3,4.3
U1973,Tavuk Şiş,4,3.9
U1974,Güllaç,7,3.6
U1974,İskender Kebap,14,4.9
U1974,Ezogelin Çorbası,9,3.1
U1974,Mercimek Çorbası,5,3.5
U1974,Gavurdağı Salata,1,4.2
U1974,Nohut,7,4.9
U1975,Ispanak Yemeği,13,4.2
U1975,Sütlaç,10,4.3
U1975,Bulgur Pilavı,4,3.2
U1975,Kemalpaşa,6,4.2
U1975,Fırın Tavuk,13,4.6
U1975,Nohut,11,3.4
U1975,Zeytinyağlı Taze Fasulye,11,4.2
U1975,Baklava,8,3.2
U1975,Revani,1,4.1
U1976,Pırasa Yemeği,8,4.6
U1976,Tas Kebabı,15,4.0
U1976,Patates Püresi,15,3.8
U1976,Makarna,4,4.6
U1976,Kemalpaşa,5,4.9
U1976,Et Sote,2,3.1
U1976,Güllaç,11,3.2
U1976,Zeytinyağlı Sarma,3,3.7
U1976,Su Böreği,14,3.4
U1976,İrmik Helvası,7,4.3
U1976,İmambayıldı,4,4.0
U1976,Tavuk Sote,4,3.1
U1976,Kuru Fasulye,3,4.9
U1976,Izgara Balık,2,3.9
U1976,Mantar Çorbası,2,4.2
U1977,Ezogelin Çorbası,10,3.9
U1977,Kemalpaşa,1,4.1
U1977,Patates Salatası,12,3.7
U1977,Pirinç Pilavı,13,4.7
U1977,Sezar Salata,9,4.0
U1977,Bulgur Pilavı,11,4.8
U1977,Sütlaç,5,3.7
U1977,Sigara Böreği,12,3.1
U1977,İmambayıldı,4,3.3
U1977,Izgara Balık,4,4.5
U1977,Köfte,10,3.3
U1977,Kazandibi,3,3.7
U1977,Baklava,13,3.4
U1977,Revani,14,3.3
U1977,Zeytinyağlı Enginar,4,3.5
U1977,Hamsi Tava,14,4.0
U1977,Orman Kebabı,1,3.7
U1977,İskender Kebap,3,3.6
U1977,Zeytinyağlı Taze Fasulye,10,3.6
U1978,Zeytinyağlı Taze Fasulye,15,4.9
U1978,Et Sote,10,4.2
U1978,Baklava,7,4.6
U1978,Sebze Graten,11,3.2
U1978,Izgara Balık,2,3.7
U1978,Düğün Çorbası,4,4.5
U1978,Aşure,14,3.8
U1978,Ispanak Yemeği,8,4.2
U1978,Hamsi Tava,15,3.8
U1978,Gavurdağı Salata,15,4.1
U1978,Sezar Salata,10,4.3
U1978,Mevsim Salata,4,3.2
U1978,Bulgur Pilavı,1,4.9
U1978,Tavuk Sote,15,3.4
U1978,Zeytinyağlı Sarma,11,3.5
U1979,Patates Kızartması,6,5.0
U1979,İmambayıldı,6,4.3
U1979,Pirinç Pilavı,14,4.3
U1979,Hamsi Tava,14,3.1
U1979,Sezar Salata,3,3.0
U1979,Karnıyarık,13,4.4
U1979,Kazandibi,9,4.5
U1979,Tavuk Döner,4,4.8
U1979,Tas Kebabı,2,3.5
U1979,Makarna,8,4.9
U1979,Revani,10,3.6
U1979,Nohut,1,3.3
U1979,Ezogelin Çorbası,9,4.1
U1979,Zeytinyağlı Taze Fasulye,14,4.9
U1979,Kemalpaşa,3,4.2
U1979,Domates Çorbası,5,4.0
U1979,Kuru Fasulye,5,4.3
U1979,Patates Salatası,2,4.4
U1980,Aşure,4,3.4
U1980,Nohut,10,3.4
U1980,Et Döner,15,4.4
U1980,Çoban Salata,9,3.8
U1980,İmambayıldı,15,4.8
U1980,Baklava,5,4.8
U1980,Tarhana Çorbası,15,4.9
U1980,Fırın Tavuk,1,3.2
U1980,Güllaç,6,4.8
U1980,Piliç Topkapı,9,3.1
U1980,Sezar Salata,12,4.9
U1980,Rus Salatası,9,3.3
U1980,Patates Püresi,2,4.1
U1980,Mercimek Çorbası,6,4.3
U1980,Tavuk Suyu Çorbası,8,4.9
U1980,Sütlaç,1,3.4
U1980,Pırasa Yemeği,2,3.6
U1980,Pirinç Pilavı,3,4.2
U1981,Tarhana Çorbası,12,3.4
U1981,Tavuk Döner,14,4.1
U1981,Yayla Çorbası,12,4.9
U1981,Orman Kebabı,1,3.1
U1981,Profiterol,5,4.9
U1981,Mevsim Salata,4,3.8
U1981,Zeytinyağlı Enginar,3,4.1
U1981,Sezar Salata,8,4.8
U1981,Pirinç Pilavı,6,3.4
U1981,Pırasa Yemeği,7,4.7
U1981,İmambayıldı,6,4.8
U1981,Kazandibi,1,4.2
U1982,Güllaç,9,4.5
U1982,Mercimek Çorbası,12,4.8
U1982,Patates Salatası,15,3.9
U1982,İrmik Helvası,7,4.8
U1982,Tas Kebabı,7,4.6
U1982,Aşure,5,3.7
U1982,Gavurdağı Salata,10,4.0
U1982,Makarna,7,3.0
U1982,Profiterol,6,4.5
U1982,Domates Çorbası,4,3.7
U1982,Zeytinyağlı Enginar,10,4.1
U1982,Köfte,10,4.5
U1983,Tavuk Suyu Çorbası,9,4.5
U1983,Zeytinyağlı Sarma,10,4.2
U1983,Köfte,15,3.5
U1983,Mantar Çorbası,4,5.0
U1983,Pırasa Yemeği,10,3.9
U1983,Hamsi Tava,13,4.8
U1983,Tavuk Şiş,2,3.1
U1983,Gavurdağı Salata,1,4.0
U1983,Mevsim Salata,10,3.5
U1983,Kadınbudu Köfte,3,3.9
U1983,İmambayıldı,12,3.1
U1983,Tavuk Sote,14,3.2
U1983,Izgara Balık,6,3.3
U1983,Et Sote,10,4.1
U1983,Revani,8,4.6
U1983,Baklava,12,4.4
U1983,İrmik Helvası,15,4.0
U1983,Orman Kebabı,6,3.9
U1984,Patates Kızartması,4,3.1
U1984,Kemalpaşa,7,4.9
U1984,Hamsi Tava,6,3.2
U1984,Tavuk Sote,14,3.2
U1984,Tavuk Suyu Çorbası,15,3.1
U1984,Kuru Fasulye,6,4.6
U1984,Fırın Tavuk,11,4.4
U1984,Revani,11,4.1
U1984,İskender Kebap,10,3.0
U1984,Orman Kebabı,12,3.6
U1984,Bulgur Pilavı,5,4.3
U1984,Domates Çorbası,13,4.7
U1984,Izgara Balık,11,4.5
U1984,Kadınbudu Köfte,12,3.6
U1984,Tavuk Şiş,2,3.3
U1984,Kazandibi,14,4.8
U1984,Köfte,4,4.7
U1984,Ton Balıklı Salata,7,4.6
U1984,Zeytinyağlı Taze Fasulye,2,3.8
U1985,Su Böreği,9,4.0
U1985,Tavuk Suyu Çorbası,8,3.8
U1985,Aşure,3,3.1
U1985,Makarna,14,3.0
U1985,Ezogelin Çorbası,13,4.5
U1985,Kuru Fasulye,5,4.5
U1985,İskender Kebap,7,4.6
U1985,Mantar Çorbası,4,4.7
U1985,Mevsim Salata,6,3.8
U1986,Sebze Graten,12,4.3
U1986,Bulgur Pilavı,12,4.0
U1986,Revani,10,4.6
U1986,İmambayıldı,6,3.1
U1986,Su Böreği,11,3.3
U1986,İskender Kebap,6,4.9
U1986,İrmik Helvası,13,3.1
U1986,Domates Çorbası,4,4.5
U1986,Sigara Böreği,14,4.6
U1986,Mantar Çorbası,9,3.3
U1986,Izgara Balık,10,3.8
U1986,Çoban Salata,7,3.1
U1986,Rus Salatası,8,3.5
U1986,Güllaç,10,4.0
U1986,Baklava,5,3.7
U1986,Kazandibi,15,4.6
U1986,Pırasa Yemeği,5,3.8
U1986,Karnıyarık,3,4.8
U1986,Köfte,9,3.6
U1986,Zeytinyağlı Sarma,11,3.2
U1987,Makarna,13,3.7
U1987,Orman Kebabı,13,3.2
U1987,Revani,9,3.1
U1987,Tavuk Şiş,4,3.4
U1987,Köfte,13,3.4
U1987,Mevsim Salata,13,4.4
U1987,Zeytinyağlı Sarma,6,4.4
U1987,Düğün Çorbası,11,4.9
U1987,Et Sote,12,4.8
U1987,Zeytinyağlı Taze Fasulye,8,3.8
U1987,Patates Salatası,7,4.1
U1987,İmambayıldı,10,3.8
U1987,Güllaç,12,4.5
U1987,Ton Balıklı Salata,12,4.7
U1987,İrmik Helvası,8,3.8
U1988,Kemalpaşa,7,3.4
U1988,Bulgur Pilavı,8,4.3
U1988,Patates Kızartması,12,3.9
U1988,Karnıyarık,12,4.1
U1988,Rus Salatası,7,3.5
U1988,Mercimek Çorbası,6,3.4
U1988,Sezar Salata,7,4.4
U1988,Domates Çorbası,3,3.3
U1988,Sütlaç,6,3.5
U1988,Tavukgöğsü,3,3.8
U1988,Ton Balıklı Salata,13,3.4
U1988,Düğün Çorbası,11,4.2
U1988,Nohut,2,4.0
U1988,Su Böreği,4,4.7
U1988,Mevsim Salata,4,3.8
U1989,Sütlaç,7,3.8
U1989,Tavuk Döner,3,3.3
U1989,Tarhana Çorbası,2,3.7
U1989,İrmik Helvası,8,3.1
U1989,Patates Salatası,8,4.4
U1989,Hamsi Tava,10,4.6
U1989,Revani,8,4.6
U1989,Çoban Salata,5,4.5
U1989,Mantar Çorbası,6,4.3
U1989,Yayla Çorbası,4,3.6
U1989,Sezar Salata,11,3.6
U1989,Sigara Böreği,5,4.3
U1989,Zeytinyağlı Taze Fasulye,10,3.7
U1989,İmambayıldı,2,3.2
U1989,İskender Kebap,8,3.7
U1989,Et Döner,14,4.5
U1989,Tavukgöğsü,6,3.7
U1990,Pirinç Pilavı,4,3.3
U1990,Baklava,3,4.2
U1990,Mevsim Salata,15,4.3
U1990,Profiterol,2,3.9
U1990,Zeytinyağlı Taze Fasulye,12,3.2
U1990,Zeytinyağlı Sarma,8,3.7
U1990,Patates Salatası,9,4.0
U1990,Kemalpaşa,13,3.3
U1990,Pırasa Yemeği,1,3.7
U1990,Aşure,5,4.9
U1990,Mercimek Çorbası,15,3.4
U1991,Tavuk Sote,13,3.4
U1991,Et Döner,8,4.6
U1991,Tas Kebabı,6,4.8
U1991,İmambayıldı,11,3.9
U1991,Çoban Salata,8,4.3
U1991,Rus Salatası,8,3.1
U1991,Et Sote,15,3.0
U1991,Kemalpaşa,12,3.1
U1991,Baklava,7,4.9
U1991,Kadınbudu Köfte,12,4.6
U1991,Tavuk Suyu Çorbası,8,5.0
U1991,Makarna,14,4.2
U1991,Sezar Salata,5,4.0
U1991,Patates Salatası,3,4.4
U1991,Ispanak Yemeği,12,4.5
U1991,Sütlaç,1,3.7
U1991,Mercimek Çorbası,7,3.8
U1991,Profiterol,10,3.6
U1992,Su Böreği,5,3.9
U1992,Kemalpaşa,9,4.8
U1992,Kuru Fasulye,10,3.9
U1992,Tavuk Sote,11,3.7
U1992,Orman Kebabı,2,4.1
U1992,Sezar Salata,12,3.4
U1992,Tavuk Şiş,10,3.7
U1992,Kazandibi,4,3.6
U1992,Karnıyarık,5,3.3
U1993,Domates Çorbası,10,3.0
U1993,Karnıyarık,13,3.0
U1993,Yayla Çorbası,14,3.6
U1993,Makarna,4,4.8
U1993,Tarhana Çorbası,4,4.5
U1993,Ton Balıklı Salata,3,4.2
U1993,Su Böreği,15,3.2
U1994,Karnıyarık,9,4.1
U1994,Rus Salatası,14,4.8
U1994,Tavuk Suyu Çorbası,14,4.9
U1994,Piliç Topkapı,9,4.1
U1994,Orman Kebabı,2,4.3
U1994,Su Böreği,7,3.6
U1994,Sebze Graten,6,3.3
U1994,Kadınbudu Köfte,10,4.1
U1995,Kuru Fasulye,8,4.7
U1995,Karnıyarık,5,4.0
U1995,Pırasa Yemeği,9,4.1
U1995,İmambayıldı,6,3.2
U1995,Ton Balıklı Salata,8,3.3
U1995,Aşure,5,4.9
U1995,Zeytinyağlı Taze Fasulye,5,3.4
U1995,Sebze Graten,6,3.7
U1995,Fırın Tavuk,13,3.8
U1995,Zeytinyağlı Enginar,7,3.9
U1995,Pirinç Pilavı,2,4.0
U1996,Mevsim Salata,2,4.2
U1996,Et Sote,3,4.1
U1996,Rus Salatası,6,4.7
U1996,Ispanak Yemeği,3,3.7
U1996,Makarna,9,3.7
U1996,Sütlaç,5,3.2
U1996,Düğün Çorbası,5,4.3
U1996,Bulgur Pilavı,7,4.2
U1996,Sezar Salata,5,4.3
U1996,Kadınbudu Köfte,14,4.6
U1996,Su Böreği,12,4.0
U1997,Su Böreği,11,4.2
U1997,Kazandibi,10,4.8
U1997,Tas Kebabı,14,4.3
U1997,Sebze Graten,7,4.5
U1997,Domates Çorbası,6,4.4
U1997,Pirinç Pilavı,3,5.0
U1997,Sigara Böreği,7,3.3
U1997,Aşure,3,3.5
U1997,Tavuk Döner,12,3.7
U1997,Mercimek Köftesi,14,4.1
U1997,Tavuk Şiş,10,3.1
U1997,Düğün Çorbası,13,3.1
U1997,Tavuk Sote,8,3.0
U1997,Ton Balıklı Salata,2,4.6
U1997,Patates Kızartması,9,3.6
U1998,İmambayıldı,2,3.4
U1998,Mercimek Çorbası,6,3.5
U1998,Zeytinyağlı Enginar,13,4.7
U1998,Ezogelin Çorbası,15,4.5
U1998,Revani,11,4.1
U1998,Kadınbudu Köfte,2,4.6
U1998,Zeytinyağlı Taze Fasulye,3,4.0
U1998,Nohut,12,4.4
U1998,Et Döner,10,3.5
U1998,Sebze Graten,12,3.9
U1998,Tavuk Döner,13,3.4
U1998,Su Böreği,8,3.7
U1998,Izgara Balık,7,4.8
U1998,Pirinç Pilavı,2,4.8
U1998,Kuru Fasulye,14,3.4
U1998,Patates Püresi,3,3.8
U1998,Makarna,15,4.9
U1998,Piliç Topkapı,3,4.7
U1998,Zeytinyağlı Sarma,10,3.2
U1999,Sigara Böreği,14,4.0
U1999,Kadınbudu Köfte,12,4.8
U1999,İrmik Helvası,9,4.6
U1999,Patates Kızartması,1,4.2
U1999,Aşure,3,3.3
U1999,Mercimek Çorbası,4,3.3
U1999,Rus Salatası,4,5.0
U1999,Tavuk Suyu Çorbası,13,3.8
U1999,Tavukgöğsü,7,3.3
U1999,Güllaç,5,4.0
U1999,Kuru Fasulye,12,4.3
U1999,Zeytinyağlı Taze Fasulye,4,3.9
U1999,Sebze Graten,5,4.6
U1999,Hamsi Tava,1,3.7
U1999,Tas Kebabı,15,4.5
U1999,Zeytinyağlı Sarma,2,4.2
